Customer_ID,Account_Age,Segment,Trades_7D,Trades_30D,Login_7D,Login_30D,Deposits,Withdrawals,Portfolio_Value,Invested_Amount,Avg_Trade_Return,Win_Rate,Drawdown,Email_Open_Rate,Push_Click_Rate,Exit_Label
CID00001,44,Active Trader,14,52,12,36,15458.21,2613.71,89609.35,89842.04,-0.01718,0.7094,0.0696,0.4168,0.2287,1
CID00002,19,Retail,1,8,4,11,2348.05,1320.17,9727.95,8486.15,-0.00615,0.5921,0.1689,0.3264,0.0873,0
CID00003,27,Active Trader,21,61,12,39,36167.26,4012.57,86685.22,66837.8,-0.00049,0.6078,0.1923,0.1637,0.149,0
CID00004,47,HNI,4,17,1,14,569381.12,71703.49,985465.11,1063615.77,0.00722,0.4852,0.0418,0.0791,0.3107,1
CID00005,25,Retail,2,8,2,11,3721.61,964.3,15582.64,13657.77,0.02725,0.627,0.0889,0.1031,0.0955,1
CID00006,26,Retail,1,3,2,10,2999.64,899.25,6960.22,5512.95,-0.00727,0.4702,0.0296,0.2647,0.0707,0
CID00007,37,Retail,1,6,8,10,5200.6,3598.29,18184.49,17223.01,0.03044,0.4182,0.1247,0.0789,0.2525,0
CID00008,25,Active Trader,16,48,12,42,302926.38,108101.5,141567.71,147097.68,0.01224,0.419,0.0183,0.416,0.1485,0
CID00009,17,Retail,3,8,1,16,1439.2,628.37,5794.67,3726.85,-0.01137,0.9106,0.0396,0.1145,0.1285,0
CID00010,36,Active Trader,17,76,8,30,24434.14,4954.38,85671.86,79004.58,-0.00484,0.6195,0.188,0.3951,0.2382,1
CID00011,49,Active Trader,17,66,17,47,21261.67,1177.97,151336.21,173246.34,0.00205,0.4324,0.273,0.5512,0.0377,0
CID00012,33,Retail,1,4,3,12,3392.86,1462.05,12590.31,11359.49,-0.02656,0.2677,0.2456,0.219,0.2901,1
CID00013,25,HNI,6,24,3,12,158966.35,32179.65,439554.88,473721.27,0.03214,0.4638,0.1657,0.5805,0.3329,0
CID00014,16,Retail,0,13,3,16,3914.27,537.15,27900.0,22584.77,0.0194,0.3412,0.1333,0.1395,0.3113,1
CID00015,4,Active Trader,18,60,13,29,59798.44,25748.54,271315.37,228070.74,0.01132,0.7799,0.115,0.4616,0.1554,0
CID00016,25,Active Trader,22,47,18,36,11682.99,7070.16,91590.13,65348.05,0.03961,0.3318,0.0951,0.4206,0.3932,0
CID00017,9,Retail,1,7,4,12,2668.43,791.64,23472.53,19859.56,0.01244,0.6925,0.0834,0.2191,0.0737,0
CID00018,11,Retail,3,6,3,14,9311.94,1012.48,30097.66,32385.95,-0.00503,0.5355,0.1808,0.3513,0.0572,0
CID00019,37,Active Trader,13,68,12,49,26662.65,5634.25,104884.27,96069.82,0.01977,0.3217,0.0525,0.0685,0.291,0
CID00020,63,HNI,4,19,5,13,285941.86,33405.5,1026188.49,804735.05,-0.00983,0.4185,0.2309,0.5115,0.102,0
CID00021,62,Active Trader,21,62,11,39,117991.16,23294.82,112013.15,104877.89,0.00163,0.3789,0.0858,0.2585,0.0756,1
CID00022,20,Retail,1,5,4,10,1340.5,93.53,6617.58,4483.22,-0.01261,0.3173,0.0996,0.753,0.0412,1
CID00023,20,Retail,1,3,2,16,1386.07,260.41,7143.73,6816.55,-0.00141,0.5185,0.2127,0.0925,0.3285,0
CID00024,16,Retail,1,8,4,14,21930.46,1349.23,50980.95,37862.68,-0.01068,0.668,0.2804,0.3462,0.5271,0
CID00025,12,Active Trader,21,61,15,42,23884.59,6757.72,77372.82,72090.86,0.00348,0.7607,0.2617,0.0912,0.1933,0
CID00026,13,Retail,3,7,2,16,3095.65,539.99,18069.58,19958.26,0.00279,0.4414,0.1951,0.3262,0.3372,0
CID00027,43,Retail,2,9,8,8,4095.54,367.06,18967.89,17008.89,-0.02501,0.5071,0.0234,0.0911,0.2027,0
CID00028,77,Active Trader,14,67,11,44,13990.96,7820.59,62023.72,42912.27,-0.00655,0.6062,0.2438,0.571,0.2136,0
CID00029,40,Retail,2,14,8,18,3097.59,1642.66,19119.08,15390.45,0.00443,0.7373,0.2223,0.2877,0.1383,0
CID00030,27,Retail,1,8,2,12,48261.27,3131.56,77805.13,87892.22,0.03222,0.5998,0.0216,0.3416,0.4026,0
CID00031,80,HNI,5,20,9,9,120755.8,83993.92,638292.76,714242.42,-0.00615,0.4383,0.2641,0.4225,0.3541,0
CID00032,27,Active Trader,18,65,12,37,8421.25,1166.76,18093.07,16826.76,-0.00022,0.6341,0.1991,0.2371,0.2989,0
CID00033,24,Active Trader,19,59,12,29,57077.66,28396.43,129999.28,135322.81,0.01184,0.4757,0.0741,0.1295,0.1686,0
CID00034,20,Retail,0,11,6,14,2987.79,1709.5,5797.21,6246.78,-0.03873,0.2208,0.0276,0.4692,0.3448,1
CID00035,31,Retail,1,8,2,4,1482.32,79.03,4121.09,4351.4,0.01774,0.5993,0.1477,0.8077,0.4438,0
CID00036,14,Retail,3,10,8,16,43281.63,4236.86,101846.81,109737.72,0.02464,0.5852,0.1296,0.1979,0.0524,0
CID00037,8,HNI,4,16,8,10,47751.63,19150.64,335746.87,214964.54,-0.00731,0.557,0.0975,0.0625,0.1243,0
CID00038,18,Active Trader,12,60,12,42,44268.51,9107.63,190715.84,157808.2,-0.00594,0.4009,0.212,0.3468,0.102,0
CID00039,89,HNI,2,20,4,16,144985.2,9370.88,842127.31,714521.63,0.01253,0.7451,0.2503,0.2239,0.1526,0
CID00040,24,Retail,1,9,3,13,1666.44,543.63,11896.76,7580.46,0.01314,0.4712,0.0773,0.0522,0.1778,0
CID00041,30,Active Trader,19,58,13,51,55803.82,13039.72,140451.18,139019.92,0.00801,0.5236,0.1457,0.1166,0.328,0
CID00042,55,Active Trader,13,45,11,40,95280.38,18219.06,137625.12,92606.37,0.013,0.4829,0.0427,0.3493,0.214,0
CID00043,14,Retail,3,8,2,11,5127.61,544.96,17292.43,16958.49,0.00675,0.8112,0.0405,0.1734,0.1767,0
CID00044,38,HNI,6,25,5,14,35946.01,18774.13,183208.81,149674.63,0.00755,0.3229,0.0836,0.0933,0.1885,0
CID00045,28,Retail,4,12,5,9,6297.88,1451.97,12502.92,12758.04,0.0177,0.6278,0.1066,0.2086,0.2242,1
CID00046,31,Retail,3,7,3,13,6895.9,3078.9,30325.69,31835.36,-0.00372,0.7254,0.0312,0.1932,0.0544,0
CID00047,21,Active Trader,19,67,13,43,7628.3,1825.65,22790.88,22725.68,0.0323,0.2206,0.2019,0.3545,0.2698,0
CID00048,14,Retail,1,11,3,18,12502.36,3189.33,23640.71,19908.07,0.01949,0.216,0.1044,0.1809,0.0563,0
CID00049,1,HNI,2,15,3,17,147208.76,41367.59,662288.84,663103.14,-0.00721,0.4245,0.1281,0.084,0.1323,0
CID00050,72,HNI,5,14,5,7,112572.08,63328.96,683013.86,507538.57,0.01055,0.3749,0.1923,0.034,0.2247,0
CID00051,14,Retail,2,4,4,18,4304.56,460.79,11621.9,8025.95,0.00701,0.7343,0.2699,0.3483,0.1043,0
CID00052,47,Active Trader,19,71,14,33,13427.69,2980.18,78093.12,54768.55,0.03089,0.3637,0.1379,0.1199,0.4027,0
CID00053,21,Retail,0,7,6,16,28627.84,5489.37,62615.99,49891.73,0.01186,0.4362,0.1897,0.2234,0.1336,0
CID00054,4,Retail,1,8,8,12,11547.42,570.29,29158.57,30139.64,-0.00966,0.6306,0.1273,0.0526,0.413,0
CID00055,30,Retail,2,9,6,15,11926.57,2457.77,45220.63,41886.6,0.01574,0.5814,0.1003,0.1238,0.0923,0
CID00056,62,HNI,3,7,6,8,62290.31,30871.99,467202.31,401733.88,0.03252,0.5686,0.1151,0.302,0.1752,0
CID00057,16,Retail,1,4,5,15,5925.76,968.67,24771.14,18372.36,0.01355,0.3321,0.0285,0.4911,0.2167,1
CID00058,77,HNI,9,19,4,19,475434.51,309253.06,1304948.74,1279986.45,-0.02125,0.491,0.0555,0.2631,0.1518,0
CID00059,16,Retail,0,11,5,15,5449.58,1758.08,21773.27,19116.94,0.02242,0.4793,0.057,0.2882,0.0526,0
CID00060,3,Active Trader,14,61,14,48,69401.13,14598.74,421619.22,366342.33,0.00213,0.4163,0.0262,0.2287,0.0483,1
CID00061,40,Active Trader,14,69,11,42,8037.45,1452.18,18145.51,15800.73,0.00038,0.2571,0.0582,0.2283,0.1319,0
CID00062,51,Active Trader,19,60,11,28,64146.13,24960.41,163991.04,165181.92,0.00445,0.5316,0.1687,0.2127,0.1436,0
CID00063,9,Retail,4,7,6,11,4098.56,1651.35,11959.19,9023.84,-0.01021,0.4402,0.0542,0.5095,0.2347,0
CID00064,40,Retail,3,5,7,16,1589.63,814.45,7504.84,7981.33,-0.01762,0.5675,0.1032,0.1623,0.3836,0
CID00065,51,HNI,7,16,2,18,1172077.75,147893.94,2577379.27,2794101.31,-0.01092,0.4738,0.1823,0.0191,0.2155,0
CID00066,40,Retail,0,5,4,17,17937.37,5283.91,24260.52,27579.54,0.00245,0.3745,0.0115,0.1354,0.1602,1
CID00067,29,HNI,6,18,2,13,126740.15,21300.49,503925.22,356632.01,0.00677,0.7523,0.0776,0.3152,0.5365,0
CID00068,20,Retail,0,13,5,11,8344.63,265.32,31517.22,23104.88,0.00169,0.5598,0.0502,0.3077,0.1475,0
CID00069,1,Retail,1,4,1,19,2538.09,1379.2,4948.15,5112.19,0.02826,0.4413,0.1283,0.2437,0.1067,0
CID00070,9,Active Trader,23,64,14,48,20627.37,7905.18,97883.94,90554.55,0.00278,0.5933,0.1752,0.0237,0.044,1
CID00071,6,Retail,5,7,2,15,7300.36,4296.52,18008.79,13805.75,-0.03064,0.5189,0.1326,0.3276,0.254,0
CID00072,15,Retail,1,5,8,14,10016.58,3078.14,33928.8,26801.65,-0.00389,0.4499,0.0403,0.2642,0.051,0
CID00073,33,Retail,1,7,2,16,44760.31,7631.69,53597.78,56709.49,-0.00041,0.2781,0.0778,0.3641,0.1104,1
CID00074,14,Retail,3,4,4,24,776.09,123.65,5029.37,4117.48,0.01383,0.5193,0.0029,0.2098,0.0411,0
CID00075,19,Retail,2,5,2,17,3563.95,970.92,6009.85,6771.12,-0.00906,0.578,0.1146,0.0903,0.2804,0
CID00076,70,HNI,5,16,6,13,235783.6,95015.22,763427.29,542151.79,0.00438,0.3274,0.0336,0.3312,0.0674,0
CID00077,19,Retail,1,10,4,13,4426.49,309.23,17609.47,11248.41,-0.0007,0.5699,0.134,0.1504,0.0434,0
CID00078,10,Retail,2,5,6,14,11910.24,2875.69,24093.18,16594.17,-0.00988,0.4302,0.1404,0.1648,0.3154,0
CID00079,19,Retail,0,12,4,13,6427.86,430.5,21159.33,21921.42,-0.0044,0.5943,0.216,0.2908,0.0982,0
CID00080,14,Retail,2,10,8,15,25358.94,2345.29,45145.82,44686.29,-0.01234,0.7186,0.0572,0.3548,0.0413,1
CID00081,14,Retail,2,8,1,11,13486.08,5067.65,43635.23,42797.32,-0.01947,0.3351,0.0212,0.4789,0.2484,0
CID00082,28,Retail,1,3,5,17,2605.76,797.1,12508.52,8158.12,0.00774,0.4192,0.2036,0.2828,0.0458,0
CID00083,68,HNI,7,20,3,16,77786.5,32177.08,206898.6,148222.1,0.00914,0.5607,0.1618,0.4183,0.533,1
CID00084,19,Retail,0,9,4,20,2547.95,918.97,5861.83,6487.4,-0.00375,0.4388,0.1043,0.3044,0.2659,0
CID00085,20,Retail,0,4,4,8,2639.97,761.78,18156.83,20611.49,0.00823,0.2254,0.1347,0.7858,0.4969,1
CID00086,50,HNI,8,21,5,13,126523.22,24330.05,680062.82,579506.88,0.03256,0.5077,0.2501,0.5996,0.5205,0
CID00087,15,Retail,2,8,1,15,3038.47,858.52,11273.27,8120.03,-0.00477,0.8127,0.1863,0.3583,0.2415,0
CID00088,1,Active Trader,16,63,12,26,13084.68,1164.24,95671.89,80028.76,0.00332,0.1053,0.0861,0.1603,0.186,1
CID00089,15,Retail,0,5,7,17,13154.88,1175.1,29341.64,30075.89,0.01958,0.4633,0.0717,0.3085,0.0551,0
CID00090,6,Retail,4,4,6,12,3293.86,631.04,28545.24,19489.54,0.02235,0.4678,0.0993,0.3794,0.0144,0
CID00091,52,Active Trader,24,56,7,39,38537.2,16397.7,106300.75,83890.08,0.01303,0.4744,0.1539,0.5358,0.1093,0
CID00092,39,HNI,7,14,4,13,173265.18,92003.01,788352.24,671566.49,0.00904,0.576,0.2766,0.3095,0.1888,0
CID00093,21,Retail,4,6,2,18,3382.64,986.12,12515.86,8310.5,0.00882,0.6386,0.1483,0.208,0.2529,0
CID00094,99,HNI,7,19,1,24,475739.15,147160.42,1935407.09,2038872.67,0.00206,0.2512,0.1664,0.1186,0.3175,0
CID00095,4,Retail,1,2,3,26,2610.15,1306.74,34818.78,26774.56,0.00241,0.4057,0.0327,0.4837,0.1691,0
CID00096,16,Retail,1,8,3,17,6404.44,391.88,22766.84,17106.58,-0.01456,0.1286,0.1288,0.4289,0.1504,1
CID00097,18,Retail,2,9,2,15,10166.27,2197.01,24995.29,15473.83,-0.00526,0.349,0.0269,0.1778,0.2154,0
CID00098,43,Retail,4,7,1,15,5781.55,2000.77,37449.86,27681.61,-0.00075,0.7728,0.1182,0.2642,0.6533,0
CID00099,39,Active Trader,19,73,8,36,21519.99,11034.95,104193.12,65405.07,0.00629,0.4857,0.1494,0.2306,0.0345,1
CID00100,30,HNI,2,21,1,14,69717.87,7649.99,430630.7,280741.24,-0.02829,0.4415,0.1901,0.039,0.1088,0
CID00101,94,HNI,3,19,7,11,40126.16,10050.74,163949.68,177146.02,0.01025,0.4147,0.3244,0.1594,0.0477,0
CID00102,44,Active Trader,19,57,12,44,86088.52,54401.09,392230.51,289768.75,-0.0114,0.6171,0.2184,0.0717,0.2786,1
CID00103,30,Retail,2,7,7,13,5185.56,691.32,23428.89,18926.13,-0.00138,0.522,0.2932,0.6857,0.2927,0
CID00104,12,Retail,4,10,1,14,850.44,284.45,6237.92,4234.98,-0.00485,0.4648,0.1875,0.3482,0.231,1
CID00105,19,Retail,4,7,5,13,1606.74,337.48,6908.2,4328.67,-0.01483,0.4883,0.1429,0.0099,0.0698,0
CID00106,52,Retail,3,4,5,15,6639.97,3001.46,34117.61,21384.31,0.00566,0.1897,0.1606,0.0892,0.1881,0
CID00107,10,Retail,2,8,5,16,2437.62,1114.91,7709.85,7943.72,-0.01353,0.1551,0.0265,0.2016,0.3334,0
CID00108,68,HNI,5,17,2,14,201819.83,6238.8,708271.23,728893.93,0.00749,0.563,0.0595,0.0173,0.1423,0
CID00109,30,Active Trader,15,62,13,30,80735.53,40486.39,247307.71,250380.0,-0.00977,0.5085,0.227,0.2418,0.0488,0
CID00110,39,Retail,2,10,5,13,4786.45,2778.74,17653.53,12734.52,0.01295,0.3004,0.0693,0.1759,0.1127,0
CID00111,48,HNI,8,20,4,22,147004.92,22134.47,653735.83,567047.52,0.01286,0.4377,0.1853,0.1392,0.302,0
CID00112,25,Retail,2,12,2,23,14781.89,1469.35,18713.83,19967.73,0.01895,0.2286,0.0616,0.1412,0.1507,0
CID00113,1,Retail,3,10,2,10,77051.14,45351.35,46818.62,50749.19,0.01419,0.3661,0.1457,0.2854,0.0355,0
CID00114,36,Retail,1,12,0,13,11333.65,7254.81,60010.46,47269.31,-0.01196,0.3138,0.0568,0.4586,0.3315,0
CID00115,13,Retail,0,5,3,19,5369.56,1508.33,17161.27,19295.64,-0.00088,0.4322,0.0689,0.2515,0.0383,0
CID00116,31,Retail,2,5,4,17,21323.44,1684.81,70030.89,70500.66,0.02173,0.2826,0.1585,0.2818,0.0776,1
CID00117,18,Active Trader,23,59,8,49,11419.81,528.02,79442.17,56259.24,0.00173,0.6459,0.0717,0.1054,0.082,0
CID00118,20,Retail,1,10,5,13,5973.04,985.18,32155.34,22152.84,-0.00412,0.6176,0.2053,0.4636,0.1588,1
CID00119,52,HNI,4,21,7,16,610403.64,89492.69,1405942.68,883206.02,-0.00105,0.6789,0.1802,0.1787,0.1447,0
CID00120,49,Active Trader,17,69,17,33,11867.08,3066.77,26841.01,25677.6,-0.00471,0.6745,0.0711,0.271,0.0451,0
CID00121,24,Retail,5,9,2,13,7552.95,439.92,40744.32,30248.48,-0.02153,0.5951,0.0452,0.2702,0.1047,0
CID00122,19,Retail,1,6,2,9,3700.17,2145.4,11039.17,12527.84,0.00308,0.6621,0.0758,0.3324,0.1849,0
CID00123,28,Retail,2,9,0,24,22592.73,592.45,49656.02,48934.82,-0.0041,0.4551,0.0384,0.347,0.3568,0
CID00124,36,Retail,2,4,3,17,2395.64,622.0,9963.09,10957.95,0.00519,0.4447,0.1252,0.3678,0.1396,0
CID00125,39,Active Trader,14,66,11,43,29976.23,5760.29,132213.93,105754.24,-0.0034,0.4509,0.104,0.3718,0.0893,0
CID00126,55,Retail,1,6,2,13,1464.53,282.1,18139.39,12559.91,0.00204,0.4722,0.2084,0.2534,0.1816,0
CID00127,28,Retail,1,5,5,19,4649.22,105.02,13097.0,14858.74,0.00253,0.2631,0.0314,0.0452,0.1089,0
CID00128,81,HNI,4,9,1,13,354731.26,69350.85,625768.56,683128.65,0.01597,0.5424,0.0287,0.224,0.497,0
CID00129,28,Retail,1,9,6,11,774.43,144.77,5202.58,4647.61,0.01986,0.5661,0.1359,0.4379,0.0974,0
CID00130,5,Retail,0,5,4,11,6260.72,3334.12,20997.09,16305.26,0.00618,0.4169,0.0674,0.1142,0.1016,0
CID00131,46,HNI,7,10,7,12,62050.11,21795.13,372461.87,350534.73,-0.00484,0.3034,0.256,0.1392,0.3667,0
CID00132,47,Retail,0,6,5,17,994.01,188.39,4227.13,3883.14,0.02978,0.5678,0.0794,0.3096,0.4113,0
CID00133,26,Active Trader,20,49,9,35,8084.01,3818.72,134181.85,88207.42,0.00955,0.4128,0.1459,0.1201,0.2267,0
CID00134,49,Active Trader,25,40,12,39,61394.18,23666.44,141199.44,160394.32,0.01961,0.5835,0.0919,0.0169,0.437,0
CID00135,29,Active Trader,20,54,9,34,26950.81,4054.62,106057.77,114365.57,0.00701,0.3378,0.0945,0.0849,0.2328,1
CID00136,37,Active Trader,21,53,7,43,11517.46,495.54,65164.66,68469.98,0.01099,0.7894,0.1459,0.3819,0.2602,0
CID00137,44,Active Trader,13,60,9,45,21296.18,6503.52,37192.17,41911.26,0.026,0.2572,0.1631,0.2826,0.0534,0
CID00138,21,Retail,1,3,3,16,9083.52,1745.31,38268.34,26512.77,0.01951,0.7983,0.2374,0.4241,0.2357,1
CID00139,7,Retail,2,7,5,13,14447.35,1513.09,41582.76,43213.04,0.01383,0.3728,0.2503,0.0861,0.4223,0
CID00140,45,Retail,0,8,1,14,3499.93,277.46,22277.21,15029.55,0.01778,0.3073,0.2291,0.0696,0.0083,0
CID00141,59,Active Trader,11,70,9,36,52457.46,19356.32,188817.71,155966.9,0.00484,0.7215,0.0952,0.814,0.064,0
CID00142,42,Active Trader,20,60,13,40,70604.92,10289.66,238724.03,170907.24,0.02484,0.4562,0.1013,0.8006,0.1395,0
CID00143,33,Retail,1,9,3,11,2400.73,920.94,9321.03,7519.29,0.00053,0.4535,0.0739,0.5693,0.1194,0
CID00144,34,Active Trader,20,57,16,54,23826.92,5688.6,117027.5,92004.54,0.00342,0.5346,0.1592,0.3065,0.106,1
CID00145,41,Retail,2,9,4,13,6609.14,2353.73,22699.57,25258.87,0.02056,0.6682,0.0995,0.2643,0.096,0
CID00146,14,Retail,1,11,6,11,16555.69,2695.7,39242.78,37341.9,-0.00064,0.6312,0.1108,0.5508,0.0601,0
CID00147,69,Active Trader,14,67,13,45,33139.56,5500.12,140774.44,113681.23,-0.0101,0.4012,0.2126,0.41,0.2841,0
CID00148,54,Active Trader,13,57,12,38,128342.26,9390.19,242194.17,277074.71,0.02505,0.6845,0.0751,0.1675,0.1784,0
CID00149,24,Retail,1,5,3,14,14382.07,2519.4,44205.18,29831.02,-0.00073,0.5057,0.1009,0.2932,0.3019,1
CID00150,26,Retail,2,5,2,9,8499.13,1287.53,30114.21,20649.87,-0.00267,0.3961,0.0803,0.1619,0.1388,0
CID00151,15,HNI,7,22,2,12,91650.32,20238.19,340050.22,274858.12,-0.0029,0.8771,0.1635,0.1753,0.4673,0
CID00152,37,Active Trader,19,65,11,38,8767.32,3764.58,59294.96,54846.44,0.00046,0.6416,0.2027,0.0951,0.2761,0
CID00153,3,Retail,3,7,2,16,6901.54,339.81,14638.95,13004.37,0.00142,0.263,0.0112,0.1832,0.0863,1
CID00154,24,Retail,4,6,6,19,8255.11,1212.81,27663.25,27396.45,-0.0063,0.289,0.0501,0.4295,0.1951,0
CID00155,35,Active Trader,16,60,4,48,65786.27,21839.47,133308.96,144685.9,0.00447,0.6496,0.2486,0.2357,0.055,0
CID00156,74,HNI,2,21,4,15,185617.56,70192.13,286867.51,285948.68,-0.00659,0.771,0.1562,0.1092,0.171,0
CID00157,25,Retail,1,5,4,16,22205.21,6129.78,38750.65,40809.98,-0.00088,0.648,0.045,0.1357,0.2063,1
CID00158,29,Active Trader,14,67,10,41,40904.47,10666.94,108721.14,112044.39,-0.01365,0.3463,0.3021,0.1472,0.0328,0
CID00159,24,Retail,2,6,2,20,2686.58,160.88,27403.02,25268.6,-0.00153,0.8516,0.1371,0.0723,0.3003,0
CID00160,39,Retail,3,7,1,17,3810.2,659.55,16822.69,17023.71,0.0042,0.3932,0.0875,0.0173,0.1307,0
CID00161,72,HNI,6,17,5,10,159900.52,5119.53,926471.39,823234.47,0.01318,0.3426,0.0181,0.0573,0.055,0
CID00162,29,Active Trader,23,64,11,41,8632.06,1600.28,53736.97,56114.09,-0.01219,0.4639,0.2495,0.2311,0.1411,0
CID00163,44,Retail,3,5,3,8,19444.77,9842.37,63461.94,70535.22,-0.01077,0.3235,0.0839,0.3534,0.2715,0
CID00164,1,Retail,2,8,3,13,2620.19,320.38,12608.83,11434.11,0.00363,0.4426,0.098,0.0174,0.0607,0
CID00165,42,Active Trader,9,53,11,45,26011.57,6306.95,67662.42,55426.57,-0.00677,0.3385,0.0323,0.2672,0.0888,0
CID00166,48,Active Trader,25,49,18,38,26343.53,7575.58,88804.57,57630.2,-0.01815,0.2469,0.1392,0.3686,0.071,1
CID00167,13,Active Trader,14,54,9,39,15402.33,7000.53,54389.26,51180.33,0.00144,0.4142,0.0725,0.0959,0.0306,1
CID00168,70,HNI,5,14,2,16,278849.88,85687.37,905028.37,783470.78,-0.00016,0.4509,0.0383,0.46,0.1885,0
CID00169,25,Retail,3,10,3,13,3799.03,429.94,14389.61,10443.53,0.01503,0.7211,0.125,0.2809,0.0496,0
CID00170,12,Retail,0,6,2,18,2438.25,977.26,11759.34,7594.87,0.0042,0.4497,0.1024,0.1062,0.2102,0
CID00171,81,Active Trader,17,54,12,46,21061.07,960.46,96762.38,66158.91,0.00305,0.3183,0.0039,0.1944,0.0608,0
CID00172,24,Retail,1,6,6,15,8925.13,2678.94,38256.12,37200.31,0.00974,0.5324,0.2128,0.2738,0.1306,0
CID00173,30,Retail,3,8,4,16,6866.97,1994.0,32498.03,26932.82,-0.00816,0.6975,0.1493,0.1149,0.0634,0
CID00174,51,HNI,6,23,4,17,242036.89,192535.23,838160.16,946535.04,-0.01818,0.6532,0.2308,0.3855,0.4344,1
CID00175,86,Active Trader,16,60,19,35,28876.85,10518.84,135369.28,121557.31,0.00503,0.7036,0.0197,0.4367,0.1618,0
CID00176,57,HNI,7,23,7,13,142338.06,37431.58,1053548.39,637523.9,-0.01422,0.2479,0.0106,0.1223,0.2159,0
CID00177,53,HNI,6,18,4,9,793423.76,341902.12,1584817.31,997590.37,-0.00378,0.6136,0.1883,0.225,0.2066,0
CID00178,64,HNI,6,9,7,13,58805.8,12360.66,275397.42,238300.26,0.01065,0.4059,0.3679,0.1967,0.2752,0
CID00179,88,HNI,2,18,3,16,694901.66,158607.58,3692508.29,2599498.92,0.00641,0.6692,0.229,0.2382,0.0409,0
CID00180,1,Retail,1,6,4,12,23376.77,1648.59,69949.56,55958.69,0.02242,0.2161,0.01,0.2993,0.1163,0
CID00181,39,Active Trader,18,54,13,34,20894.96,666.57,38101.98,37697.01,-0.0188,0.6566,0.2152,0.4938,0.3442,0
CID00182,55,Active Trader,19,49,10,48,13128.94,8520.9,86802.15,75776.33,0.01366,0.7225,0.1266,0.0825,0.3073,0
CID00183,25,Retail,1,7,2,10,619.4,204.58,3459.1,3141.53,-0.00392,0.6543,0.1101,0.1861,0.0352,0
CID00184,37,Retail,0,5,0,10,15945.2,1961.57,43516.67,28823.83,0.00541,0.5271,0.0371,0.0776,0.1897,0
CID00185,38,Retail,1,6,6,14,2666.61,1069.75,8279.1,5771.98,0.00198,0.46,0.3194,0.2317,0.1365,0
CID00186,17,Retail,1,8,3,12,998.52,131.03,5960.21,4116.09,0.00912,0.5385,0.24,0.1957,0.1389,0
CID00187,39,Active Trader,20,64,15,37,14090.49,915.09,81547.97,82442.84,0.0088,0.1638,0.0163,0.1535,0.1752,0
CID00188,10,Retail,1,7,4,13,59561.36,21982.55,82215.14,55710.57,0.01093,0.2876,0.0214,0.3078,0.0247,1
CID00189,36,Active Trader,17,71,19,37,70004.92,5454.9,352083.74,348499.91,0.03714,0.3515,0.2714,0.172,0.1307,0
CID00190,18,Retail,4,8,3,13,10944.86,641.33,39327.27,29154.24,-0.00691,0.2248,0.1119,0.4789,0.061,0
CID00191,53,Active Trader,9,56,8,37,9296.33,2486.25,157722.33,120289.15,0.01861,0.438,0.027,0.2963,0.0194,0
CID00192,32,Retail,3,7,6,16,971.52,470.54,10776.51,7357.9,-0.00507,0.6036,0.1598,0.2843,0.1185,0
CID00193,18,Retail,4,7,3,15,1323.5,552.93,3773.52,3018.56,-0.00284,0.4657,0.0233,0.2076,0.2475,0
CID00194,8,Retail,1,5,3,20,18550.28,9616.7,70196.67,72384.97,0.03511,0.7305,0.0571,0.5034,0.037,0
CID00195,69,HNI,3,22,6,16,185914.2,9381.63,959554.16,792378.38,0.00152,0.2962,0.1979,0.5039,0.1538,0
CID00196,77,HNI,7,15,2,17,143272.18,113046.25,723604.53,566837.28,-0.01606,0.3338,0.0788,0.383,0.2317,0
CID00197,47,Retail,1,2,5,25,1331.01,232.92,6172.67,6185.67,-0.02306,0.4179,0.1465,0.3948,0.2575,0
CID00198,43,Retail,0,6,5,11,6450.21,404.08,24590.85,16149.57,-0.00292,0.5437,0.1227,0.4064,0.479,0
CID00199,8,Retail,2,3,1,15,2970.72,939.55,36085.65,22959.16,0.0132,0.7428,0.1508,0.1696,0.2855,0
CID00200,61,Active Trader,21,56,9,50,24639.85,2051.16,84148.19,77814.72,0.0308,0.7904,0.2215,0.2843,0.0568,0
CID00201,1,Retail,2,7,4,10,1968.08,293.39,11976.84,7644.88,0.01126,0.4187,0.1641,0.5236,0.13,1
CID00202,1,Retail,2,5,10,14,13418.93,1789.82,57317.55,42923.45,0.00731,0.6333,0.2914,0.3322,0.2506,0
CID00203,36,Active Trader,22,49,11,45,19931.63,16992.09,80697.73,58777.64,0.01183,0.3882,0.0941,0.4575,0.2334,1
CID00204,27,Retail,4,4,5,13,3206.38,925.48,11706.08,7600.73,0.02583,0.4323,0.1386,0.1321,0.1143,0
CID00205,28,Active Trader,15,63,8,41,21275.94,3831.99,61702.09,66288.95,-0.00418,0.5786,0.2653,0.0542,0.3505,0
CID00206,51,Active Trader,20,79,18,45,2712.45,70.18,14834.63,11307.13,-0.00425,0.67,0.1124,0.1139,0.3534,0
CID00207,23,Active Trader,16,59,11,33,42243.19,20344.52,169771.1,128748.25,0.02009,0.4401,0.2343,0.4468,0.3306,0
CID00208,32,Retail,0,8,8,13,26148.98,9073.0,52528.15,43016.89,-0.00234,0.3905,0.0436,0.352,0.1593,1
CID00209,1,Retail,4,9,6,8,9833.82,3420.88,29053.49,25630.77,-0.01886,0.6899,0.1771,0.1563,0.0338,0
CID00210,76,Active Trader,17,65,8,34,12702.83,5364.31,52295.76,48757.57,-0.03089,0.1382,0.0372,0.0263,0.1911,1
CID00211,13,Retail,1,6,2,16,1256.67,171.37,6657.95,4214.75,-0.00789,0.5427,0.3169,0.3629,0.1166,0
CID00212,12,Retail,4,8,3,13,4863.25,1436.24,22126.88,22081.95,0.02718,0.2954,0.0693,0.3785,0.1596,0
CID00213,11,Retail,1,8,3,22,3229.17,449.18,12505.93,14091.8,0.02003,0.2819,0.0171,0.0466,0.2547,1
CID00214,43,Active Trader,15,69,15,31,8985.61,1812.71,59752.88,50222.59,0.01847,0.4041,0.1742,0.7377,0.3345,1
CID00215,48,Active Trader,27,60,18,41,4840.14,1158.23,48375.29,35999.06,0.00693,0.6068,0.163,0.1856,0.0598,0
CID00216,52,Retail,2,3,2,10,17106.17,2798.65,55896.0,49085.53,0.00313,0.2256,0.2091,0.4822,0.1338,0
CID00217,29,Retail,4,9,2,15,2860.72,1132.58,15803.15,14510.8,-0.01646,0.6928,0.0774,0.4572,0.041,0
CID00218,35,Retail,3,4,5,9,2163.42,729.33,15817.69,16289.65,-0.00782,0.5052,0.2165,0.0862,0.0924,1
CID00219,24,Retail,2,9,4,12,10031.19,357.71,34440.18,36158.46,0.00663,0.2371,0.0345,0.6769,0.0754,0
CID00220,42,Retail,4,6,6,11,3233.93,1284.53,11244.18,7645.0,0.0245,0.4797,0.061,0.2963,0.2824,0
CID00221,20,Active Trader,24,57,15,44,10102.3,3659.07,74447.83,61007.93,-0.00138,0.4452,0.1361,0.5491,0.4663,0
CID00222,36,Active Trader,14,60,15,43,112708.42,37400.84,425671.07,464954.85,0.00421,0.7754,0.1651,0.1023,0.611,0
CID00223,59,HNI,6,15,1,11,175694.78,70153.67,372331.33,258028.27,0.02466,0.552,0.0334,0.0489,0.2839,0
CID00224,43,Active Trader,10,64,19,38,136318.03,101399.2,163312.05,182925.23,0.01709,0.8185,0.3141,0.3668,0.1021,0
CID00225,66,Active Trader,18,60,8,35,50395.26,7766.46,78345.3,62828.67,-0.00753,0.7653,0.0835,0.1712,0.1831,0
CID00226,57,HNI,3,11,7,11,88167.17,48560.1,556736.85,428893.88,-7e-05,0.4529,0.0829,0.4488,0.1512,0
CID00227,4,Retail,2,9,5,13,1734.5,563.86,11445.25,9069.49,0.01314,0.2723,0.15,0.4369,0.0919,1
CID00228,28,Retail,5,5,4,12,22117.87,1662.78,26088.55,27566.14,-0.02158,0.613,0.1826,0.1997,0.4289,0
CID00229,10,Active Trader,18,62,12,51,19117.94,598.31,69869.93,62473.54,0.00214,0.5252,0.1821,0.1666,0.3184,0
CID00230,16,Active Trader,16,65,10,42,13752.81,1264.39,52219.81,31357.9,0.00952,0.5818,0.187,0.5978,0.3772,0
CID00231,24,Retail,0,5,2,14,28131.78,6038.47,45020.52,35929.89,-0.0121,0.5155,0.1019,0.2293,0.0337,1
CID00232,33,Retail,2,8,5,21,4008.6,1720.65,25961.36,19692.12,-0.01475,0.3343,0.1497,0.1727,0.2001,1
CID00233,44,Retail,3,6,2,6,20088.94,1163.83,63114.75,66567.14,0.0063,0.6947,0.0913,0.1003,0.5605,1
CID00234,14,Retail,0,9,7,13,852.15,173.36,3935.01,2884.55,0.00207,0.4127,0.0793,0.4368,0.0934,0
CID00235,29,Active Trader,18,52,8,34,8978.85,1238.87,95398.59,82612.91,0.01138,0.2403,0.0512,0.0936,0.0533,1
CID00236,34,Retail,2,5,5,18,4891.61,3674.12,10949.67,7532.85,0.01257,0.2547,0.1703,0.4825,0.0136,0
CID00237,17,Retail,4,5,6,12,7096.18,1425.78,36343.71,26332.34,-0.00586,0.4525,0.1996,0.1759,0.1247,0
CID00238,28,Retail,3,9,2,11,3365.97,342.6,7581.62,8407.22,-0.02196,0.624,0.1368,0.3959,0.1065,0
CID00239,50,Active Trader,21,59,10,45,23333.61,2708.02,100239.96,66379.72,0.02709,0.698,0.1366,0.0682,0.3791,0
CID00240,44,HNI,5,13,4,13,183128.02,75378.1,898843.39,740417.85,-0.00794,0.7735,0.1354,0.2915,0.6431,0
CID00241,26,Retail,2,4,4,18,4033.46,1552.85,16016.48,17461.25,0.0369,0.6668,0.0979,0.3958,0.0876,1
CID00242,58,Retail,0,3,4,16,2868.08,962.69,13088.31,11256.42,0.01545,0.4745,0.2139,0.5192,0.0423,0
CID00243,67,HNI,6,22,3,22,57737.54,21448.72,551891.08,372381.54,-0.01288,0.8193,0.0781,0.594,0.1205,0
CID00244,32,Retail,1,6,8,20,1457.08,347.22,22744.88,13823.06,0.00138,0.742,0.2288,0.1751,0.4207,0
CID00245,2,Retail,4,7,2,13,12404.4,4039.67,31441.46,21426.53,-0.0029,0.5773,0.1436,0.1888,0.2555,0
CID00246,28,Retail,1,4,3,11,7918.85,3954.13,60541.42,43737.06,0.00877,0.4278,0.2076,0.5229,0.1701,0
CID00247,35,Retail,2,5,6,13,9785.2,2252.94,21030.69,17217.31,-0.03825,0.3633,0.01,0.1485,0.1626,1
CID00248,14,Retail,1,8,2,10,20351.14,4573.52,20598.5,21979.07,0.01697,0.5209,0.132,0.2369,0.2557,0
CID00249,51,Retail,3,8,2,16,6907.72,569.61,30315.53,31368.21,0.00179,0.3668,0.1234,0.362,0.2044,0
CID00250,1,Retail,3,3,3,12,2621.12,1163.7,10630.54,8906.09,0.00202,0.677,0.1903,0.1195,0.1425,1
CID00251,32,Active Trader,14,53,13,44,9429.7,4389.25,33819.9,33416.69,-0.01263,0.3167,0.1363,0.3197,0.1348,1
CID00252,14,Retail,4,11,8,19,6160.74,1913.52,28458.55,29927.32,0.00497,0.5549,0.2965,0.4259,0.197,0
CID00253,13,Retail,2,8,3,8,3433.45,336.41,9300.5,9640.38,-0.04275,0.6146,0.1242,0.5914,0.0494,0
CID00254,1,Retail,1,10,2,11,4324.96,630.05,17759.78,14273.11,0.01281,0.4811,0.0774,0.1984,0.0303,0
CID00255,14,Retail,3,10,3,22,2869.62,493.3,41996.48,41667.53,-0.00954,0.1523,0.3359,0.3952,0.1097,0
CID00256,11,Retail,3,4,7,9,7695.2,174.93,14848.67,12464.93,0.0079,0.6836,0.0392,0.3065,0.2877,0
CID00257,67,Active Trader,14,73,9,48,52967.14,5833.64,133270.06,120110.57,-0.01348,0.3858,0.0081,0.3804,0.1738,0
CID00258,53,Active Trader,17,66,9,49,38392.82,2989.3,135360.67,120316.85,0.00673,0.5324,0.1387,0.4529,0.3875,0
CID00259,62,Retail,1,5,5,12,8981.45,4746.65,19590.8,18100.31,0.00722,0.7163,0.1062,0.5438,0.0798,1
CID00260,42,Retail,0,2,4,16,3764.7,1138.0,11739.83,10627.6,0.01883,0.7304,0.0895,0.2346,0.0965,0
CID00261,71,HNI,5,21,2,16,30611.12,16256.28,515897.18,374511.92,0.0308,0.3579,0.3204,0.2471,0.3582,0
CID00262,47,Active Trader,16,56,7,37,43902.52,13815.46,98927.45,109249.37,0.00015,0.7252,0.0795,0.5282,0.1009,0
CID00263,52,Active Trader,23,53,10,41,28320.34,1371.23,112492.62,110824.19,0.00278,0.276,0.0879,0.3439,0.3286,0
CID00264,43,HNI,5,31,3,15,449598.92,215715.29,1526176.32,1151232.37,-0.00992,0.5923,0.1281,0.1902,0.1014,0
CID00265,36,Retail,4,5,4,8,2165.6,1037.6,13942.62,8978.23,-0.01081,0.3483,0.0568,0.225,0.0332,1
CID00266,15,Retail,1,7,4,15,2170.03,584.71,7614.13,8356.0,0.0077,0.8004,0.03,0.0937,0.4027,0
CID00267,37,Active Trader,14,64,13,40,67053.48,26432.83,107841.6,91865.79,0.01069,0.5774,0.222,0.7953,0.2243,0
CID00268,41,Active Trader,21,72,12,32,10859.84,3344.22,113345.52,110133.39,-0.01765,0.7422,0.1711,0.4485,0.4746,0
CID00269,6,Retail,2,4,5,5,3748.73,307.36,16937.74,10377.7,-0.00555,0.7375,0.0344,0.1015,0.2343,0
CID00270,23,Active Trader,15,66,15,46,6405.16,2134.69,76772.89,59344.27,0.00303,0.7747,0.0836,0.3974,0.0728,0
CID00271,61,Active Trader,15,64,8,50,10153.68,2254.83,37642.66,22961.53,-0.00665,0.395,0.0909,0.5506,0.1648,0
CID00272,37,Retail,2,11,3,15,5820.95,1205.22,33405.61,32392.01,-0.00202,0.2349,0.082,0.1187,0.3324,1
CID00273,46,Retail,1,6,7,13,1347.53,686.48,6298.2,6395.42,-0.00871,0.4211,0.372,0.6636,0.1475,0
CID00274,30,HNI,4,16,3,13,344032.29,159787.97,668804.3,530448.11,-0.00626,0.4531,0.0832,0.3763,0.088,0
CID00275,21,Active Trader,19,61,4,39,35862.71,13688.31,181848.94,133644.56,-0.0173,0.2564,0.0397,0.2444,0.0637,1
CID00276,44,Active Trader,27,59,16,47,82376.14,32885.27,254500.84,216383.78,0.01172,0.6542,0.0449,0.3513,0.0324,0
CID00277,37,Retail,4,11,5,13,5907.04,2441.6,27049.58,22072.96,0.00371,0.5756,0.1281,0.2897,0.2035,0
CID00278,56,HNI,3,11,6,22,212969.96,36341.82,364607.04,395474.14,5e-05,0.4181,0.119,0.2142,0.3512,0
CID00279,77,Retail,3,6,5,15,6950.97,287.65,26195.72,19985.78,0.01085,0.4817,0.0906,0.1117,0.354,0
CID00280,72,Active Trader,15,67,12,38,25793.96,2416.88,290676.06,200870.07,0.02225,0.6297,0.1324,0.1705,0.0899,0
CID00281,9,Retail,4,9,8,16,6188.6,1469.73,16738.17,16572.93,0.00811,0.5218,0.098,0.4555,0.3236,0
CID00282,21,Retail,4,8,6,9,4606.51,1131.37,11392.3,9615.16,-0.00321,0.1984,0.216,0.1158,0.3066,0
CID00283,24,Active Trader,16,63,12,39,16481.66,10620.85,208069.66,129131.85,-0.00725,0.5109,0.2042,0.0389,0.1455,0
CID00284,17,Retail,0,4,4,10,23447.91,16341.59,58136.17,59877.94,0.00503,0.2472,0.1094,0.6095,0.1278,0
CID00285,35,Active Trader,12,58,11,44,5616.1,570.91,45491.78,29962.73,0.00023,0.0984,0.0175,0.2958,0.1566,0
CID00286,28,Active Trader,8,49,16,34,91211.82,15474.18,253596.65,192971.07,0.00988,0.4963,0.2753,0.4679,0.2915,0
CID00287,23,Active Trader,21,64,17,39,13090.9,3051.19,58788.52,52913.16,-0.00027,0.6368,0.0402,0.2983,0.1356,0
CID00288,2,Retail,1,7,3,10,11544.3,1349.06,29422.98,29897.94,0.01525,0.4172,0.0743,0.3473,0.1902,0
CID00289,26,Retail,4,10,3,15,12913.7,2007.62,56476.7,57435.17,-0.01489,0.4262,0.0396,0.1401,0.0438,0
CID00290,22,Retail,1,4,4,10,9753.25,2487.0,73970.72,61871.74,0.02434,0.4879,0.0485,0.2134,0.1952,0
CID00291,10,Retail,3,6,3,19,18474.22,5168.81,44640.15,47563.72,0.00414,0.3906,0.1082,0.3125,0.2963,0
CID00292,42,Active Trader,17,59,21,34,14925.97,3948.65,87858.93,68030.92,0.00952,0.7116,0.2347,0.0489,0.3977,1
CID00293,110,HNI,7,11,4,16,63067.59,25761.14,203597.42,206927.57,0.00663,0.3253,0.038,0.429,0.0904,0
CID00294,38,Retail,1,7,3,16,3092.2,387.45,18038.72,12701.89,-0.00302,0.5411,0.0701,0.05,0.0627,0
CID00295,22,Retail,3,4,3,19,5864.53,1736.45,12418.24,10550.78,0.00101,0.4801,0.125,0.3622,0.1891,1
CID00296,55,HNI,6,20,3,19,202871.64,15792.99,474432.88,324837.5,-0.00169,0.311,0.1374,0.7635,0.2823,0
CID00297,1,Retail,0,4,8,12,2856.93,1456.91,14738.87,14351.67,0.00549,0.676,0.054,0.5643,0.2655,0
CID00298,19,Retail,2,7,4,21,23392.99,5252.97,38812.74,44464.7,-0.00589,0.3565,0.0379,0.7099,0.1132,0
CID00299,31,Active Trader,19,57,13,42,4231.59,163.21,26420.92,30215.35,0.01562,0.7567,0.2389,0.0683,0.2113,0
CID00300,23,Retail,2,8,5,7,12199.13,798.88,31528.72,35726.53,0.01337,0.6363,0.0032,0.3466,0.1563,0
CID00301,2,Retail,2,9,5,18,3494.91,334.95,9315.92,9845.26,0.00689,0.3083,0.2541,0.1308,0.2043,0
CID00302,9,Retail,2,8,5,9,6200.02,2251.28,25223.78,21161.01,0.00843,0.5145,0.1516,0.181,0.0286,0
CID00303,17,Active Trader,16,56,11,30,13025.65,689.67,55810.65,40167.83,0.01428,0.7355,0.1673,0.4521,0.1012,0
CID00304,54,Retail,2,10,3,15,6890.49,3325.34,30259.78,18431.13,0.00784,0.7121,0.0305,0.3576,0.2037,0
CID00305,17,Retail,4,9,4,9,8596.75,5488.58,17743.66,16555.96,-0.00381,0.4885,0.1331,0.3811,0.0749,0
CID00306,38,Active Trader,15,59,16,42,22227.22,1623.32,40363.44,33669.93,0.00988,0.511,0.0372,0.3198,0.0806,0
CID00307,64,Active Trader,21,64,11,34,88855.21,19258.3,140195.13,121908.86,-0.00189,0.7307,0.0241,0.1251,0.1333,0
CID00308,43,Retail,1,9,5,15,11914.02,1862.14,49075.85,49917.27,0.00768,0.6466,0.0996,0.0612,0.287,0
CID00309,30,Active Trader,25,74,16,36,13687.56,3459.35,79296.54,76445.02,0.0105,0.6284,0.0051,0.224,0.3249,0
CID00310,35,Active Trader,13,64,11,34,21171.3,5965.89,77513.64,78483.21,0.0081,0.6859,0.2453,0.3366,0.1802,0
CID00311,1,Retail,2,5,9,16,2156.08,424.38,10050.61,7015.84,0.01387,0.6099,0.3203,0.3644,0.2672,1
CID00312,21,Retail,2,5,4,11,1683.31,124.27,32152.71,21888.49,0.00657,0.1365,0.1132,0.0695,0.0086,1
CID00313,15,Retail,1,10,5,8,33350.92,6049.06,134092.49,96495.15,0.03575,0.1414,0.1157,0.2079,0.1895,0
CID00314,32,Retail,1,7,5,15,56746.14,15302.74,70530.44,73860.62,0.02312,0.6736,0.194,0.1635,0.4367,0
CID00315,10,Retail,1,5,2,6,2884.6,362.33,9106.83,8108.27,0.02523,0.3841,0.1839,0.2944,0.2531,0
CID00316,74,HNI,2,20,1,26,324321.0,83825.65,1100785.17,1232528.9,-0.00151,0.4179,0.0888,0.4495,0.1634,0
CID00317,29,Retail,2,9,5,21,7580.6,4865.72,20959.12,19285.89,0.00539,0.4682,0.0747,0.4966,0.0558,1
CID00318,46,Retail,5,5,4,12,8966.24,1599.75,26946.35,22151.33,-0.01038,0.5344,0.0691,0.2855,0.1382,1
CID00319,53,Retail,1,4,7,19,2196.14,1108.59,6427.06,5701.7,0.00615,0.4218,0.166,0.3295,0.1569,1
CID00320,59,Retail,3,7,1,10,10961.18,2745.16,47094.49,42334.14,0.01968,0.5014,0.2558,0.553,0.1944,0
CID00321,55,HNI,4,17,8,13,470926.55,177858.54,737553.59,814301.64,0.0113,0.5315,0.1358,0.5119,0.1398,0
CID00322,52,Active Trader,15,54,10,33,61808.93,5584.83,226497.89,177765.31,0.01824,0.5472,0.1058,0.2598,0.0256,1
CID00323,69,HNI,5,19,4,8,232602.16,10556.29,933316.06,593184.0,0.01393,0.7276,0.2926,0.0403,0.0824,0
CID00324,84,HNI,5,18,5,18,109920.87,28665.89,706661.44,644132.43,0.03165,0.3327,0.0085,0.2148,0.2488,0
CID00325,10,Retail,2,8,4,15,873.02,61.64,7799.52,6045.03,0.00983,0.2965,0.0985,0.0432,0.2781,0
CID00326,36,Retail,2,8,7,17,4004.22,799.56,28490.39,19979.5,-0.02435,0.4125,0.1644,0.1139,0.0864,1
CID00327,42,HNI,3,11,3,15,1398251.32,514471.76,1263961.66,1344719.01,0.00071,0.6708,0.1388,0.3882,0.4791,0
CID00328,61,Active Trader,18,54,11,32,25653.19,7477.35,117203.27,91765.47,-0.00849,0.6071,0.1276,0.1805,0.0271,0
CID00329,16,Retail,0,8,2,15,10113.58,1844.41,44239.77,37955.86,-0.0017,0.8624,0.1237,0.4602,0.4183,0
CID00330,30,Retail,3,4,2,9,5894.29,1049.47,36723.25,27999.91,-0.00091,0.2729,0.1786,0.3801,0.1348,1
CID00331,50,Active Trader,21,63,12,43,6413.99,299.21,70668.55,65805.48,0.01555,0.4743,0.2795,0.1917,0.053,0
CID00332,74,HNI,1,11,8,14,154314.68,28080.72,309889.98,303157.67,0.00466,0.4224,0.1162,0.5594,0.2495,0
CID00333,39,Active Trader,17,67,8,41,80832.43,8018.36,198737.82,173830.51,-0.00634,0.4565,0.0652,0.2315,0.0626,0
CID00334,29,Active Trader,15,53,13,47,17286.94,6867.29,85390.22,82081.54,-0.00092,0.5861,0.0503,0.3325,0.2057,0
CID00335,33,Retail,1,6,10,24,7460.44,1923.01,19689.78,17973.28,-0.00616,0.4212,0.09,0.1691,0.3017,0
CID00336,15,Retail,2,10,2,16,9339.58,554.97,12612.54,14322.32,0.00464,0.466,0.1749,0.1999,0.4372,0
CID00337,33,HNI,4,18,5,16,722398.73,410945.33,1265101.98,1314835.71,0.00966,0.712,0.1054,0.4779,0.3327,0
CID00338,1,Active Trader,21,59,4,32,53590.79,6199.69,121755.52,134785.19,0.02169,0.4838,0.1241,0.2066,0.321,0
CID00339,22,Active Trader,11,63,9,52,14136.72,4275.58,61781.44,68249.85,0.00587,0.4819,0.2478,0.4685,0.0809,0
CID00340,10,Retail,2,5,10,17,2468.8,420.68,10017.04,11298.87,0.01623,0.4748,0.1535,0.0523,0.0785,0
CID00341,43,Active Trader,11,73,14,43,9072.61,1156.91,156527.36,105527.8,0.00731,0.6231,0.1166,0.5098,0.3044,0
CID00342,26,Retail,2,6,10,12,27894.15,18076.85,58489.47,38977.74,-0.01441,0.7981,0.1522,0.0466,0.1897,1
CID00343,44,Retail,2,7,3,9,1882.03,978.81,8865.16,8874.73,-0.00087,0.3654,0.2018,0.3472,0.1513,0
CID00344,28,Active Trader,16,46,6,48,30793.93,10845.31,230615.76,142228.18,0.0176,0.1168,0.0039,0.1768,0.2826,0
CID00345,38,Retail,0,5,1,11,8110.63,1811.71,20636.88,21084.37,0.00825,0.4877,0.3372,0.6049,0.2575,0
CID00346,4,Active Trader,21,69,18,54,37829.66,21089.89,110681.66,118231.13,0.01204,0.5945,0.1815,0.5093,0.0663,0
CID00347,61,Active Trader,22,66,9,46,29980.86,13864.36,95121.97,86840.03,0.00115,0.707,0.1541,0.1349,0.05,0
CID00348,25,Active Trader,11,71,11,32,9949.54,5364.1,68419.08,65653.88,-0.02544,0.5419,0.0821,0.2397,0.0492,0
CID00349,5,Active Trader,20,46,15,51,17304.88,1353.72,78488.58,62284.44,0.02003,0.6256,0.1307,0.3389,0.2229,0
CID00350,45,Retail,0,3,1,18,4849.01,1811.96,26467.11,23218.04,0.02731,0.6269,0.2296,0.249,0.1438,0
CID00351,59,Active Trader,17,56,11,47,19938.87,3374.31,65342.87,64611.1,0.01864,0.5807,0.1117,0.185,0.0253,0
CID00352,49,Active Trader,17,54,6,29,16292.66,6222.45,59046.97,36731.0,-0.00756,0.5674,0.2417,0.1279,0.2088,1
CID00353,23,Retail,1,10,4,14,6412.65,1481.99,14632.38,15904.02,0.0129,0.6556,0.0245,0.1337,0.0329,0
CID00354,46,Active Trader,18,64,14,39,13391.6,3968.62,39391.42,26373.91,-0.00297,0.356,0.2339,0.4289,0.1539,0
CID00355,15,Retail,7,7,9,19,11235.53,2820.82,21618.07,18470.34,0.027,0.5284,0.0212,0.0477,0.0696,1
CID00356,46,Active Trader,19,56,13,41,10580.51,814.84,50763.19,47283.28,-0.01021,0.4941,0.1592,0.3588,0.2328,0
CID00357,33,HNI,1,17,1,16,860358.85,368796.42,2454643.62,1999571.79,0.00204,0.3706,0.1569,0.1686,0.1447,0
CID00358,32,Retail,1,3,5,12,3028.46,584.6,8695.83,9973.92,-0.00723,0.7648,0.1401,0.3808,0.081,1
CID00359,37,Retail,0,10,2,13,18652.85,5993.31,61223.81,51127.21,0.00275,0.7385,0.2077,0.4478,0.192,0
CID00360,2,Retail,2,9,6,14,41704.12,22412.52,118540.41,121642.31,-0.02582,0.8267,0.1213,0.2754,0.0205,1
CID00361,45,Retail,1,7,7,19,4154.06,2570.05,53695.79,56150.82,-0.01109,0.4057,0.1361,0.3387,0.0702,0
CID00362,3,Active Trader,22,62,11,39,15424.41,6949.51,39219.64,39459.48,0.01202,0.5278,0.022,0.4047,0.1127,0
CID00363,38,HNI,5,18,7,13,38141.12,9207.95,937851.56,579555.0,-0.00218,0.7618,0.2039,0.1461,0.2453,0
CID00364,1,Active Trader,23,57,7,45,15476.3,10302.29,44557.57,45945.62,0.00347,0.5895,0.1258,0.1434,0.0401,0
CID00365,14,Retail,1,6,2,15,15232.79,593.41,36918.88,35710.37,-0.00964,0.6399,0.1689,0.0794,0.1247,0
CID00366,21,Retail,3,4,3,14,37622.53,9355.55,123794.39,99217.08,0.00109,0.3997,0.0284,0.3982,0.1287,0
CID00367,51,HNI,4,12,2,15,96570.4,17890.18,1017438.2,626134.45,0.00036,0.7398,0.3264,0.5854,0.0931,0
CID00368,33,Active Trader,24,62,13,35,20390.64,2422.24,59733.76,54994.1,0.0176,0.4861,0.0445,0.1771,0.2498,0
CID00369,35,Retail,2,4,3,12,10844.91,399.57,31813.96,35787.79,-0.01085,0.4579,0.1617,0.1516,0.0928,1
CID00370,27,Retail,1,6,3,9,535.17,421.77,7124.95,6770.8,0.00711,0.3736,0.1119,0.2625,0.4927,0
CID00371,26,Active Trader,25,52,13,47,17782.78,928.39,62782.4,38815.42,-0.01624,0.7799,0.1673,0.0401,0.0696,0
CID00372,1,Retail,3,6,6,18,13075.55,3205.52,37199.94,36976.07,0.00037,0.6931,0.1478,0.477,0.091,0
CID00373,27,Retail,3,3,7,19,21292.36,9121.06,100333.92,106264.24,0.00383,0.4178,0.1571,0.1389,0.1286,0
CID00374,45,Active Trader,24,68,11,46,20472.86,1101.68,78415.54,47627.45,0.01665,0.4464,0.0481,0.2119,0.3026,0
CID00375,14,Retail,3,9,1,19,2584.76,801.18,31672.09,25981.38,0.03824,0.7127,0.0346,0.1553,0.0362,0
CID00376,5,Retail,2,6,4,7,3930.27,294.45,25490.23,26754.85,0.0039,0.7245,0.0167,0.0958,0.1584,0
CID00377,25,Retail,4,4,1,18,10339.26,864.46,25426.79,27063.85,-0.00913,0.5839,0.1225,0.3393,0.1118,0
CID00378,23,HNI,1,16,7,11,722827.69,326263.34,2094329.5,1602152.24,-0.00288,0.7603,0.1355,0.476,0.0798,0
CID00379,33,Retail,1,5,4,15,5711.25,527.41,19699.01,14055.49,0.01228,0.4763,0.2718,0.4575,0.0942,0
CID00380,41,Retail,0,6,4,20,4939.24,2070.55,18101.57,18880.42,0.01161,0.5994,0.0617,0.4528,0.0652,0
CID00381,19,Active Trader,20,68,10,45,5019.37,843.09,18801.33,18466.44,0.00894,0.5179,0.2775,0.2692,0.1926,0
CID00382,31,Active Trader,11,48,10,38,7887.34,408.46,50330.6,30987.8,-0.00578,0.4312,0.0138,0.1824,0.0058,0
CID00383,42,Retail,0,4,5,11,18169.87,1505.32,78583.46,86818.03,-0.00646,0.7084,0.012,0.2598,0.2459,0
CID00384,7,Retail,2,6,4,9,6826.69,4980.44,42760.58,34875.08,0.01033,0.3547,0.131,0.1073,0.0524,0
CID00385,44,Retail,1,10,5,16,1671.43,357.42,10384.88,9433.72,-0.00237,0.4391,0.117,0.1445,0.3888,0
CID00386,12,Active Trader,21,64,16,36,10328.93,8640.43,43606.92,27005.69,-0.00372,0.5319,0.0513,0.1852,0.0903,0
CID00387,34,Retail,2,4,1,12,6818.21,2875.29,17102.21,12733.5,-0.00404,0.5389,0.0634,0.1674,0.1511,0
CID00388,34,Active Trader,18,61,13,43,67049.49,4058.62,406792.89,416797.55,0.00026,0.8757,0.1216,0.3902,0.2997,1
CID00389,36,HNI,4,19,2,11,344820.04,192213.03,868714.84,772304.06,-0.0119,0.6033,0.0088,0.3049,0.1421,0
CID00390,44,Retail,4,5,5,17,7942.93,3218.81,17965.98,15772.95,0.01377,0.4685,0.0643,0.209,0.1596,1
CID00391,45,Active Trader,23,70,19,42,8152.36,2220.59,31709.63,35850.18,0.0019,0.8651,0.1517,0.4511,0.1094,0
CID00392,33,Active Trader,23,54,12,49,9756.15,1675.26,78177.86,56793.0,0.0023,0.3805,0.0042,0.6589,0.0422,0
CID00393,9,Retail,2,4,7,16,3963.12,1863.23,21133.82,21808.24,0.03687,0.744,0.1325,0.4477,0.0987,0
CID00394,53,HNI,6,15,3,13,602717.21,130395.42,1187297.54,742271.1,0.00954,0.3346,0.145,0.1415,0.1155,0
CID00395,53,Active Trader,18,57,14,37,30895.1,11596.01,49045.04,44400.32,0.02965,0.661,0.1336,0.2256,0.2591,0
CID00396,63,HNI,7,14,3,20,143802.59,8560.54,525776.51,376759.62,0.02199,0.203,0.0056,0.048,0.5746,0
CID00397,42,HNI,5,14,7,17,302209.67,32770.89,506338.66,443685.29,0.00929,0.8295,0.0379,0.2871,0.4477,0
CID00398,39,Retail,1,5,2,7,1661.06,381.92,7596.79,8141.13,0.00546,0.3985,0.0992,0.2305,0.0677,0
CID00399,29,Retail,3,10,5,16,15454.42,2699.76,50189.04,54844.77,0.01952,0.5281,0.2125,0.1525,0.0917,0
CID00400,40,Retail,1,5,4,10,6364.87,2647.93,17410.07,11959.56,-0.03057,0.3643,0.0379,0.1105,0.4107,0
CID00401,10,Retail,2,6,7,10,656.08,261.33,4854.82,3240.3,0.03194,0.3778,0.0697,0.251,0.537,0
CID00402,57,Active Trader,9,48,11,37,54082.5,9397.58,133583.79,82081.44,0.02125,0.6741,0.1825,0.336,0.0803,0
CID00403,34,Retail,2,6,1,15,15630.63,2644.64,31829.8,19940.83,-0.00619,0.3886,0.2934,0.4504,0.0116,1
CID00404,43,Retail,1,6,6,12,7015.98,1639.41,28626.87,23838.02,0.00183,0.417,0.3441,0.4061,0.2784,0
CID00405,27,Active Trader,16,58,13,49,37410.06,21044.4,120832.9,95663.49,-0.02161,0.6295,0.2658,0.3097,0.2578,0
CID00406,53,Retail,4,9,3,6,19326.33,1291.09,77903.56,50009.28,0.02273,0.5683,0.1336,0.2192,0.1515,0
CID00407,26,Retail,3,6,8,13,4733.81,1205.49,18038.8,12638.62,0.00227,0.5672,0.33,0.1728,0.2929,0
CID00408,58,Active Trader,30,77,6,38,14137.81,2569.0,84747.74,52972.84,-0.01754,0.6043,0.1307,0.3832,0.3789,0
CID00409,45,Active Trader,20,68,10,49,79998.55,29349.51,168928.89,113545.86,0.00498,0.5359,0.0765,0.5293,0.047,1
CID00410,44,Active Trader,17,54,13,39,25909.02,4211.69,155163.04,150302.72,0.0004,0.2353,0.1209,0.2655,0.2662,0
CID00411,32,Active Trader,17,64,11,33,7703.01,1358.94,42703.66,33979.59,0.02256,0.4581,0.106,0.0797,0.1307,0
CID00412,29,Active Trader,18,73,14,35,25880.11,8201.0,86471.81,93274.29,-0.01476,0.2597,0.1784,0.371,0.0868,0
CID00413,74,HNI,8,23,6,12,198365.52,27241.58,599419.98,678493.45,0.0189,0.5213,0.0871,0.1948,0.1096,0
CID00414,1,Retail,1,7,1,8,9733.45,1146.91,46511.24,40275.43,0.01456,0.4811,0.1448,0.3,0.0861,0
CID00415,48,Active Trader,12,61,15,40,5065.52,504.26,27575.97,20134.88,0.00483,0.5836,0.0539,0.3397,0.2502,0
CID00416,82,HNI,3,15,5,12,458391.66,17722.94,1155724.08,1167599.19,0.00525,0.4903,0.1678,0.3435,0.1561,0
CID00417,41,Retail,3,13,0,10,5863.37,1027.56,44337.99,32313.21,-0.00655,0.7506,0.0737,0.6504,0.0755,0
CID00418,20,Active Trader,19,58,7,40,10028.42,3716.45,43617.75,35886.43,-0.00657,0.5235,0.1364,0.0777,0.0172,0
CID00419,39,Active Trader,19,66,14,38,62121.5,8407.37,164941.08,187110.45,-0.00826,0.4983,0.1226,0.0616,0.0279,1
CID00420,29,Retail,2,9,3,18,15370.67,1216.7,42407.96,34519.38,-0.02737,0.7339,0.2681,0.1364,0.2848,0
CID00421,17,Retail,4,4,1,14,26028.5,3167.03,76457.63,68892.74,-0.00644,0.1945,0.1757,0.584,0.067,0
CID00422,47,Active Trader,21,51,11,34,70086.93,18490.54,391568.56,329650.87,0.01223,0.3935,0.074,0.2179,0.0375,0
CID00423,72,HNI,10,20,6,11,254051.04,184579.1,719514.26,527544.02,0.00131,0.7311,0.0818,0.1738,0.2368,0
CID00424,27,Retail,0,9,2,14,3723.51,1227.78,18725.86,12756.13,-0.00041,0.5444,0.068,0.3605,0.0691,0
CID00425,34,Active Trader,18,56,10,44,13974.79,2006.9,58398.5,54614.5,0.01353,0.3789,0.0878,0.2679,0.4937,0
CID00426,109,HNI,5,17,9,18,246379.98,81375.81,1141465.98,835897.67,0.03746,0.639,0.1309,0.1454,0.0061,1
CID00427,26,Retail,3,8,8,17,14372.19,74.03,21512.6,23047.33,-0.00938,0.3109,0.2126,0.5528,0.029,0
CID00428,70,HNI,2,17,3,12,149405.98,45185.84,528674.14,523038.8,0.02525,0.7341,0.1685,0.2677,0.4004,0
CID00429,9,Active Trader,17,60,9,37,206456.08,26039.74,415827.4,449384.54,-0.01156,0.5799,0.0572,0.4192,0.1518,0
CID00430,29,Retail,1,8,6,7,85841.85,10506.16,71246.83,65064.07,-0.00073,0.5772,0.1385,0.5308,0.2848,0
CID00431,37,HNI,6,18,4,13,43813.53,6200.16,328521.29,259068.32,0.00304,0.6202,0.0866,0.4515,0.156,0
CID00432,65,Active Trader,13,58,10,47,40972.01,15397.27,230126.37,215536.85,-0.00071,0.7397,0.1163,0.2269,0.117,0
CID00433,46,Retail,2,7,1,15,3974.94,439.8,12323.53,13559.43,0.00961,0.29,0.0753,0.4842,0.1763,0
CID00434,7,Retail,4,11,4,10,1770.65,9.94,12908.57,7815.81,0.00601,0.6128,0.0319,0.1947,0.4058,0
CID00435,23,Retail,2,9,2,20,2171.85,523.37,5554.6,4613.54,0.01406,0.588,0.0297,0.5965,0.1755,0
CID00436,13,Active Trader,22,42,16,40,23481.83,4668.47,147833.85,93168.86,0.00889,0.4413,0.1884,0.6653,0.1631,0
CID00437,37,Retail,0,4,5,7,2845.16,596.32,11660.07,10404.36,-0.01698,0.6098,0.2299,0.1883,0.2958,1
CID00438,30,HNI,9,26,5,19,168486.05,82463.16,1120589.5,683648.56,0.01792,0.3689,0.0406,0.2585,0.2181,0
CID00439,45,Retail,1,6,6,13,25906.33,3839.61,45960.76,33974.03,0.01369,0.79,0.179,0.2738,0.4553,0
CID00440,42,Retail,0,6,2,7,12761.76,247.57,35407.16,37318.8,-0.01339,0.8258,0.0976,0.1427,0.1363,0
CID00441,36,Retail,2,10,7,10,5107.85,1434.04,35194.69,37994.52,-0.00644,0.3443,0.1845,0.4259,0.5163,0
CID00442,10,Retail,0,3,5,11,5495.39,214.23,18338.44,14808.42,0.01853,0.6286,0.1099,0.6149,0.065,0
CID00443,102,HNI,7,14,3,12,196390.98,74748.91,1102977.75,859641.38,-0.02119,0.5639,0.1977,0.1522,0.18,0
CID00444,16,Retail,5,8,3,8,3167.31,882.74,15486.74,15815.47,0.00148,0.3882,0.132,0.1895,0.1733,0
CID00445,30,Retail,2,8,4,11,3001.61,250.39,13197.93,12536.38,0.01438,0.2579,0.0421,0.0526,0.0267,0
CID00446,33,Active Trader,26,63,12,32,68775.43,11413.02,224364.22,227303.22,-0.01319,0.1842,0.0206,0.2421,0.3399,0
CID00447,1,Retail,1,5,4,18,9564.6,3142.77,36682.83,37384.25,0.00383,0.4994,0.1138,0.3685,0.2259,0
CID00448,3,Retail,1,6,4,19,685.78,483.34,6990.8,4706.19,0.00771,0.7332,0.0959,0.1139,0.064,0
CID00449,42,Retail,5,7,5,9,9034.25,3868.42,23149.85,19444.65,0.02703,0.6388,0.1418,0.5123,0.0952,0
CID00450,56,Active Trader,14,60,4,39,6743.03,1743.76,37393.68,29488.52,0.01943,0.3131,0.0463,0.6083,0.187,0
CID00451,110,HNI,6,16,5,12,1032154.58,240314.52,2024542.37,2255100.3,0.01289,0.3679,0.0522,0.3588,0.1595,0
CID00452,37,HNI,8,25,4,23,108129.53,8400.01,348322.75,313748.62,0.0074,0.5011,0.1901,0.2327,0.2696,0
CID00453,27,Retail,2,12,9,22,920.99,34.76,3273.16,3460.57,0.00878,0.37,0.0755,0.3709,0.231,0
CID00454,54,Active Trader,8,56,6,41,29286.4,4035.16,80576.62,63008.38,0.00124,0.624,0.1734,0.3019,0.3062,0
CID00455,1,Retail,1,4,6,18,4495.12,98.59,33221.09,20857.4,-0.00789,0.4886,0.1732,0.3036,0.2186,0
CID00456,53,Retail,2,8,2,9,2468.58,245.75,7243.46,7442.48,0.00205,0.4418,0.2399,0.36,0.2464,0
CID00457,18,Retail,5,7,2,10,7189.12,1338.38,34682.24,25571.48,0.03026,0.4541,0.0213,0.4651,0.1789,0
CID00458,32,Active Trader,16,73,12,39,4671.37,536.21,10313.1,9263.3,0.01923,0.3677,0.2083,0.1901,0.1266,0
CID00459,21,Active Trader,21,72,11,30,21959.67,3850.15,104562.69,86399.1,0.01315,0.4064,0.2513,0.338,0.0408,0
CID00460,28,Active Trader,18,60,14,37,45357.7,15788.6,228775.27,244334.72,0.01843,0.4553,0.137,0.187,0.0561,0
CID00461,16,Active Trader,15,68,9,29,28830.51,12577.15,89286.34,97683.74,0.01029,0.7314,0.0731,0.089,0.2093,0
CID00462,39,Active Trader,26,74,10,44,118882.93,15436.78,184649.38,205690.29,-0.00399,0.6752,0.0295,0.4643,0.024,0
CID00463,48,Active Trader,17,52,8,31,15332.84,3295.7,69503.57,46202.15,0.01218,0.2908,0.1344,0.1802,0.0721,0
CID00464,18,Retail,2,4,6,14,2776.92,1250.85,28437.32,20540.63,0.00695,0.3914,0.1759,0.2293,0.0305,0
CID00465,8,Active Trader,18,49,20,36,94409.28,21650.28,194948.3,176906.16,-0.01145,0.5193,0.1317,0.293,0.2143,1
CID00466,16,Retail,5,10,1,19,2439.62,651.14,8802.23,7809.64,0.00783,0.5989,0.0168,0.2575,0.0322,0
CID00467,5,Retail,2,9,6,12,5588.0,1382.59,34215.89,27337.73,0.01542,0.6048,0.2186,0.1532,0.1856,1
CID00468,15,Retail,2,14,4,15,7305.81,971.41,23419.8,19305.52,-0.01311,0.6895,0.1194,0.322,0.1594,0
CID00469,19,Retail,3,10,1,13,4239.15,1559.76,14938.83,16025.49,0.01082,0.4743,0.1756,0.0761,0.1608,0
CID00470,53,Active Trader,24,59,11,49,67037.81,27744.56,203054.58,181557.76,0.01077,0.5213,0.0196,0.0284,0.2188,0
CID00471,27,Active Trader,17,72,12,31,6342.21,2022.95,22009.36,20085.73,0.01095,0.4728,0.1344,0.2815,0.0797,0
CID00472,36,Active Trader,14,57,11,41,44116.03,4892.89,201789.4,185567.49,-0.00596,0.5197,0.182,0.423,0.177,0
CID00473,20,Retail,2,9,5,15,2402.95,302.44,16106.62,12492.54,-0.02144,0.5048,0.1487,0.3241,0.3772,1
CID00474,16,HNI,3,18,5,10,155337.17,74647.22,372216.98,374402.42,0.011,0.5561,0.1792,0.2898,0.2627,0
CID00475,52,HNI,7,16,4,20,103089.41,61455.12,523074.16,570456.02,0.00089,0.4994,0.0805,0.2796,0.0507,0
CID00476,50,Active Trader,19,67,15,36,30181.96,11013.79,81202.85,65779.41,-0.00472,0.5243,0.2067,0.7984,0.2182,0
CID00477,35,HNI,6,10,4,10,219469.27,41369.44,942848.95,840943.52,0.02273,0.5008,0.0936,0.1039,0.138,0
CID00478,2,Retail,0,6,6,13,3563.26,1732.1,22148.83,18847.19,0.00199,0.621,0.1193,0.1541,0.0171,0
CID00479,37,Retail,3,12,3,10,1878.27,1727.27,9438.27,6319.58,-0.01075,0.3529,0.0954,0.5206,0.0178,0
CID00480,19,Retail,2,6,2,15,15656.09,228.95,25428.32,20704.76,0.04191,0.3198,0.0913,0.4753,0.1633,0
CID00481,46,Active Trader,26,59,9,52,48737.23,24973.14,208629.58,231929.81,-0.00954,0.3361,0.0815,0.0163,0.1632,0
CID00482,34,Active Trader,22,65,19,44,13587.36,547.27,102136.72,70137.17,0.02691,0.2733,0.1016,0.226,0.1416,0
CID00483,23,Retail,2,3,5,8,13400.62,2227.88,41077.82,28552.1,0.0064,0.3176,0.2387,0.3722,0.0828,0
CID00484,19,Retail,4,7,6,14,20434.75,5682.77,38661.26,30741.14,0.01193,0.4989,0.1546,0.1095,0.2024,0
CID00485,29,Active Trader,24,54,11,39,103827.22,17749.45,278649.73,216525.03,-0.00598,0.5151,0.1785,0.2278,0.3079,0
CID00486,16,Retail,1,4,6,12,717.46,266.87,5145.12,3574.55,0.03421,0.6796,0.0957,0.2053,0.091,1
CID00487,59,Active Trader,14,72,15,39,31438.71,6406.76,154737.39,153214.44,-0.02168,0.2237,0.0715,0.0593,0.2443,0
CID00488,5,Retail,0,7,6,20,4352.77,3102.28,21586.11,17874.99,-0.01766,0.4024,0.0747,0.1716,0.014,1
CID00489,44,Retail,2,3,2,17,3438.49,935.68,9878.52,11106.11,-0.0156,0.3738,0.209,0.5158,0.051,0
CID00490,35,Retail,2,6,2,19,19470.57,12134.09,132255.34,97433.4,-0.01985,0.4396,0.1186,0.2304,0.228,0
CID00491,41,Retail,1,6,5,11,4247.97,957.64,14825.02,13246.06,0.02006,0.3562,0.1408,0.1925,0.165,0
CID00492,9,Retail,2,10,3,12,2529.17,1111.54,7089.77,6303.95,-0.01011,0.4022,0.0477,0.4602,0.1613,0
CID00493,26,Active Trader,21,69,16,43,14665.2,5456.98,33273.28,35237.32,0.02514,0.6873,0.2205,0.3779,0.0907,0
CID00494,69,HNI,8,21,5,19,617817.61,105177.73,737272.75,597353.57,-0.00963,0.4105,0.0147,0.5627,0.3747,0
CID00495,42,Active Trader,17,61,16,47,21218.63,5563.35,67989.55,75787.75,-0.01682,0.5006,0.1256,0.2044,0.1292,1
CID00496,9,Retail,4,12,3,7,23233.55,5523.33,67846.84,53735.19,0.027,0.3814,0.2424,0.4533,0.1364,1
CID00497,34,Retail,1,6,4,9,1835.92,76.9,9275.32,6030.1,-6e-05,0.4784,0.0185,0.3374,0.2431,0
CID00498,41,HNI,3,17,3,10,882786.49,167289.75,1864631.79,2104213.43,0.00395,0.159,0.1605,0.5038,0.1385,1
CID00499,23,Retail,1,4,3,15,3748.83,1255.03,39674.09,29173.98,0.02485,0.6961,0.253,0.1396,0.0538,0
CID00500,77,HNI,6,17,6,16,55199.97,18411.66,313218.92,310606.65,0.00502,0.6263,0.1178,0.0774,0.2237,0
CID00501,37,Retail,4,9,4,12,3902.82,794.32,22053.08,20892.38,0.00053,0.5716,0.1067,0.1516,0.33,0
CID00502,10,Retail,4,7,3,11,2666.74,1149.29,21307.91,15699.53,-0.02596,0.8785,0.1278,0.1929,0.0395,0
CID00503,24,Retail,2,6,4,14,5055.41,545.32,24716.88,26815.05,0.01026,0.2839,0.0939,0.4183,0.2002,0
CID00504,1,Retail,2,6,5,20,5348.08,2667.45,33054.12,33333.39,0.02026,0.5507,0.2415,0.2212,0.2459,1
CID00505,17,Active Trader,20,68,13,37,36753.16,20595.81,197198.93,118662.88,0.03973,0.2705,0.1382,0.5729,0.2044,0
CID00506,5,Active Trader,22,61,9,51,15016.36,8190.76,49945.48,39417.35,0.00264,0.4621,0.087,0.0254,0.2025,0
CID00507,36,Active Trader,18,58,14,51,35686.52,7173.79,86518.04,96632.4,0.0233,0.6613,0.1211,0.4204,0.0395,1
CID00508,35,Active Trader,25,58,4,42,37507.47,20938.21,76267.25,71542.92,-0.00787,0.6297,0.1368,0.1325,0.2972,0
CID00509,15,Retail,2,11,3,20,16459.49,3074.49,33714.82,29872.49,0.0068,0.6195,0.2226,0.1264,0.0537,0
CID00510,1,Retail,0,5,4,22,4463.07,917.89,6943.13,7115.85,0.006,0.5302,0.0885,0.3564,0.0789,0
CID00511,14,Retail,2,10,4,15,5635.86,1759.56,36763.32,26938.46,0.00849,0.6951,0.1798,0.0732,0.167,0
CID00512,73,HNI,2,18,2,15,584138.54,115893.43,2474690.02,2398408.8,0.01697,0.6645,0.1259,0.342,0.0238,0
CID00513,31,Retail,1,5,4,11,17576.77,2595.87,31576.78,33647.77,0.0214,0.3341,0.3144,0.5429,0.3696,0
CID00514,20,Retail,0,5,2,14,10536.97,2525.44,36114.19,33081.61,0.04296,0.5731,0.0296,0.1556,0.1072,0
CID00515,27,Retail,2,12,4,17,12603.7,1017.75,51240.85,36753.99,-0.00117,0.1626,0.1725,0.3083,0.2178,1
CID00516,27,Retail,1,8,3,11,1299.02,483.57,7473.66,6585.1,-0.00545,0.5867,0.237,0.263,0.0771,0
CID00517,20,Active Trader,12,61,13,35,7680.05,2093.55,28881.67,24218.74,0.0088,0.2723,0.1122,0.1712,0.3001,1
CID00518,34,Retail,3,10,3,15,4311.48,1839.96,8631.44,7557.59,-0.023,0.4592,0.2409,0.2791,0.0151,0
CID00519,12,Retail,2,7,1,18,7294.54,1320.31,38029.67,36335.25,0.01054,0.6618,0.1734,0.194,0.233,0
CID00520,25,Retail,1,9,2,16,2871.09,120.99,9585.68,9919.32,-0.00025,0.3563,0.0948,0.4691,0.1346,1
CID00521,57,Active Trader,16,58,21,40,108026.1,3454.86,187375.68,191391.4,0.01246,0.7008,0.1449,0.236,0.2749,0
CID00522,16,Active Trader,20,51,13,34,41331.47,5861.71,182838.81,202699.27,-0.01012,0.4317,0.206,0.3586,0.3445,0
CID00523,55,Active Trader,23,68,14,37,69724.94,31061.55,250525.54,250378.11,0.01703,0.685,0.0848,0.5546,0.2547,0
CID00524,20,Retail,1,5,5,15,3865.03,1323.03,26521.84,16193.33,0.01374,0.6955,0.2288,0.1514,0.07,0
CID00525,69,HNI,10,15,0,10,96677.81,10411.52,566330.94,344701.48,-0.0023,0.2458,0.1378,0.308,0.2298,1
CID00526,24,Active Trader,18,64,10,29,41449.37,10007.79,138370.86,109025.27,-0.00078,0.5618,0.0788,0.1175,0.2869,0
CID00527,38,Retail,2,6,5,17,11523.49,6274.39,47576.34,37612.66,0.00376,0.7182,0.1426,0.2304,0.0384,0
CID00528,41,HNI,1,10,8,14,60250.39,867.0,285233.39,257748.92,0.03084,0.6056,0.1485,0.2128,0.122,1
CID00529,49,Retail,2,8,0,12,28111.34,2897.65,95008.86,78893.48,-0.00927,0.5681,0.1321,0.1189,0.4113,0
CID00530,21,Active Trader,15,69,14,40,6913.11,3951.8,44736.3,34429.5,0.00573,0.5576,0.2627,0.4003,0.1346,0
CID00531,58,HNI,8,17,4,16,188523.73,74372.38,396001.5,277312.25,-0.00884,0.3597,0.1066,0.6015,0.2998,1
CID00532,43,Retail,2,6,1,16,10460.44,2531.01,14217.45,14248.87,0.01232,0.703,0.1717,0.5954,0.3978,0
CID00533,28,Retail,0,14,3,10,9071.81,1752.23,50358.25,55357.21,0.01572,0.8119,0.1042,0.283,0.4916,0
CID00534,23,Active Trader,22,59,17,44,101820.77,56682.57,215023.87,221126.36,0.0121,0.5395,0.1142,0.511,0.0695,0
CID00535,45,Retail,3,5,3,14,8901.95,1193.5,24607.55,27869.91,-0.00971,0.7703,0.2694,0.129,0.0751,0
CID00536,13,Retail,3,9,6,9,7079.46,1927.11,41156.75,29188.25,-0.01142,0.5703,0.1583,0.3798,0.1053,0
CID00537,33,Active Trader,15,52,18,36,22884.65,14146.76,104752.78,76250.88,0.00685,0.3352,0.2296,0.2218,0.25,1
CID00538,65,Active Trader,14,51,10,34,24425.66,21032.54,55020.47,36828.53,0.00155,0.4323,0.1345,0.1986,0.0964,0
CID00539,40,Active Trader,16,55,6,47,23292.17,2392.76,139726.54,102867.43,-0.00713,0.5556,0.0515,0.5797,0.0724,0
CID00540,20,Active Trader,17,52,8,46,20818.37,2599.41,35964.29,36787.88,0.02261,0.3273,0.1456,0.3964,0.0686,0
CID00541,28,Retail,5,13,3,10,30602.93,15403.09,53629.87,36933.83,-0.0019,0.419,0.1155,0.6778,0.0484,0
CID00542,26,Retail,2,7,6,13,3302.31,271.88,10698.91,9444.24,0.00121,0.7702,0.031,0.5032,0.1,0
CID00543,45,Retail,1,10,3,16,15219.23,8440.63,31026.7,34326.04,0.0257,0.9518,0.0901,0.346,0.2861,1
CID00544,8,Retail,2,7,1,15,20653.52,9818.07,39118.28,25148.59,0.01456,0.224,0.0906,0.0563,0.1299,0
CID00545,14,Retail,4,9,4,10,1761.6,548.82,5870.25,4762.97,0.024,0.3489,0.1928,0.5125,0.1957,1
CID00546,45,HNI,5,18,5,11,36524.99,13402.6,450896.26,297702.06,0.0223,0.4621,0.1776,0.4622,0.3227,1
CID00547,30,Active Trader,17,58,12,45,39200.93,11907.53,133325.06,113427.33,-0.02989,0.7822,0.1997,0.1691,0.2247,1
CID00548,11,Retail,3,6,6,17,7710.36,1413.84,22547.26,21742.97,-0.01598,0.6991,0.1519,0.5325,0.026,0
CID00549,14,Active Trader,26,58,7,31,132527.78,39132.58,180687.42,143844.93,0.03245,0.6245,0.2565,0.1978,0.2263,0
CID00550,51,Active Trader,22,61,12,36,98509.47,15131.34,217411.57,232076.26,0.01494,0.4286,0.1117,0.4143,0.202,0
CID00551,34,Retail,1,5,2,13,6024.31,514.95,19082.7,12244.47,-0.0033,0.3997,0.2027,0.2719,0.2408,1
CID00552,24,Retail,2,9,7,13,2285.53,821.43,15435.83,10700.4,0.01409,0.7601,0.1199,0.3251,0.376,0
CID00553,28,Active Trader,17,59,15,40,29327.86,8898.25,169671.89,190876.26,0.01869,0.4085,0.0685,0.1106,0.5311,0
CID00554,52,Active Trader,21,58,14,45,31095.81,12436.77,99926.48,68718.72,0.00827,0.6394,0.1459,0.4446,0.1579,0
CID00555,1,Active Trader,17,56,7,45,18155.18,945.38,31934.31,32773.03,0.02187,0.4636,0.2057,0.2735,0.2407,0
CID00556,23,Active Trader,14,55,13,59,54955.48,30795.73,112865.66,112832.54,-0.00011,0.5267,0.1074,0.1911,0.2407,0
CID00557,26,Active Trader,20,63,7,37,6568.53,2637.88,46876.91,39327.16,-0.01448,0.7874,0.1663,0.4564,0.0253,1
CID00558,13,Retail,0,7,9,11,1170.42,48.95,10522.59,6672.83,0.00652,0.5789,0.0673,0.1986,0.3002,0
CID00559,11,Retail,2,7,3,16,4027.1,658.74,15478.09,11812.62,0.00582,0.5238,0.1035,0.2062,0.2489,0
CID00560,67,Active Trader,16,61,7,41,3114.72,458.08,11999.67,9843.93,0.00512,0.6844,0.1534,0.0852,0.0453,0
CID00561,38,Active Trader,16,69,14,39,191445.86,33911.54,297195.04,307320.71,-0.01372,0.752,0.1853,0.1452,0.2001,0
CID00562,30,Active Trader,16,53,10,37,25211.26,2014.88,75461.13,81170.41,0.01412,0.7117,0.0149,0.2238,0.1015,0
CID00563,36,Active Trader,18,65,12,37,10796.68,2427.15,36148.77,29708.73,0.01624,0.4265,0.1402,0.4574,0.2349,1
CID00564,32,HNI,3,17,2,13,1354870.03,174515.33,1392227.98,1401238.78,0.0262,0.3638,0.0903,0.5353,0.1229,0
CID00565,32,Retail,2,4,1,15,463.13,120.04,6440.12,4994.09,-0.00359,0.3625,0.2604,0.1725,0.326,0
CID00566,39,Active Trader,12,52,7,34,15985.73,2063.63,94046.67,103429.13,-0.00148,0.3775,0.1437,0.2226,0.2001,0
CID00567,9,Retail,3,4,6,8,6363.05,1880.91,26129.51,22393.56,0.01128,0.2549,0.0222,0.4668,0.1143,1
CID00568,48,HNI,5,19,4,12,225377.32,75122.8,366251.53,299577.01,0.0083,0.8496,0.226,0.2955,0.3326,0
CID00569,25,Retail,3,6,6,16,8213.88,3943.56,19853.41,18299.02,0.01359,0.3048,0.119,0.4378,0.1459,1
CID00570,37,Active Trader,17,50,16,40,10986.06,1832.65,49836.42,35404.2,-0.00945,0.3818,0.2157,0.3437,0.0746,1
CID00571,22,Active Trader,23,47,15,42,75920.82,2777.79,271561.67,295027.96,-0.01053,0.7468,0.2254,0.1168,0.2272,0
CID00572,51,Retail,4,6,6,14,22849.52,7132.62,72839.93,80968.34,-0.00757,0.3308,0.059,0.3652,0.3594,0
CID00573,17,Retail,3,10,4,15,1905.59,547.02,14508.87,13947.09,-0.02696,0.5742,0.0787,0.2388,0.237,0
CID00574,18,Active Trader,20,49,18,39,18347.68,7160.67,97686.7,109805.09,0.0009,0.5024,0.0729,0.3356,0.1377,0
CID00575,33,Retail,0,8,5,18,5661.67,1983.97,23150.51,18557.37,0.00867,0.4484,0.0058,0.2873,0.4888,1
CID00576,28,Retail,1,11,5,26,2439.99,279.8,18792.91,20297.83,0.03173,0.6739,0.1583,0.2423,0.1386,0
CID00577,1,Active Trader,22,68,9,34,26133.51,5201.37,244325.09,156543.29,-0.00739,0.5983,0.1209,0.2722,0.1147,0
CID00578,52,Active Trader,21,59,14,47,14220.65,677.91,80932.74,63700.39,0.00149,0.5152,0.0997,0.152,0.1636,0
CID00579,19,Retail,1,8,6,16,1126.55,23.63,10585.35,8131.48,0.00323,0.4488,0.1109,0.0431,0.314,0
CID00580,26,Active Trader,13,63,15,32,70409.65,7040.42,191804.86,146595.18,-0.01672,0.3452,0.0979,0.7185,0.1871,1
CID00581,46,Retail,2,10,2,14,8489.56,1147.78,47763.57,32921.96,-0.00107,0.6182,0.0561,0.1993,0.3716,0
CID00582,52,Active Trader,22,55,11,36,11846.3,1631.41,83530.58,74022.73,0.00237,0.4761,0.1453,0.4346,0.4038,0
CID00583,31,Active Trader,17,70,9,43,118975.27,7914.85,551761.22,387531.51,0.01616,0.4677,0.0745,0.3934,0.1996,1
CID00584,34,Retail,3,9,4,11,991.8,354.5,6913.11,5457.99,-0.00015,0.2451,0.1897,0.2562,0.1474,0
CID00585,14,Retail,1,5,3,16,6712.65,3911.24,26337.88,16643.34,0.02283,0.4789,0.1391,0.1692,0.152,0
CID00586,10,Retail,0,4,4,11,2972.2,1519.04,12811.65,8922.7,-0.0092,0.4977,0.056,0.3473,0.4461,1
CID00587,11,Retail,3,7,3,15,7807.15,1027.41,42760.88,36584.3,0.00672,0.4699,0.0739,0.3465,0.3047,0
CID00588,41,Retail,2,10,2,16,3634.63,900.43,22645.55,14668.88,0.03216,0.395,0.0585,0.1648,0.082,0
CID00589,12,Retail,1,11,2,10,10943.22,2440.1,24023.18,21612.94,0.02056,0.5643,0.069,0.734,0.065,0
CID00590,39,Active Trader,20,77,13,39,116193.17,48160.89,149878.34,169214.89,-0.00186,0.3832,0.0857,0.2466,0.4465,0
CID00591,23,Active Trader,19,58,8,40,18148.39,12779.62,38683.2,24689.89,0.0446,0.4055,0.193,0.496,0.2309,0
CID00592,46,Retail,0,8,3,17,413.02,34.88,2284.3,1735.25,0.02508,0.556,0.2297,0.1192,0.0556,0
CID00593,35,Retail,4,4,3,16,16100.35,4370.2,92784.59,64485.48,-0.00198,0.5365,0.2501,0.2456,0.1619,1
CID00594,80,HNI,8,15,5,17,85230.14,28541.91,609960.54,367884.6,0.01175,0.4814,0.017,0.1132,0.2245,0
CID00595,9,Active Trader,13,61,13,44,15369.8,1631.85,64706.7,39914.83,0.01318,0.7699,0.0574,0.4005,0.249,0
CID00596,27,Active Trader,26,70,8,45,5945.17,1110.05,16845.3,18588.76,0.00868,0.4737,0.1784,0.2884,0.0277,0
CID00597,22,Retail,2,5,5,16,1715.69,1006.38,6633.0,7469.64,-0.01094,0.3907,0.1732,0.5207,0.1744,1
CID00598,42,Retail,2,7,2,13,6966.65,1110.61,16242.12,16004.74,0.0224,0.7251,0.1366,0.687,0.3335,0
CID00599,16,Active Trader,18,77,9,42,139057.4,7526.5,97614.62,89166.09,-0.02386,0.7167,0.0779,0.602,0.1251,0
CID00600,56,HNI,2,19,4,11,121749.41,46524.01,617858.94,539950.46,0.0036,0.7042,0.1335,0.3074,0.0257,1
CID00601,53,Active Trader,23,52,11,35,18579.93,6291.7,77497.99,47746.88,0.0218,0.4631,0.2276,0.192,0.1909,0
CID00602,52,Active Trader,22,55,11,33,48399.54,34923.52,192308.19,182178.17,0.00396,0.6965,0.1228,0.1229,0.1702,0
CID00603,16,Retail,1,6,5,16,4907.08,1413.71,15173.38,15470.11,0.02002,0.5325,0.1929,0.6016,0.3298,0
CID00604,1,Retail,6,10,5,14,800.8,104.14,4409.59,4523.91,-0.01012,0.3681,0.0181,0.4883,0.1335,1
CID00605,39,Retail,1,3,6,18,22322.14,3366.05,57146.66,52279.51,0.02748,0.7533,0.16,0.2315,0.2467,0
CID00606,21,Retail,2,4,3,13,5219.41,836.14,14178.12,16158.94,0.01688,0.4977,0.1133,0.0912,0.2132,0
CID00607,106,HNI,2,18,4,11,304286.81,63073.09,900404.83,768898.55,0.01117,0.5303,0.1227,0.3339,0.1418,0
CID00608,63,Active Trader,15,55,7,41,21724.71,8997.31,164564.2,106703.9,0.01284,0.6175,0.0483,0.3403,0.5639,0
CID00609,39,Active Trader,18,53,10,50,48062.86,14688.55,227618.87,252156.35,0.00511,0.4077,0.2002,0.2706,0.0453,0
CID00610,36,Retail,1,7,1,13,4604.67,101.89,20093.39,13199.39,0.01716,0.2791,0.1306,0.0431,0.1763,1
CID00611,44,Active Trader,16,65,13,48,7152.14,715.31,32141.54,22700.0,-0.01361,0.3441,0.0735,0.0896,0.2897,0
CID00612,28,Active Trader,20,66,10,38,44518.56,14120.75,104960.32,99524.99,0.00489,0.6233,0.0083,0.1305,0.1344,0
CID00613,35,Active Trader,15,64,14,31,194495.33,93004.18,265566.38,284934.43,0.01535,0.6328,0.2575,0.0475,0.1443,0
CID00614,62,Active Trader,17,56,15,39,140544.55,70097.47,403620.16,403533.43,0.00423,0.4577,0.2201,0.0811,0.0251,0
CID00615,34,Retail,4,7,5,11,12622.21,6169.51,37860.27,42405.36,0.00294,0.2581,0.1348,0.0823,0.1317,0
CID00616,66,Active Trader,16,59,10,35,15597.55,7736.89,155836.03,96344.85,-0.02648,0.657,0.2009,0.4322,0.2551,0
CID00617,44,Active Trader,14,51,17,44,21392.21,4188.62,68361.74,53581.03,0.00035,0.6505,0.1036,0.217,0.2317,0
CID00618,33,Active Trader,18,67,11,38,18787.3,3789.6,103034.33,66389.3,-0.01368,0.4696,0.0606,0.1084,0.4921,1
CID00619,33,Retail,3,9,5,14,22255.68,5974.8,112337.82,91189.73,0.00236,0.4045,0.15,0.6417,0.1264,0
CID00620,40,Retail,1,7,2,6,30647.21,1923.43,50195.48,40033.89,0.00292,0.5014,0.245,0.2751,0.1938,0
CID00621,18,Retail,3,5,4,18,5786.12,1464.54,27513.27,20033.74,0.02126,0.6276,0.1266,0.3329,0.0892,0
CID00622,8,Retail,2,10,2,18,2986.68,1528.42,37984.36,42318.69,0.01647,0.5307,0.0192,0.6824,0.1735,0
CID00623,20,Retail,3,9,4,18,3025.77,393.54,8162.15,7617.14,0.00073,0.7383,0.079,0.1886,0.0145,0
CID00624,6,Retail,2,9,2,9,7610.09,1762.45,35871.06,27944.5,-0.01002,0.4029,0.1324,0.4802,0.3941,0
CID00625,58,HNI,5,18,5,9,567463.14,9878.88,2049313.81,2169325.55,0.00744,0.6887,0.1025,0.1004,0.3692,0
CID00626,24,Retail,2,8,2,12,3428.48,297.05,12702.99,13318.3,0.00392,0.2353,0.2134,0.2198,0.1219,0
CID00627,38,Active Trader,11,51,17,38,200945.19,129942.66,263220.81,214640.7,0.0072,0.5299,0.1184,0.4126,0.02,0
CID00628,69,HNI,5,22,4,20,180107.73,33478.99,1472083.7,1336178.16,0.017,0.4156,0.1449,0.6429,0.1063,0
CID00629,43,Active Trader,14,68,12,40,42532.32,1814.68,79147.09,69156.15,-0.01232,0.3503,0.1781,0.2544,0.0983,0
CID00630,14,Retail,1,6,5,14,2613.6,111.34,21304.13,20948.76,0.00258,0.4493,0.0126,0.4675,0.3388,0
CID00631,17,Retail,2,8,2,11,19036.59,8267.53,29082.32,32742.4,-0.00248,0.3713,0.051,0.4587,0.2101,1
CID00632,32,Retail,3,5,3,15,2167.17,431.52,8288.07,5685.14,-0.0011,0.2797,0.0252,0.3166,0.1806,0
CID00633,48,Retail,5,6,7,18,3752.09,524.59,17451.02,16069.12,-0.00824,0.4626,0.0377,0.0555,0.0667,0
CID00634,35,Retail,0,6,5,9,2490.92,1344.81,21290.44,17085.21,0.01815,0.7012,0.1425,0.1379,0.1213,0
CID00635,36,Retail,2,5,8,19,2956.07,1721.29,8985.08,7298.23,0.01003,0.6095,0.1344,0.2334,0.0935,0
CID00636,20,Retail,2,6,7,7,6262.02,1808.51,25449.43,19490.1,-0.0099,0.5659,0.1855,0.0226,0.2869,0
CID00637,33,Retail,3,6,2,17,36531.47,7115.96,129857.93,120743.19,-0.00035,0.4841,0.2746,0.1542,0.0184,0
CID00638,32,Retail,2,10,5,14,3632.61,900.58,10316.51,8496.9,0.03572,0.6524,0.0849,0.3589,0.4485,0
CID00639,39,Retail,1,10,3,15,2238.44,198.67,21742.28,21446.04,-0.00352,0.4152,0.1115,0.0823,0.355,0
CID00640,29,Active Trader,10,56,12,45,21944.29,10376.29,180868.6,174215.89,-0.0318,0.5946,0.1645,0.3795,0.1687,0
CID00641,6,Retail,1,3,4,15,58252.9,20591.98,112523.07,103065.51,-0.01342,0.5525,0.0425,0.1575,0.1209,1
CID00642,31,Active Trader,14,52,13,42,28893.82,5836.48,91199.09,80841.23,-0.01386,0.7316,0.2502,0.192,0.0785,0
CID00643,26,Active Trader,34,53,12,34,5314.58,1776.23,66134.46,46485.21,0.02766,0.3558,0.0796,0.0904,0.1412,0
CID00644,1,HNI,2,17,4,11,216894.98,49042.79,697192.86,625892.02,0.02391,0.659,0.0857,0.1887,0.1949,0
CID00645,35,Retail,1,6,2,11,3811.99,236.03,17761.52,17583.27,0.01594,0.6401,0.099,0.113,0.1832,0
CID00646,18,Retail,3,9,2,15,910.02,4.89,9643.53,9507.37,0.02046,0.3316,0.2525,0.3698,0.1189,0
CID00647,59,HNI,7,22,1,16,476596.26,64638.85,1768661.85,1154455.68,0.01293,0.5236,0.1944,0.2591,0.2385,0
CID00648,29,Retail,0,10,4,21,7420.34,4219.58,17975.83,18330.51,0.0417,0.3194,0.2153,0.3502,0.1455,0
CID00649,28,HNI,7,21,4,16,221116.83,19437.65,569116.01,615676.22,-0.01245,0.1622,0.0573,0.1245,0.184,0
CID00650,12,Retail,1,3,1,6,7912.34,763.08,18270.97,16670.9,-0.00862,0.1531,0.1158,0.2684,0.0146,0
CID00651,49,Active Trader,17,62,12,42,22061.67,3065.46,159350.07,107947.99,0.02601,0.6379,0.2539,0.2523,0.4042,0
CID00652,20,Active Trader,16,59,17,30,8393.2,5802.98,41469.93,40210.58,0.01112,0.8505,0.1345,0.1084,0.0932,0
CID00653,68,Active Trader,21,47,8,39,12763.94,4978.48,113601.33,70684.33,-0.00442,0.4973,0.1193,0.3459,0.1358,0
CID00654,25,Active Trader,10,52,13,38,15964.42,1027.3,64330.49,47487.1,-0.0002,0.7073,0.1649,0.3398,0.0437,0
CID00655,3,Retail,3,8,2,15,20352.21,8556.12,54735.61,52839.89,0.03952,0.5088,0.1904,0.2853,0.2306,0
CID00656,41,Retail,5,9,3,10,3605.53,131.08,12558.62,9237.76,0.01952,0.5379,0.1921,0.1562,0.1197,0
CID00657,69,HNI,5,16,5,15,36884.28,10804.82,387843.34,249148.67,0.01954,0.5367,0.1867,0.2213,0.1427,0
CID00658,38,Retail,2,5,6,13,13925.54,969.87,38981.91,37563.61,0.01985,0.3464,0.1451,0.3006,0.0977,1
CID00659,1,Retail,0,4,5,14,13041.77,7153.76,46405.61,28783.44,0.02437,0.8233,0.1417,0.593,0.5601,0
CID00660,30,Retail,5,6,5,16,7908.52,144.38,23639.98,25586.95,0.01419,0.4192,0.0934,0.3262,0.0442,0
CID00661,58,Active Trader,20,59,13,39,82504.12,9590.52,217451.76,200062.81,0.0062,0.6581,0.1998,0.1612,0.4036,0
CID00662,48,Retail,2,10,3,20,3286.48,458.59,9574.87,7353.68,-0.01904,0.7686,0.1482,0.1104,0.2677,0
CID00663,33,Active Trader,17,51,14,34,22477.14,9728.48,79885.63,74849.7,-0.00394,0.3252,0.1026,0.3148,0.1327,1
CID00664,1,Retail,2,7,3,10,3473.21,315.54,21606.77,12965.55,-0.00228,0.5019,0.0792,0.5365,0.1251,1
CID00665,40,Active Trader,11,59,7,43,92016.55,6027.43,241429.63,275828.18,0.02306,0.3298,0.0375,0.4974,0.2864,0
CID00666,43,Active Trader,19,56,9,36,23218.84,5447.05,60372.79,37617.41,0.0117,0.3994,0.1336,0.1746,0.5361,0
CID00667,38,Retail,2,7,4,22,1910.09,913.45,17533.58,10840.7,0.00392,0.6229,0.0145,0.2146,0.4996,0
CID00668,62,Active Trader,19,64,15,36,21037.87,16342.36,107643.0,66296.09,0.00652,0.6112,0.1548,0.3082,0.2097,0
CID00669,48,Retail,1,7,3,16,4218.38,949.97,17468.29,10569.55,-0.00588,0.6712,0.2509,0.4436,0.1744,0
CID00670,76,Active Trader,17,85,17,40,244984.66,94858.49,242745.46,252436.35,0.02126,0.6147,0.1671,0.4205,0.24,0
CID00671,1,Retail,1,10,2,12,3987.41,844.62,35821.53,24140.97,0.01532,0.4986,0.0609,0.3613,0.3788,0
CID00672,38,Active Trader,18,71,10,47,14006.99,1421.17,30057.11,28322.01,-0.00986,0.5157,0.1404,0.6891,0.0931,0
CID00673,40,Active Trader,21,53,10,36,103202.52,47532.26,356353.08,267980.88,-0.00786,0.3915,0.0199,0.195,0.5032,0
CID00674,75,HNI,4,10,2,12,84912.37,6136.65,537339.74,577153.84,0.01351,0.6963,0.0439,0.2565,0.1551,0
CID00675,8,Retail,1,5,5,16,29358.13,1566.12,45386.71,50109.13,0.01208,0.2244,0.0557,0.0907,0.1967,1
CID00676,39,Retail,1,3,5,13,3384.47,836.17,5271.69,3565.41,0.00674,0.3068,0.139,0.3201,0.0881,0
CID00677,56,HNI,5,16,4,15,79746.03,4173.6,360112.19,368680.3,0.01703,0.6017,0.1363,0.3475,0.1859,0
CID00678,26,Active Trader,22,65,13,48,8619.76,331.83,61875.73,50556.05,0.01896,0.5812,0.0998,0.0572,0.3375,1
CID00679,29,Retail,4,11,1,13,7571.84,3245.86,18201.31,17986.78,0.00481,0.7144,0.17,0.1343,0.3456,0
CID00680,53,HNI,7,14,6,15,384094.61,42321.38,1333472.76,843742.99,-0.00027,0.3727,0.208,0.1833,0.112,0
CID00681,15,Retail,0,5,4,15,4882.67,2285.42,23170.19,17156.11,-0.01609,0.3471,0.1102,0.0304,0.3736,0
CID00682,73,HNI,5,22,4,18,80636.16,17197.65,542821.15,596037.28,-0.00322,0.632,0.2248,0.495,0.1759,0
CID00683,29,Active Trader,14,57,12,44,7569.67,2906.0,28184.58,28494.55,0.04051,0.6487,0.2492,0.1985,0.2293,0
CID00684,56,HNI,3,18,7,12,214170.64,12200.74,416942.4,388449.17,-0.00056,0.2217,0.1378,0.1807,0.0178,1
CID00685,9,Retail,1,13,2,18,9262.85,2041.37,16676.6,14911.71,-0.01516,0.8358,0.1538,0.1095,0.1451,0
CID00686,28,Retail,1,6,5,7,5653.43,2191.78,16085.52,18170.77,0.00356,0.5544,0.1071,0.2522,0.1005,0
CID00687,27,Retail,2,4,3,9,1660.46,235.04,21831.79,14161.09,0.0049,0.8435,0.1029,0.1236,0.0575,1
CID00688,50,Retail,0,6,6,13,2146.9,13.08,14829.57,10607.94,-0.01471,0.5244,0.1065,0.2046,0.056,0
CID00689,36,Retail,1,7,3,11,10835.33,1302.13,32254.67,24431.25,0.00872,0.7475,0.0381,0.1542,0.2739,0
CID00690,22,Retail,2,7,4,9,44316.36,4004.71,78073.89,63106.29,0.0049,0.6985,0.0992,0.3989,0.251,1
CID00691,63,HNI,5,19,2,11,334230.19,78651.54,969392.8,865663.4,-0.01628,0.589,0.1459,0.3519,0.0082,0
CID00692,17,Active Trader,11,61,10,36,6821.98,1219.89,43645.52,32068.07,-0.01242,0.5042,0.1944,0.0594,0.3226,0
CID00693,56,Retail,4,14,4,12,7062.35,330.49,15040.57,15241.95,0.00778,0.5871,0.1217,0.0867,0.1533,0
CID00694,26,Active Trader,25,64,11,34,33468.41,12748.88,198042.25,163448.7,-0.00219,0.6831,0.0962,0.2257,0.1909,0
CID00695,12,Retail,0,6,4,16,1300.54,463.35,4932.7,4359.69,-0.0025,0.2032,0.1055,0.3186,0.2057,0
CID00696,27,Retail,4,7,3,11,2073.41,1619.71,8960.26,7182.39,0.04078,0.7203,0.2918,0.1585,0.4297,1
CID00697,23,Retail,4,5,1,18,15465.15,1366.74,40199.56,41972.08,0.024,0.3569,0.093,0.3904,0.3764,0
CID00698,44,Active Trader,23,66,13,42,61834.58,11266.85,158168.65,128162.1,0.0141,0.4928,0.1436,0.1365,0.4686,0
CID00699,38,Active Trader,13,58,13,32,32968.98,24364.18,57348.1,65501.36,-0.00172,0.3075,0.0966,0.6776,0.0814,0
CID00700,4,Retail,1,4,5,12,11579.99,3463.53,25436.6,26926.77,-0.00297,0.4263,0.1994,0.0913,0.0291,1
CID00701,27,Retail,2,7,3,11,4485.14,1235.39,26367.29,21536.06,0.0205,0.2852,0.1413,0.2793,0.2961,1
CID00702,1,Retail,1,8,6,17,10503.57,2924.59,40390.04,32162.77,0.0019,0.2063,0.1374,0.0307,0.3395,0
CID00703,56,Retail,3,7,4,8,6717.42,1696.5,22881.54,14293.06,0.00794,0.3939,0.2324,0.4346,0.2984,1
CID00704,1,HNI,7,14,0,14,413234.59,69471.93,1075567.61,1142752.64,0.01603,0.4545,0.0883,0.2821,0.3442,0
CID00705,22,Retail,2,3,5,8,19715.14,5387.94,123799.08,111516.7,-0.02331,0.3985,0.1647,0.4155,0.095,0
CID00706,38,Retail,2,4,4,10,13358.92,4436.98,50943.22,50183.61,0.00318,0.5466,0.159,0.2451,0.1008,0
CID00707,27,Retail,0,8,3,17,1921.52,205.13,9447.93,8406.94,0.02862,0.6287,0.078,0.4048,0.1648,0
CID00708,46,Retail,1,7,3,13,8881.41,2625.33,25271.78,24252.0,0.01101,0.3643,0.1692,0.1286,0.0874,0
CID00709,34,Active Trader,16,58,8,54,28489.43,9622.2,130996.94,117700.46,0.00304,0.2981,0.1364,0.2205,0.2169,1
CID00710,45,HNI,1,27,3,10,110913.5,19825.78,576556.03,438871.16,0.03107,0.5647,0.1027,0.207,0.0599,1
CID00711,1,Retail,1,8,2,15,6865.68,669.73,21507.41,23881.29,0.01823,0.5621,0.2834,0.1858,0.0829,0
CID00712,85,HNI,4,17,3,6,169097.45,49923.54,610846.29,465291.65,0.00719,0.3788,0.0974,0.2965,0.046,0
CID00713,2,Retail,3,4,3,11,6727.79,1967.51,20397.26,17856.88,-0.02456,0.6234,0.103,0.3381,0.1349,0
CID00714,60,Active Trader,19,63,14,31,10637.12,4233.28,52096.77,55987.17,-0.01932,0.5882,0.1451,0.3729,0.1669,0
CID00715,22,Retail,2,9,5,6,4721.46,1003.93,17567.68,15686.83,-0.00575,0.5054,0.2281,0.3691,0.0287,1
CID00716,50,Active Trader,24,63,11,34,22101.6,6288.13,61900.81,69825.64,-2e-05,0.5297,0.3599,0.5697,0.1283,0
CID00717,34,Active Trader,18,59,10,45,12034.54,1548.71,51807.07,43267.68,-0.0048,0.3019,0.2174,0.0885,0.0292,0
CID00718,25,Active Trader,17,66,3,39,29786.68,614.74,113509.71,75174.1,-0.0122,0.4886,0.2332,0.1433,0.1751,0
CID00719,10,Retail,1,5,6,13,5543.6,1401.6,31266.35,19183.07,0.00306,0.8152,0.0265,0.1417,0.3003,1
CID00720,25,Retail,2,12,5,11,4212.54,630.05,34698.15,35204.49,0.0062,0.8179,0.1596,0.088,0.173,0
CID00721,32,Retail,0,9,4,19,4200.34,1179.19,8725.84,9007.07,-0.00378,0.6063,0.2035,0.1644,0.1505,0
CID00722,20,Retail,1,6,5,16,27714.76,4888.47,51605.68,48336.37,0.00442,0.4585,0.0818,0.102,0.1068,0
CID00723,35,Active Trader,16,49,10,51,24114.85,3029.1,49430.45,30930.39,0.0045,0.657,0.0061,0.187,0.3285,0
CID00724,28,Retail,3,11,5,9,8589.7,1571.85,25924.1,22833.57,0.00251,0.6253,0.1657,0.3501,0.1406,0
CID00725,18,Retail,4,4,6,13,3550.99,369.57,12013.54,10296.53,0.01896,0.5446,0.1869,0.297,0.1419,0
CID00726,32,Retail,3,10,4,22,2650.18,146.49,7723.79,8742.92,-0.00142,0.2401,0.2287,0.225,0.0573,1
CID00727,38,Retail,1,7,2,11,1744.96,463.68,5303.6,5225.38,-0.00203,0.3335,0.1042,0.2663,0.4742,0
CID00728,12,Retail,4,5,4,20,1966.64,214.26,7109.69,4673.96,-0.00819,0.6851,0.0438,0.3696,0.0641,0
CID00729,16,Retail,2,8,7,13,1436.15,100.14,9490.62,6979.14,-0.01451,0.7372,0.211,0.3061,0.1985,1
CID00730,26,Active Trader,15,48,11,37,28035.35,7470.04,96459.97,91249.57,-0.00408,0.6479,0.0136,0.2696,0.0786,0
CID00731,46,Retail,2,12,4,13,3271.0,972.47,19073.13,13104.06,0.0021,0.6368,0.0436,0.1788,0.1676,0
CID00732,47,HNI,5,9,4,18,53772.86,3961.73,212475.11,166707.11,0.01996,0.537,0.0868,0.0472,0.0351,0
CID00733,18,Retail,4,5,2,13,23883.45,2646.77,75747.48,66459.64,0.00765,0.6974,0.0925,0.3389,0.0454,0
CID00734,67,HNI,11,18,3,14,203158.57,37331.42,1269786.52,889537.7,0.01167,0.6955,0.1265,0.1314,0.0065,0
CID00735,72,HNI,6,20,9,10,58797.12,23397.04,339585.66,308828.81,-0.01998,0.7606,0.0746,0.293,0.0682,0
CID00736,69,HNI,4,20,1,23,63385.04,20295.79,215540.88,230082.69,-0.01005,0.387,0.1178,0.2115,0.0122,0
CID00737,21,Retail,1,8,2,13,1119.82,242.83,9083.73,8726.78,-0.00307,0.2468,0.0859,0.3123,0.1448,0
CID00738,30,Retail,0,5,4,9,8726.05,677.07,50388.25,40560.44,-0.01673,0.4512,0.2034,0.3443,0.3222,0
CID00739,2,Active Trader,20,49,9,33,92098.81,44096.97,105537.57,83954.44,6e-05,0.4485,0.1804,0.407,0.2086,1
CID00740,31,Active Trader,19,63,16,42,31449.83,3005.87,77774.21,52109.69,-0.00607,0.4593,0.0629,0.2998,0.291,0
CID00741,20,Retail,2,7,0,12,10122.7,3577.9,28680.59,18900.8,0.02947,0.6486,0.2554,0.6738,0.1046,0
CID00742,26,Retail,3,7,4,15,4264.23,1318.24,18196.05,15943.53,0.02234,0.2851,0.0575,0.0556,0.4748,0
CID00743,2,Retail,2,8,3,21,1135.9,166.49,17736.81,11135.49,-0.00356,0.3438,0.1476,0.2378,0.1601,0
CID00744,23,Retail,2,8,0,13,2473.51,798.82,17693.04,14693.89,0.01227,0.4016,0.1677,0.2469,0.1063,0
CID00745,19,Retail,0,8,2,19,3865.65,673.28,19956.23,17270.68,0.00831,0.3521,0.1075,0.5288,0.1276,1
CID00746,88,HNI,4,27,5,11,54849.83,625.11,583364.62,380774.8,0.01299,0.8091,0.006,0.236,0.1329,0
CID00747,64,HNI,3,20,6,15,125662.64,55207.11,1020979.02,622980.01,-0.0045,0.3086,0.2409,0.2393,0.1774,0
CID00748,25,HNI,7,22,3,8,214230.87,8840.39,522597.96,503854.0,0.00596,0.7544,0.1361,0.2309,0.1216,0
CID00749,4,Retail,2,4,4,18,3022.37,466.34,21460.71,20819.21,0.00864,0.4527,0.0868,0.5296,0.0307,0
CID00750,47,Retail,1,10,6,17,6667.8,414.85,32491.05,32451.79,-0.00561,0.4156,0.0031,0.142,0.1471,0
CID00751,14,Active Trader,15,54,15,37,57764.18,3107.73,219336.3,172947.52,0.0271,0.7973,0.0807,0.4,0.2503,0
CID00752,40,Retail,1,14,2,12,5392.96,2360.32,13040.29,13061.88,0.01957,0.4818,0.1607,0.2963,0.3704,0
CID00753,32,Active Trader,12,53,8,45,142221.42,34052.22,252132.79,266271.75,0.02224,0.3558,0.0727,0.5153,0.1455,1
CID00754,16,Retail,0,7,2,11,3666.95,1023.48,10037.52,8308.0,-0.01197,0.5264,0.2246,0.0743,0.1114,0
CID00755,5,Retail,2,5,3,16,5445.32,1216.26,69549.95,55345.05,0.00576,0.5381,0.2296,0.1,0.122,0
CID00756,11,Active Trader,16,58,15,28,72818.79,5790.78,88119.28,97270.13,0.00241,0.8295,0.2328,0.2168,0.6731,0
CID00757,40,Active Trader,20,64,10,39,64085.11,13911.27,205676.81,205476.29,0.02442,0.7178,0.2741,0.2572,0.1925,0
CID00758,12,Retail,3,5,4,14,1296.98,332.72,5376.72,4625.79,0.00312,0.4839,0.0977,0.1121,0.0531,0
CID00759,57,Active Trader,27,69,11,40,50082.17,14053.01,128927.96,122026.07,0.00918,0.5547,0.0106,0.0814,0.0504,0
CID00760,27,Retail,1,4,3,16,2364.27,400.22,16219.39,12596.73,0.02105,0.5246,0.0705,0.2966,0.2643,0
CID00761,24,Retail,6,8,4,9,7627.55,1376.93,36497.77,30920.06,-0.01287,0.4223,0.1419,0.5587,0.0203,1
CID00762,80,Active Trader,13,58,16,37,32921.87,12483.45,93938.78,68750.17,-0.01355,0.3414,0.1317,0.1149,0.1215,0
CID00763,27,Retail,5,11,4,7,2063.87,242.38,14626.1,10308.86,0.01206,0.2786,0.087,0.191,0.2489,0
CID00764,11,Retail,3,6,4,8,16086.94,3338.56,47240.19,39328.02,0.0137,0.3227,0.0728,0.3331,0.0953,0
CID00765,20,Retail,3,7,2,11,1350.84,196.58,4910.97,4011.57,0.02371,0.6512,0.117,0.2524,0.3612,0
CID00766,8,Retail,1,7,3,14,2524.32,792.59,16340.11,18465.2,-0.00439,0.4579,0.0006,0.1505,0.5573,0
CID00767,22,Retail,3,6,5,12,13886.01,6072.96,23286.44,19915.72,0.0276,0.7078,0.084,0.5009,0.16,1
CID00768,44,HNI,10,19,8,11,242810.88,83961.85,700459.34,749748.91,0.0106,0.2489,0.1453,0.1781,0.5189,0
CID00769,24,HNI,5,17,0,19,53844.72,8806.59,599769.54,369364.43,0.00859,0.3234,0.1319,0.2016,0.0788,0
CID00770,14,Retail,0,3,5,23,9812.09,5085.81,41209.47,27468.86,0.0025,0.3669,0.1518,0.1008,0.0419,0
CID00771,27,Active Trader,13,52,11,37,64973.48,12462.51,163225.17,133218.76,0.01626,0.5655,0.0176,0.1875,0.1332,0
CID00772,39,Retail,5,8,6,11,2462.7,1128.43,8221.37,9390.57,0.00733,0.3744,0.1509,0.4432,0.239,1
CID00773,14,Retail,3,6,5,13,5013.94,2382.15,27591.41,19393.11,0.01297,0.1418,0.0954,0.2695,0.0976,0
CID00774,72,HNI,6,15,7,10,199396.77,95988.86,739931.0,520221.84,0.01459,0.537,0.1429,0.282,0.1375,0
CID00775,31,HNI,2,25,2,7,30650.19,217.89,411568.43,369510.9,0.00289,0.8047,0.1704,0.1312,0.2733,0
CID00776,46,Active Trader,23,52,11,55,40510.91,482.4,161525.48,127579.95,0.02672,0.3813,0.1408,0.2579,0.0578,0
CID00777,29,Retail,2,8,5,17,18590.0,11189.19,28627.32,30729.24,0.00186,0.4477,0.129,0.1405,0.0412,0
CID00778,33,Retail,2,6,0,11,19494.96,3025.67,34142.57,39065.21,0.006,0.3746,0.0787,0.0823,0.1657,0
CID00779,30,Retail,1,13,1,15,11322.22,1455.42,20718.27,19574.3,-0.0168,0.3439,0.227,0.1786,0.0375,0
CID00780,24,Retail,2,12,4,4,828.82,289.7,2954.34,3230.77,-0.00526,0.4853,0.1751,0.1376,0.0808,0
CID00781,44,Active Trader,11,56,16,46,10515.85,669.68,44512.15,28541.75,0.00286,0.5412,0.1523,0.4561,0.0074,0
CID00782,1,Retail,3,10,3,15,11291.61,2389.95,22006.22,22387.16,-0.00491,0.3573,0.1943,0.1924,0.0869,0
CID00783,40,HNI,3,19,4,12,512768.25,182131.69,2861916.72,3118409.46,0.01689,0.494,0.2196,0.1718,0.2395,0
CID00784,46,Retail,0,10,1,16,16031.42,5183.33,73691.4,73619.57,-0.003,0.8374,0.1297,0.3353,0.3126,0
CID00785,37,Active Trader,20,62,14,50,13668.49,963.92,112820.46,102192.69,0.01701,0.4519,0.0442,0.42,0.2458,1
CID00786,83,HNI,6,13,4,8,426358.29,115477.25,855179.7,921199.2,-0.01121,0.6941,0.1145,0.4671,0.1252,0
CID00787,27,Retail,2,7,4,17,52246.59,17284.31,65646.97,75034.71,0.00861,0.7012,0.0548,0.2513,0.3278,0
CID00788,8,Retail,4,9,1,13,1439.89,310.54,3213.06,3085.75,0.02074,0.4553,0.0761,0.3778,0.2134,0
CID00789,33,Active Trader,15,54,12,38,17468.17,9014.56,51121.11,44060.31,0.05223,0.3085,0.1807,0.3946,0.2404,0
CID00790,22,Retail,0,5,7,9,3397.73,572.22,17211.55,11376.98,-0.00158,0.3025,0.1187,0.654,0.2334,0
CID00791,27,Retail,0,5,4,22,4826.9,574.21,32666.92,21379.08,-0.00436,0.4019,0.0713,0.8589,0.1762,0
CID00792,18,Retail,1,8,7,10,1552.71,594.83,8224.78,8392.33,0.00825,0.5111,0.1057,0.4628,0.082,1
CID00793,1,Retail,0,8,3,13,15821.52,9081.73,41408.69,37949.44,0.02105,0.7013,0.2269,0.0392,0.2134,1
CID00794,10,Retail,2,6,6,15,2409.31,807.08,14723.24,15532.37,-0.01225,0.7767,0.0947,0.3651,0.2826,0
CID00795,31,Retail,0,5,3,17,1680.54,210.56,6103.48,5040.88,-0.01397,0.8797,0.1014,0.075,0.1858,0
CID00796,32,HNI,4,24,8,14,235733.65,50465.58,978465.12,641906.83,-0.02461,0.8151,0.1311,0.3463,0.2132,0
CID00797,16,Retail,1,9,2,18,2978.99,364.27,31173.67,25242.44,0.0002,0.6658,0.0524,0.5026,0.2532,0
CID00798,41,Active Trader,7,54,19,39,114872.11,53771.23,178317.11,194760.58,0.00056,0.5993,0.0358,0.1207,0.1443,0
CID00799,36,Retail,3,8,6,16,4801.4,532.97,28672.52,19403.1,-0.00922,0.2493,0.271,0.2822,0.2202,0
CID00800,45,Retail,1,15,4,13,14036.22,2470.88,34172.71,29003.18,0.01521,0.6096,0.1933,0.1222,0.2593,0
CID00801,86,HNI,4,20,3,14,841211.08,26949.41,3445909.04,2690529.12,0.03143,0.6048,0.0348,0.3173,0.1506,0
CID00802,39,Active Trader,17,54,11,37,14528.05,2354.71,60429.78,57115.27,-0.02644,0.5164,0.0827,0.3013,0.0468,0
CID00803,39,Active Trader,25,56,9,36,23855.19,7839.87,72382.97,72497.95,-0.00816,0.21,0.2296,0.7218,0.0842,0
CID00804,28,Active Trader,12,61,11,32,8605.18,3110.51,47651.07,32028.82,-0.00536,0.4237,0.0835,0.6175,0.106,0
CID00805,25,Retail,0,9,3,13,10092.19,3042.68,45159.16,31279.79,-0.01183,0.2742,0.1797,0.3436,0.4299,1
CID00806,34,Active Trader,16,57,11,41,7012.65,3404.94,39363.02,26618.51,0.00917,0.246,0.2178,0.2167,0.1181,0
CID00807,64,Active Trader,11,72,8,49,50346.52,6364.29,380441.12,274480.01,-0.00909,0.3793,0.1965,0.4108,0.1255,0
CID00808,15,Retail,0,8,3,12,5751.62,3257.55,22109.22,22099.36,-0.00254,0.4756,0.069,0.542,0.2178,0
CID00809,33,Retail,5,8,7,12,1908.08,297.54,11503.67,9101.53,0.02272,0.3936,0.1238,0.3327,0.0413,0
CID00810,24,Retail,3,5,2,13,7948.82,1560.95,24782.66,22301.74,-0.0065,0.1861,0.013,0.3798,0.1887,0
CID00811,14,Retail,3,7,3,18,9757.81,3114.59,23039.03,25648.58,-0.00782,0.6382,0.1626,0.452,0.0489,0
CID00812,55,Active Trader,18,61,19,40,2664.14,1049.94,24546.09,15793.38,0.01207,0.3985,0.0926,0.5049,0.4153,0
CID00813,20,Retail,0,6,3,13,4975.31,2093.66,15138.31,13565.39,-0.00391,0.6538,0.0311,0.3998,0.3195,1
CID00814,1,Retail,4,6,4,11,1184.68,248.83,9210.04,5571.44,-0.0094,0.5214,0.2729,0.5205,0.2229,0
CID00815,16,Retail,1,7,4,14,4775.18,2010.29,27908.21,17143.07,0.00185,0.5679,0.3446,0.2177,0.0562,0
CID00816,24,Retail,2,4,8,9,4124.18,573.85,8068.04,6071.01,0.01242,0.5974,0.0604,0.3194,0.0199,0
CID00817,24,Active Trader,20,72,16,38,29389.89,10828.14,177082.68,110214.3,0.02254,0.4845,0.1699,0.3613,0.237,0
CID00818,31,HNI,5,24,4,8,1004407.74,38620.78,1735449.59,1942784.84,-0.00418,0.5528,0.1587,0.1948,0.4919,0
CID00819,41,Retail,2,9,5,24,4117.73,1815.08,24355.5,15041.94,0.00618,0.7759,0.0595,0.2084,0.2103,0
CID00820,3,Retail,2,5,4,10,1562.81,548.39,9705.61,6900.61,-0.00446,0.4769,0.1508,0.1152,0.1218,0
CID00821,18,Retail,1,9,5,15,2819.62,325.52,22748.22,13891.11,-0.0066,0.6571,0.1459,0.4814,0.1577,0
CID00822,14,Retail,6,7,3,18,2023.91,854.3,6395.26,3960.2,-0.0086,0.5483,0.0174,0.1854,0.0138,0
CID00823,37,Retail,3,6,7,20,1422.55,663.79,8243.75,8663.29,0.02025,0.5407,0.0705,0.3533,0.2252,0
CID00824,45,Retail,3,5,6,13,317.74,35.1,2830.57,2108.93,-0.01329,0.6424,0.1557,0.2357,0.0033,0
CID00825,19,Retail,0,15,5,14,1524.99,871.28,10864.23,8685.61,0.0161,0.5151,0.0515,0.2446,0.0383,0
CID00826,22,Active Trader,19,61,10,46,17964.53,2928.21,84151.82,76710.12,0.02601,0.5076,0.1816,0.5405,0.1928,0
CID00827,14,Active Trader,20,56,12,40,265472.45,205874.93,900998.84,1008498.8,0.02411,0.5032,0.1546,0.0858,0.2033,0
CID00828,34,Retail,3,7,2,9,5394.39,1903.14,21583.09,16471.19,-0.01399,0.4177,0.2316,0.1262,0.1472,0
CID00829,55,Retail,1,6,3,15,12242.23,3656.76,40558.83,43795.53,0.00322,0.6069,0.1821,0.2851,0.1085,1
CID00830,53,HNI,3,16,5,18,294875.39,8048.64,999388.68,669093.18,0.0248,0.5336,0.1022,0.6597,0.2733,0
CID00831,95,HNI,4,20,5,12,80281.43,20134.92,285355.19,230564.44,-0.04012,0.4445,0.073,0.0664,0.1888,1
CID00832,2,Retail,2,11,2,12,2709.29,771.94,20749.49,19842.01,-0.00763,0.683,0.0907,0.289,0.5115,1
CID00833,1,Retail,1,8,5,16,8691.69,2289.09,15276.19,12050.98,0.02581,0.7143,0.1701,0.1731,0.1159,0
CID00834,8,Active Trader,12,64,17,37,19590.75,1920.6,67854.58,45117.26,-0.0024,0.5588,0.1797,0.5137,0.1988,0
CID00835,7,Retail,2,8,4,19,10767.25,4853.79,67713.7,45894.44,0.02925,0.6587,0.1067,0.3157,0.2511,0
CID00836,29,Retail,0,9,5,16,3489.72,288.66,10210.96,11033.56,0.0106,0.7783,0.1484,0.4547,0.1755,0
CID00837,26,Active Trader,24,56,13,38,63127.9,15507.17,261689.48,251401.23,0.01116,0.4447,0.1769,0.429,0.0447,0
CID00838,17,Retail,1,5,3,11,4564.53,449.4,15628.31,13499.55,-0.00658,0.4942,0.1809,0.4774,0.4007,0
CID00839,37,Active Trader,10,67,7,36,45982.49,9443.99,134591.22,127464.16,0.00845,0.4914,0.269,0.2087,0.0964,0
CID00840,36,Active Trader,23,59,10,40,8358.09,2129.15,26436.0,25746.96,0.02404,0.6862,0.1219,0.2344,0.2979,1
CID00841,26,Retail,0,6,4,12,25989.47,11362.59,70944.81,79397.48,0.0158,0.6065,0.1349,0.1645,0.1378,0
CID00842,6,Retail,1,7,3,16,5373.67,1203.39,22332.32,22964.76,0.00341,0.662,0.1751,0.1902,0.213,0
CID00843,37,Active Trader,22,60,13,41,64917.82,23057.7,252030.2,246948.3,0.01939,0.6069,0.3254,0.1086,0.1159,1
CID00844,64,HNI,2,20,2,13,313565.1,176566.52,617739.23,646332.18,0.01636,0.7376,0.1015,0.4541,0.0576,0
CID00845,4,Active Trader,17,66,16,48,26410.45,15631.01,94330.95,91320.62,0.00793,0.5102,0.1822,0.1566,0.1842,0
CID00846,79,HNI,6,12,7,15,480060.43,27124.75,901451.86,916483.96,-0.00665,0.5497,0.0293,0.2553,0.1315,0
CID00847,19,Retail,3,3,8,13,14512.12,1047.64,35078.23,32403.28,-0.01835,0.2115,0.1891,0.1968,0.3782,0
CID00848,41,Retail,4,10,2,14,9874.14,1686.8,14180.25,10354.66,0.00362,0.6897,0.1852,0.0795,0.0892,1
CID00849,35,Retail,3,5,4,12,7007.7,4524.73,20772.74,17222.28,-0.00276,0.6766,0.1286,0.1423,0.1607,0
CID00850,22,Retail,1,8,3,10,5739.29,1126.72,40203.38,27810.74,0.01232,0.4735,0.2016,0.2456,0.0167,0
CID00851,33,Active Trader,19,67,12,51,8790.31,784.79,44327.06,30938.48,-0.02047,0.76,0.1147,0.2428,0.2012,0
CID00852,33,Retail,4,4,7,11,3837.39,231.64,10513.47,10778.76,0.01196,0.7749,0.0124,0.3366,0.1855,0
CID00853,9,Retail,3,3,5,11,22954.86,4551.65,35582.28,33642.3,0.01061,0.4666,0.1699,0.2857,0.2283,0
CID00854,28,Active Trader,15,71,13,37,52944.35,18990.0,144945.79,122364.88,0.00757,0.5583,0.2033,0.2233,0.0795,0
CID00855,7,Retail,0,7,7,13,50215.52,10268.69,92594.3,97051.0,-0.0139,0.4665,0.137,0.6052,0.0787,0
CID00856,6,Retail,2,2,3,16,5078.51,2124.67,30745.64,32082.08,0.00193,0.5805,0.172,0.6876,0.1333,0
CID00857,25,Retail,0,5,5,17,20875.54,4854.67,54104.2,60864.36,0.00332,0.4033,0.1097,0.4748,0.0232,0
CID00858,33,Retail,1,5,2,16,5157.21,266.25,35150.15,31068.92,0.01632,0.5881,0.1204,0.4719,0.1901,0
CID00859,25,HNI,1,18,5,11,400746.02,167729.4,1831453.02,1317315.85,0.00164,0.3803,0.0907,0.647,0.1798,0
CID00860,53,Active Trader,20,68,13,50,3560.63,1786.19,38624.28,35948.08,0.0118,0.3846,0.1133,0.3814,0.1796,0
CID00861,5,Active Trader,13,62,10,45,18649.85,3699.86,112304.21,102804.29,0.00591,0.819,0.245,0.2389,0.3571,1
CID00862,28,Retail,1,8,2,9,5146.42,2077.97,36823.46,37340.98,0.02421,0.5679,0.1219,0.3789,0.0921,0
CID00863,66,Active Trader,16,56,8,33,22636.47,14193.62,137992.3,139749.13,-0.01973,0.8055,0.1812,0.4388,0.0212,0
CID00864,24,Active Trader,22,45,7,55,17208.01,6077.6,62886.68,39041.88,0.01356,0.1818,0.0859,0.2903,0.052,0
CID00865,29,Active Trader,20,77,10,35,4505.2,1594.19,45726.24,34915.82,-0.00336,0.6105,0.0892,0.3025,0.1987,0
CID00866,32,Active Trader,13,56,14,43,37914.74,1304.19,93179.9,67822.49,0.00143,0.2405,0.0909,0.7216,0.3083,0
CID00867,29,Active Trader,20,62,15,36,26424.44,9643.19,178694.49,132100.35,0.0244,0.2638,0.2368,0.4505,0.3322,1
CID00868,6,Active Trader,13,61,10,55,11764.37,4300.56,27581.08,16805.85,-0.0088,0.4696,0.1949,0.2366,0.0782,1
CID00869,50,HNI,5,19,4,16,53360.79,13323.2,369300.4,227842.85,0.01939,0.6459,0.1783,0.5826,0.0281,1
CID00870,29,Retail,0,6,3,15,3810.47,1203.23,12422.23,7744.03,0.02,0.6508,0.1588,0.2635,0.2804,0
CID00871,2,Retail,2,7,2,16,6829.25,1149.76,28806.34,26977.14,0.00017,0.5215,0.1604,0.4748,0.0512,0
CID00872,34,Retail,5,5,4,20,1474.81,399.23,11117.01,8756.09,0.00648,0.2946,0.1289,0.0076,0.118,0
CID00873,37,HNI,0,23,0,19,76737.87,43134.17,741820.32,505882.7,0.01062,0.3779,0.0416,0.3296,0.2351,0
CID00874,34,Active Trader,21,66,14,44,59334.59,11365.62,208156.27,160666.14,-0.00194,0.2964,0.0865,0.3994,0.0728,1
CID00875,37,Retail,2,10,5,12,2657.21,281.54,16855.31,11844.98,0.00903,0.7032,0.0668,0.0195,0.0954,0
CID00876,29,Retail,2,3,5,14,3306.64,464.45,17674.0,13724.93,0.01108,0.2062,0.1437,0.4352,0.2326,0
CID00877,27,Retail,1,7,5,10,9018.45,2678.73,37303.14,35565.41,0.00486,0.5459,0.0899,0.0736,0.6852,0
CID00878,12,Retail,2,8,6,14,6542.58,1909.68,14365.46,14577.37,-0.00346,0.6664,0.3221,0.2214,0.1629,0
CID00879,32,Retail,4,5,5,15,991.77,464.58,27188.52,24036.3,0.01807,0.6361,0.1669,0.2861,0.6568,0
CID00880,24,Active Trader,18,57,17,40,17206.03,5100.98,42302.82,42848.84,0.0171,0.5464,0.2016,0.2245,0.2784,0
CID00881,18,Active Trader,19,64,10,36,11149.38,1624.12,49502.84,43602.39,0.01542,0.3945,0.2413,0.098,0.1982,0
CID00882,43,Active Trader,15,59,14,41,123515.87,25155.94,335636.82,304242.44,0.01069,0.5893,0.1741,0.1854,0.4567,0
CID00883,9,Retail,1,8,5,11,4023.24,1072.58,16145.19,15455.03,-0.01435,0.1541,0.0159,0.306,0.0434,0
CID00884,13,Retail,1,7,1,19,4811.84,1202.45,10963.7,10324.92,0.02259,0.7211,0.0321,0.3653,0.337,0
CID00885,29,Retail,1,4,3,13,1995.71,409.43,23121.2,17403.26,-0.02365,0.3354,0.0318,0.1634,0.2231,1
CID00886,7,Retail,4,8,3,10,67375.89,20654.04,93239.23,100784.19,-0.0083,0.5887,0.1821,0.2725,0.1631,0
CID00887,43,Retail,2,8,4,11,6429.87,3367.36,18726.45,16800.58,-0.00463,0.7792,0.0226,0.1688,0.2626,0
CID00888,71,HNI,4,22,1,17,91272.69,10886.82,407136.19,260436.9,0.02635,0.5468,0.1588,0.5028,0.0599,0
CID00889,18,Retail,2,10,4,12,2610.34,320.04,9022.37,8042.7,0.00971,0.7853,0.1511,0.3245,0.0426,1
CID00890,38,Active Trader,20,54,13,39,21473.74,3736.95,119459.42,92383.98,0.00732,0.4289,0.06,0.2563,0.1055,0
CID00891,48,HNI,3,21,3,22,214863.14,63558.92,730139.6,627860.55,-0.01388,0.2533,0.0927,0.5566,0.1435,0
CID00892,50,HNI,2,23,2,17,204059.1,51647.04,412747.71,414534.24,-0.00445,0.3672,0.0223,0.3014,0.3407,0
CID00893,3,Retail,4,8,2,17,32160.37,1788.82,61637.61,60491.11,0.01897,0.4371,0.0912,0.1578,0.3093,0
CID00894,49,Active Trader,23,64,12,33,2767.04,388.22,24127.98,16833.73,-0.00664,0.6445,0.1633,0.2591,0.1042,0
CID00895,22,Retail,2,5,2,17,37200.26,17222.89,101731.76,71835.71,0.00704,0.5136,0.247,0.2251,0.0887,0
CID00896,26,Retail,4,6,2,13,3528.34,56.38,14697.43,9040.18,0.01661,0.2877,0.0433,0.0704,0.6671,1
CID00897,4,Retail,2,12,3,13,12512.1,1463.79,40216.01,41455.0,0.00672,0.1963,0.1544,0.5,0.1945,0
CID00898,29,Active Trader,12,41,11,41,51446.26,542.84,189423.09,164309.62,-0.01104,0.3475,0.1557,0.4941,0.3673,1
CID00899,45,Active Trader,19,58,6,40,40281.01,6603.26,300536.65,291608.49,-0.01048,0.4524,0.2045,0.2003,0.1287,0
CID00900,42,Retail,1,10,2,14,34534.57,7785.13,70225.85,62129.52,0.0207,0.2755,0.1006,0.3865,0.1211,0
CID00901,28,Retail,2,2,6,17,13498.99,3029.82,46002.03,40168.37,0.01352,0.5217,0.2349,0.2084,0.0078,0
CID00902,42,Retail,2,4,8,24,10731.65,3728.35,64110.38,47664.22,0.01025,0.6032,0.1285,0.2817,0.1602,0
CID00903,34,Active Trader,22,58,15,30,38316.35,7425.47,87926.01,99513.96,0.00381,0.6626,0.0901,0.4398,0.0985,1
CID00904,32,Active Trader,16,63,8,37,51972.69,18055.0,211132.16,132702.63,-0.00422,0.2327,0.0264,0.3452,0.2103,1
CID00905,50,Active Trader,12,54,11,40,31280.4,20111.12,87195.24,90874.6,0.02241,0.58,0.1546,0.37,0.0589,0
CID00906,26,Retail,2,5,2,12,11409.47,3957.57,24932.22,26610.82,-0.00878,0.5322,0.0381,0.2781,0.3365,0
CID00907,42,HNI,6,15,3,10,706603.45,226636.59,873247.13,843271.41,0.01821,0.7665,0.1824,0.4538,0.1365,0
CID00908,10,Retail,3,13,4,21,1364.57,625.41,4343.16,2884.86,0.00182,0.4052,0.1944,0.4317,0.2366,0
CID00909,55,Retail,1,7,1,15,1378.79,760.32,11113.38,10563.81,-0.00177,0.5587,0.1484,0.3694,0.3323,0
CID00910,64,HNI,6,14,6,17,240462.94,132980.59,729673.75,528802.82,-0.01537,0.5063,0.0182,0.3387,0.0814,1
CID00911,52,Active Trader,20,64,14,32,31886.35,4661.05,100045.38,91347.41,0.00533,0.4462,0.0672,0.2663,0.3867,0
CID00912,40,Active Trader,21,55,13,43,20293.22,13393.32,58712.78,36887.47,-0.00425,0.4709,0.1306,0.1569,0.074,0
CID00913,64,HNI,3,19,3,12,199705.33,6918.32,458344.4,448305.69,0.01029,0.3275,0.2045,0.3713,0.2843,0
CID00914,103,HNI,4,18,7,14,343278.06,85573.08,876003.55,929307.34,0.00562,0.6927,0.1217,0.1832,0.1233,0
CID00915,50,HNI,3,13,4,19,124422.3,54378.51,949410.99,939640.57,0.00379,0.3338,0.288,0.1152,0.1366,0
CID00916,1,Retail,2,7,3,11,12326.84,1554.95,28705.33,32439.19,-0.02195,0.4518,0.1617,0.1554,0.1982,0
CID00917,49,HNI,3,20,2,14,446223.8,158344.25,1096363.96,977017.35,0.00862,0.3467,0.1607,0.3893,0.2297,0
CID00918,32,HNI,5,17,2,12,221875.62,86246.87,388243.98,445636.72,-0.00044,0.651,0.1577,0.1339,0.5565,0
CID00919,11,Retail,1,4,7,11,6432.99,1918.79,18356.05,15242.06,-0.01046,0.4185,0.0256,0.1515,0.4786,0
CID00920,20,Retail,0,6,4,15,17541.62,4795.19,21428.97,18302.08,0.00957,0.6038,0.2108,0.2005,0.1992,0
CID00921,14,Retail,5,5,5,11,832.25,160.85,8819.09,5696.71,-0.00608,0.5549,0.1782,0.1694,0.083,0
CID00922,1,Retail,3,4,5,19,20984.49,2395.14,108563.81,80075.09,0.01691,0.3178,0.2818,0.0459,0.1064,0
CID00923,71,HNI,2,19,4,12,123256.05,87802.84,297708.61,317392.44,-0.00458,0.5871,0.031,0.3009,0.2055,0
CID00924,49,Retail,2,8,6,15,1743.62,283.76,7533.86,6205.38,0.02413,0.5354,0.1261,0.5156,0.0412,0
CID00925,13,Retail,3,8,5,17,8017.83,1195.13,35565.55,35074.95,-0.00826,0.4751,0.115,0.1384,0.4412,0
CID00926,12,Retail,4,14,2,18,2466.93,656.22,22593.02,17870.33,-0.01082,0.5916,0.0526,0.0651,0.0833,1
CID00927,42,Retail,3,3,5,9,5581.91,555.36,22365.1,18911.71,0.00366,0.3601,0.1917,0.3089,0.2356,0
CID00928,23,Active Trader,19,72,14,44,31350.9,5369.69,160536.05,143210.15,-0.00328,0.4805,0.1033,0.0654,0.0916,0
CID00929,11,Active Trader,20,46,10,42,32047.31,14866.09,97889.47,92412.24,0.01989,0.5634,0.099,0.3387,0.0385,0
CID00930,54,HNI,7,20,6,21,524616.72,97025.21,1190000.89,1222556.59,0.01472,0.1884,0.0105,0.4516,0.0617,0
CID00931,19,Active Trader,18,68,17,34,60196.25,6999.26,218758.49,187852.82,0.02441,0.8991,0.0777,0.2587,0.0845,0
CID00932,8,Retail,3,4,3,7,14385.81,7946.33,50539.85,56813.18,-0.01458,0.5969,0.0825,0.042,0.1787,0
CID00933,20,Retail,2,2,2,7,5118.85,1456.5,24299.38,22654.95,0.00786,0.5461,0.1475,0.2,0.1568,1
CID00934,9,Retail,3,7,1,21,3252.08,377.33,31277.69,26182.27,0.01545,0.8576,0.2233,0.4234,0.4384,0
CID00935,13,Retail,3,5,9,18,13937.76,3036.22,25887.81,23015.76,-0.00068,0.756,0.1297,0.1086,0.1643,0
CID00936,49,Active Trader,19,55,10,50,18892.05,4834.74,79956.06,73451.21,0.01848,0.6015,0.0318,0.3421,0.2499,0
CID00937,40,Retail,1,9,3,12,1728.24,288.84,9234.34,5852.18,-0.01505,0.6794,0.0782,0.1282,0.143,0
CID00938,17,Retail,3,4,5,19,2629.85,1207.91,9799.59,5991.44,-0.00115,0.5763,0.0469,0.2946,0.1473,0
CID00939,43,Active Trader,18,66,16,41,15516.19,1172.89,66118.75,52564.63,0.00295,0.4258,0.2654,0.3851,0.3485,1
CID00940,46,Retail,2,9,5,16,5028.54,977.47,14788.45,13767.21,-0.03478,0.6471,0.1483,0.3677,0.0928,0
CID00941,44,Retail,3,6,4,14,4469.14,283.36,18337.1,16175.81,-0.01522,0.7167,0.1226,0.2891,0.1549,0
CID00942,69,HNI,7,21,5,11,356567.84,45897.61,469253.55,447166.94,-0.01111,0.8144,0.0878,0.1917,0.2063,0
CID00943,28,Retail,1,11,2,15,22206.12,9161.88,53005.74,58847.89,0.01033,0.8449,0.0736,0.0162,0.1173,1
CID00944,11,HNI,2,16,5,9,44777.51,6286.72,400703.66,364464.78,0.00933,0.5249,0.1529,0.2009,0.2016,0
CID00945,19,Active Trader,22,60,12,48,5332.55,2641.98,33380.17,27149.7,0.03876,0.6079,0.2204,0.0689,0.2868,0
CID00946,20,Retail,1,5,5,17,2191.82,1419.92,14725.76,12005.62,-0.0109,0.477,0.0409,0.2518,0.3027,1
CID00947,21,Active Trader,27,52,16,36,9937.36,5466.0,34037.95,31051.58,0.01059,0.3783,0.1935,0.3757,0.2122,0
CID00948,36,Retail,5,6,5,8,1663.09,538.37,6510.23,4973.04,0.01111,0.3095,0.1374,0.0792,0.1386,0
CID00949,8,Retail,3,5,4,11,7101.44,1426.5,24129.23,23393.12,0.01331,0.6465,0.2735,0.134,0.4178,0
CID00950,47,Active Trader,17,64,15,41,35038.74,17169.13,108080.2,68858.02,-0.01293,0.5098,0.0413,0.3174,0.2638,0
CID00951,34,Retail,3,7,5,13,2367.61,863.49,13575.62,11728.37,-0.00602,0.5868,0.0017,0.3997,0.1101,0
CID00952,48,HNI,7,18,1,11,90249.05,17980.53,381035.2,430789.57,-0.01161,0.3326,0.2282,0.0775,0.0795,1
CID00953,9,Retail,2,7,3,14,8245.57,2584.63,11794.48,11260.81,0.02785,0.3847,0.1579,0.1644,0.1102,0
CID00954,26,Retail,0,8,3,12,5501.3,517.68,13450.37,12217.74,-0.04143,0.4362,0.3006,0.3061,0.0131,0
CID00955,27,Retail,1,3,7,16,6590.72,1080.28,37638.87,26969.87,0.00907,0.3904,0.026,0.2313,0.2912,0
CID00956,28,Retail,2,12,5,12,19186.29,15869.02,44614.69,47930.01,0.00266,0.8659,0.098,0.7194,0.3053,0
CID00957,13,Retail,0,6,1,9,25076.31,12527.13,40058.82,37569.79,-0.02274,0.3697,0.1031,0.3776,0.0203,1
CID00958,33,Retail,0,6,4,15,18392.82,1986.97,31854.19,32466.08,0.01262,0.2765,0.0682,0.1894,0.024,1
CID00959,26,Retail,2,5,1,15,2340.69,1119.72,12786.77,7988.68,-0.00128,0.1717,0.1407,0.4333,0.1748,0
CID00960,32,Retail,1,5,1,19,8486.46,2760.53,27030.2,26835.58,0.00151,0.3166,0.1484,0.2735,0.5542,0
CID00961,45,Active Trader,14,63,10,53,18476.76,1774.61,46708.56,42398.13,0.00493,0.3212,0.2075,0.1965,0.2554,0
CID00962,33,Retail,2,12,5,21,14188.26,2421.58,28110.38,29947.72,0.00129,0.346,0.2289,0.201,0.5055,0
CID00963,1,Retail,0,5,6,10,23685.85,8754.57,139950.33,129828.91,0.00646,0.2,0.0916,0.2692,0.1926,0
CID00964,65,Active Trader,22,73,17,31,56821.45,2110.89,145128.96,143022.93,0.0038,0.3729,0.1896,0.2913,0.0606,0
CID00965,37,Retail,2,5,3,19,4288.19,3028.33,18716.9,12434.85,0.01715,0.4716,0.2691,0.2543,0.0454,0
CID00966,35,Active Trader,20,57,4,36,28389.26,4068.14,61377.02,64568.06,-0.01224,0.4488,0.1919,0.0785,0.6258,0
CID00967,36,Retail,3,4,9,9,1762.23,793.79,15864.82,11263.27,0.0151,0.4445,0.0904,0.6214,0.1691,0
CID00968,49,Retail,2,8,4,13,7024.39,251.16,53446.59,34152.91,-0.0016,0.3172,0.1929,0.2832,0.115,0
CID00969,90,HNI,8,14,1,15,578837.03,37204.51,914297.04,916058.39,0.0087,0.4214,0.0597,0.3933,0.4061,1
CID00970,86,HNI,5,18,2,14,151348.92,6045.35,686996.4,664395.88,0.01776,0.6308,0.2044,0.1675,0.0283,1
CID00971,16,Retail,1,9,2,11,3555.85,891.05,23477.02,15445.93,0.00799,0.414,0.0996,0.1746,0.1643,0
CID00972,26,Active Trader,27,59,14,34,40770.37,12415.85,228487.46,148124.96,0.0026,0.571,0.0665,0.4604,0.0952,0
CID00973,49,Active Trader,24,48,10,46,23479.25,8404.52,150026.92,164391.88,-0.01571,0.7319,0.2602,0.3829,0.2012,0
CID00974,95,HNI,6,14,4,8,357389.6,92891.76,711754.69,661665.26,0.01159,0.5071,0.1176,0.3877,0.1316,0
CID00975,69,HNI,6,18,6,11,495173.93,73350.71,1509018.79,1698937.15,0.00173,0.3715,0.1011,0.1457,0.0999,0
CID00976,18,Retail,3,8,7,14,12027.99,1318.67,50434.52,35688.95,0.0067,0.2283,0.0952,0.3283,0.0573,0
CID00977,23,Active Trader,17,63,14,35,7066.78,2814.42,84956.77,51131.36,0.00679,0.542,0.0423,0.3632,0.3466,0
CID00978,38,Active Trader,20,70,17,31,22013.1,7678.51,70752.53,48701.88,0.00529,0.4316,0.2,0.3436,0.5258,0
CID00979,39,Retail,5,9,0,15,2359.08,216.07,12513.96,9279.45,0.01375,0.6329,0.1016,0.2374,0.2018,0
CID00980,36,Retail,2,9,3,11,3446.67,945.17,9269.25,6689.91,0.00441,0.6526,0.2316,0.4365,0.0324,0
CID00981,36,Retail,0,17,4,8,2809.04,820.84,10894.62,11558.1,0.00979,0.1568,0.236,0.3615,0.05,1
CID00982,14,Retail,2,4,3,13,6243.94,824.0,15159.34,13191.81,0.01516,0.4754,0.1501,0.1856,0.4745,0
CID00983,45,Active Trader,9,59,11,39,71509.9,6997.68,96525.18,105785.82,-0.02806,0.5397,0.0533,0.087,0.0938,0
CID00984,35,Retail,1,4,1,10,25996.45,821.55,89403.42,54797.56,-4e-05,0.2731,0.0769,0.201,0.5855,0
CID00985,34,Retail,1,4,2,10,3752.47,2094.4,24181.62,16341.02,-0.00925,0.4011,0.0524,0.4604,0.1132,0
CID00986,17,Retail,1,2,3,14,1063.67,122.26,4515.01,3992.57,-0.00441,0.4047,0.1126,0.4145,0.1853,0
CID00987,30,Active Trader,23,63,18,40,12308.74,1644.91,58973.99,62313.06,-0.00091,0.2838,0.1394,0.5009,0.1498,1
CID00988,32,Active Trader,23,51,8,36,13010.27,6283.23,41307.83,41505.5,0.00898,0.4212,0.0398,0.2258,0.0096,0
CID00989,16,Active Trader,14,60,6,46,23785.32,9051.21,61086.12,47169.07,-0.01382,0.3515,0.0254,0.1893,0.0627,0
CID00990,23,Retail,2,11,4,6,386.38,85.39,6692.03,4562.84,-0.02998,0.3976,0.0975,0.1125,0.0653,1
CID00991,44,Retail,1,6,3,14,2438.42,25.72,9467.58,9627.43,0.00355,0.3167,0.2276,0.5355,0.0205,1
CID00992,16,Active Trader,22,55,15,45,9566.47,65.44,63718.72,67060.79,-0.0248,0.6753,0.1503,0.1438,0.1654,0
CID00993,11,Retail,1,6,5,11,12129.04,5002.19,57672.85,41398.69,0.00205,0.5634,0.1866,0.4504,0.0046,0
CID00994,30,Retail,1,6,4,14,4774.45,1014.26,25529.46,21570.8,0.01145,0.6257,0.0542,0.5012,0.1533,0
CID00995,7,Retail,2,6,4,19,1342.36,810.51,4463.53,2915.5,-0.022,0.4307,0.1141,0.4917,0.198,0
CID00996,14,Retail,4,6,6,7,7089.78,1315.04,33933.07,21338.82,0.01189,0.437,0.1723,0.3011,0.1236,0
CID00997,33,Retail,2,7,7,7,9186.31,4765.8,26721.95,29953.95,0.02367,0.3977,0.2595,0.3121,0.0505,0
CID00998,77,Active Trader,11,59,10,34,3059.33,471.36,17832.8,15889.17,0.02077,0.5289,0.0417,0.3736,0.2874,0
CID00999,1,Active Trader,19,54,17,46,113371.45,21466.62,243547.45,197349.36,0.02316,0.2426,0.332,0.1614,0.1528,0
CID01000,29,Retail,3,4,2,15,1264.32,272.59,5979.51,5264.9,-0.01493,0.4471,0.0434,0.0316,0.0458,1
CID01001,6,Retail,1,3,7,12,1901.62,565.63,4338.84,4936.94,-0.01528,0.1618,0.0996,0.387,0.0916,0
CID01002,4,Retail,4,5,2,11,11809.03,1053.04,16238.93,18177.67,0.0062,0.5267,0.1478,0.4995,0.4364,0
CID01003,28,Retail,0,10,2,16,2002.94,507.71,16484.07,17915.97,0.00678,0.629,0.2265,0.2586,0.1938,0
CID01004,78,HNI,9,14,3,5,224342.03,118849.3,443015.29,334270.69,0.01901,0.3788,0.0627,0.0701,0.4674,0
CID01005,28,Active Trader,20,67,12,35,18556.54,3652.27,74177.37,62745.8,0.01556,0.5013,0.1993,0.4505,0.1908,0
CID01006,1,Retail,3,6,2,18,10932.2,2825.17,37698.24,25603.57,-0.01491,0.2235,0.0995,0.3303,0.2473,0
CID01007,88,HNI,7,14,0,25,291433.58,213659.16,612647.0,587932.33,-0.01138,0.3934,0.0878,0.4895,0.0299,0
CID01008,42,Active Trader,15,61,14,29,11614.85,227.06,48904.33,29694.57,-0.01694,0.4531,0.134,0.3419,0.284,0
CID01009,32,Retail,1,6,5,9,1529.27,720.73,10207.4,7946.31,0.02063,0.5746,0.0041,0.3742,0.3084,0
CID01010,14,Retail,1,4,9,14,688.8,64.26,5383.42,5190.89,-0.03019,0.4371,0.09,0.2515,0.0722,0
CID01011,39,Retail,2,7,5,5,1363.34,257.81,9231.74,7347.65,0.02025,0.3112,0.0217,0.0343,0.3923,0
CID01012,4,Retail,3,5,3,13,11349.91,2091.52,73894.1,58503.3,0.01056,0.303,0.0683,0.4208,0.1874,0
CID01013,54,Active Trader,14,54,11,45,145326.47,60725.45,551118.87,613216.54,-0.00157,0.6121,0.1434,0.2758,0.0504,0
CID01014,38,Active Trader,16,54,10,31,38269.13,5640.77,146308.4,152686.72,-0.00551,0.3947,0.0563,0.0626,0.4262,0
CID01015,29,Active Trader,11,66,16,31,22875.63,13461.49,119222.6,76797.53,-0.04652,0.5051,0.1844,0.5029,0.4242,1
CID01016,1,Retail,4,14,7,9,1778.37,79.26,6529.37,6304.5,0.02445,0.4428,0.0711,0.1035,0.2008,1
CID01017,34,Active Trader,20,75,14,43,6293.81,3929.96,34990.75,22385.49,0.02605,0.5672,0.2131,0.4467,0.2773,0
CID01018,42,Active Trader,15,67,17,43,21656.46,8226.0,65510.85,48798.57,0.02794,0.4828,0.0632,0.1769,0.0063,1
CID01019,1,Active Trader,21,51,7,36,16914.78,4090.57,29648.79,27966.03,0.0009,0.373,0.1055,0.4316,0.1121,0
CID01020,32,Retail,4,10,4,20,3035.84,991.94,14942.64,14365.59,0.0041,0.46,0.0419,0.126,0.3346,0
CID01021,26,Active Trader,12,73,18,38,65491.05,27568.56,296130.69,292536.21,0.01333,0.2959,0.1201,0.0272,0.2709,0
CID01022,19,Retail,1,16,6,16,9196.32,3219.4,24516.35,19441.3,-0.01431,0.443,0.0667,0.2187,0.2164,0
CID01023,34,Active Trader,20,59,10,41,13923.05,5846.95,83878.42,87336.15,0.00551,0.5569,0.0028,0.1249,0.254,0
CID01024,33,Retail,1,9,1,19,7047.19,350.24,17581.37,10753.06,-0.00494,0.3422,0.2454,0.2229,0.3986,0
CID01025,43,Retail,0,6,4,15,2731.81,670.51,9597.24,10976.05,-0.00024,0.7685,0.0419,0.5197,0.1984,0
CID01026,38,Retail,2,9,6,9,3092.58,1098.32,6915.53,7034.71,0.02669,0.6101,0.2165,0.3244,0.0695,0
CID01027,90,HNI,7,16,5,9,450527.92,26718.52,2468621.89,2517130.65,0.01249,0.5687,0.0102,0.4821,0.1445,0
CID01028,62,HNI,4,20,4,11,314948.34,49729.29,1092484.3,1063504.22,-0.02319,0.6546,0.1617,0.0807,0.0618,0
CID01029,1,Retail,3,8,5,13,3634.08,1569.97,16248.67,10488.45,-0.00864,0.2598,0.135,0.6232,0.0911,0
CID01030,23,Retail,1,5,7,16,3499.89,393.0,20249.87,15497.2,0.00655,0.6959,0.1325,0.255,0.1605,0
CID01031,27,Active Trader,20,49,11,38,16376.46,10052.37,81981.75,66967.26,0.02248,0.5872,0.0697,0.2598,0.2996,0
CID01032,1,Retail,2,9,4,18,3155.21,166.93,18833.51,14291.66,-0.00037,0.3653,0.0904,0.1171,0.3003,0
CID01033,33,Retail,3,11,6,10,20529.35,5806.47,59116.74,41060.18,0.00876,0.8853,0.1433,0.2967,0.2102,0
CID01034,1,Retail,1,11,8,20,5399.46,1549.43,15035.54,13316.45,-0.00236,0.4708,0.0664,0.269,0.0618,0
CID01035,6,Retail,3,3,2,12,14888.19,1641.59,60222.51,56143.67,0.01549,0.6024,0.12,0.1521,0.0969,0
CID01036,16,Retail,5,5,2,8,2868.5,2355.18,14101.32,14383.02,0.03314,0.731,0.0474,0.3776,0.1565,0
CID01037,83,HNI,6,23,5,16,209631.76,71899.72,794320.47,725649.02,0.04035,0.4884,0.1593,0.3533,0.0994,0
CID01038,1,Retail,2,8,5,16,384.3,140.68,5076.85,3146.88,-0.01017,0.6052,0.151,0.3032,0.1106,0
CID01039,30,Retail,1,10,8,13,50484.09,20452.11,70157.23,58949.9,0.01649,0.3496,0.055,0.3005,0.3059,1
CID01040,15,Retail,2,5,5,15,10410.43,6214.43,49738.39,34785.76,0.02135,0.5432,0.0031,0.4692,0.4331,0
CID01041,25,Active Trader,14,56,11,56,7930.32,3312.36,67721.59,59549.28,0.01998,0.6618,0.0045,0.1077,0.0584,0
CID01042,41,Retail,1,4,6,13,4495.44,846.92,14773.16,12334.86,0.0023,0.5247,0.1459,0.5813,0.2967,0
CID01043,16,Retail,4,7,2,20,2892.59,611.17,20638.34,12508.71,0.01242,0.3191,0.1582,0.05,0.3047,0
CID01044,9,Retail,2,6,6,15,3162.05,158.46,12643.04,12835.22,0.01053,0.5021,0.021,0.1863,0.4336,0
CID01045,57,Active Trader,22,51,9,42,45149.62,19894.47,119969.05,137322.31,0.00976,0.585,0.1618,0.1483,0.3689,0
CID01046,23,Active Trader,25,56,14,44,11875.62,4619.02,72097.27,58536.09,0.0063,0.4969,0.3868,0.3541,0.0709,0
CID01047,64,Active Trader,14,49,12,39,28165.79,2905.4,133799.49,83602.7,0.01946,0.6249,0.0184,0.2279,0.1228,0
CID01048,15,Retail,2,4,5,13,6356.81,204.96,29389.68,29896.87,-0.01823,0.6997,0.0599,0.2838,0.2055,0
CID01049,32,Retail,4,9,3,17,3987.59,1600.16,14856.36,11804.15,-0.00328,0.3433,0.0838,0.3518,0.0458,0
CID01050,11,Retail,1,4,8,15,2804.62,346.85,11673.02,7666.32,0.01046,0.5628,0.3284,0.1524,0.3067,0
CID01051,14,Retail,2,9,4,9,14718.53,1876.73,48342.67,50440.68,0.06848,0.2392,0.0278,0.554,0.382,0
CID01052,44,Retail,2,7,6,10,6269.54,1659.3,34952.74,29621.23,0.01588,0.5846,0.1898,0.2534,0.1626,1
CID01053,50,Active Trader,21,49,19,32,20393.62,7027.14,68823.74,65362.59,-0.0013,0.6467,0.1,0.4029,0.2769,0
CID01054,16,Active Trader,14,53,8,22,119087.03,52205.55,317939.96,333628.18,0.00547,0.777,0.0337,0.5275,0.1856,0
CID01055,39,Retail,3,6,5,15,2259.97,222.06,24723.39,20688.37,0.00519,0.6906,0.0605,0.3898,0.0439,0
CID01056,50,Retail,4,9,1,12,1876.18,630.82,13729.09,9272.87,-0.00835,0.4051,0.0604,0.2711,0.1042,0
CID01057,14,Retail,2,9,7,12,1677.8,396.28,12360.79,8509.95,-0.01519,0.5149,0.1211,0.4397,0.2031,0
CID01058,22,Retail,0,4,6,11,2798.74,966.58,36924.18,24784.04,0.01353,0.4043,0.1191,0.5798,0.2435,0
CID01059,13,Active Trader,11,53,12,42,82807.26,18345.69,150913.27,152131.74,-0.00304,0.4811,0.1809,0.2777,0.278,0
CID01060,19,Retail,0,10,1,11,9770.61,870.48,42578.96,47487.24,0.00471,0.7194,0.312,0.59,0.4506,0
CID01061,15,Retail,1,3,2,9,33222.24,10913.65,89198.02,93674.63,-0.02061,0.2732,0.0389,0.1166,0.0063,0
CID01062,13,Retail,1,10,1,14,3851.23,1230.48,13399.13,13149.29,0.00804,0.7394,0.0388,0.2897,0.0123,0
CID01063,25,Retail,0,10,3,9,3065.62,137.72,11658.42,10483.05,0.02395,0.6363,0.1791,0.6857,0.0441,0
CID01064,42,Retail,2,5,3,6,7528.34,890.77,30000.85,25746.57,-0.00432,0.4071,0.1527,0.3435,0.1413,0
CID01065,1,Active Trader,21,64,9,34,46503.79,19366.18,119064.72,111881.8,-0.0064,0.6976,0.1094,0.1503,0.1625,0
CID01066,16,HNI,5,20,4,10,119068.77,13845.85,1410448.02,1559876.28,0.02742,0.7545,0.1811,0.2249,0.1532,0
CID01067,7,Retail,2,6,2,10,9558.97,1402.28,26060.7,16856.95,-0.0098,0.633,0.2453,0.3244,0.2856,0
CID01068,24,Retail,0,13,3,22,24338.5,8374.97,60352.93,53695.76,0.01229,0.2455,0.118,0.1122,0.6041,0
CID01069,2,Active Trader,23,55,14,35,26590.98,6506.63,56449.82,46493.54,-0.01014,0.2187,0.115,0.2799,0.2218,1
CID01070,32,Retail,2,4,5,14,2384.51,439.08,6160.23,5790.08,0.00654,0.7608,0.0815,0.3867,0.2254,0
CID01071,16,Retail,1,9,6,16,12553.85,7027.95,42067.98,26258.74,0.01533,0.4311,0.1275,0.3154,0.2093,0
CID01072,47,HNI,3,18,8,16,304524.06,96856.43,790898.16,535814.3,-0.00616,0.5094,0.1645,0.2293,0.013,0
CID01073,55,Active Trader,17,60,15,36,21761.16,7264.88,59101.16,51748.67,-0.00767,0.7841,0.2109,0.4888,0.6045,0
CID01074,32,Active Trader,15,62,12,33,72517.52,23438.82,148552.26,147990.21,-0.01086,0.6889,0.1546,0.4052,0.4331,0
CID01075,42,Active Trader,15,66,13,46,59302.09,39004.85,298710.03,198294.84,0.00298,0.348,0.0226,0.229,0.1003,1
CID01076,10,Retail,2,8,3,15,4669.86,966.32,12589.1,12152.89,0.00757,0.6774,0.0476,0.192,0.217,0
CID01077,22,Retail,2,10,6,12,5471.71,2802.47,51065.17,35503.75,0.00788,0.6284,0.1295,0.0268,0.2825,1
CID01078,24,Retail,3,5,4,13,29808.86,5451.66,67922.91,48174.65,0.00343,0.6136,0.0871,0.6267,0.0336,0
CID01079,35,Retail,3,7,2,13,3023.7,683.84,9102.7,8479.86,0.01962,0.386,0.0906,0.1347,0.121,0
CID01080,42,Active Trader,14,58,18,44,15578.01,2098.61,49191.42,32078.04,0.03521,0.4829,0.1409,0.4531,0.2789,0
CID01081,22,Retail,0,13,5,10,11642.22,6282.38,23998.57,23138.3,-0.0011,0.6563,0.2042,0.1035,0.2956,0
CID01082,21,Retail,1,5,11,16,12360.23,959.55,37759.51,29005.4,0.01676,0.4777,0.0758,0.4177,0.0518,0
CID01083,71,HNI,3,22,3,19,187360.61,63080.12,338588.16,322841.59,-0.02264,0.6897,0.1589,0.309,0.0357,0
CID01084,14,Retail,1,4,5,15,9804.56,626.92,25045.37,26148.96,0.01335,0.4708,0.2684,0.0997,0.4138,1
CID01085,6,Retail,2,6,6,15,12464.08,568.98,22249.43,17873.18,0.04018,0.6643,0.1306,0.1105,0.1381,0
CID01086,68,HNI,6,17,4,18,157231.59,98040.09,865794.23,542419.63,0.00716,0.7498,0.1034,0.3969,0.2574,0
CID01087,58,Retail,5,5,3,17,2730.04,1082.7,10307.79,9569.74,0.01107,0.2349,0.0482,0.2587,0.2316,0
CID01088,29,Retail,3,9,0,12,20273.99,9194.84,96764.53,88532.14,0.0144,0.6911,0.0768,0.2009,0.0178,0
CID01089,26,Active Trader,14,50,14,47,13795.37,3679.0,66706.49,48813.68,-0.01108,0.6607,0.1801,0.2333,0.3618,0
CID01090,43,Active Trader,15,47,9,46,81686.04,21316.81,164464.6,185841.08,-0.01498,0.3176,0.1164,0.0684,0.3278,1
CID01091,30,Retail,1,5,0,13,9133.87,4338.02,24263.9,22580.9,0.0096,0.3882,0.0405,0.1484,0.1839,0
CID01092,30,Retail,1,9,1,12,11818.11,1268.61,28784.09,31373.55,0.02035,0.3408,0.1781,0.2473,0.2988,0
CID01093,25,Retail,2,7,6,12,35937.43,620.83,90300.74,75811.34,-0.00706,0.5025,0.2318,0.1996,0.2855,0
CID01094,38,Retail,1,10,3,8,17974.98,7836.4,74593.25,62071.81,0.0193,0.8093,0.1876,0.1349,0.0624,0
CID01095,31,Retail,1,7,4,11,4512.25,1353.38,11536.17,11619.98,0.01042,0.5203,0.2348,0.7313,0.0408,0
CID01096,38,Active Trader,21,60,18,35,48731.99,11386.61,127656.79,133410.0,-0.00218,0.4251,0.1113,0.3412,0.1827,0
CID01097,76,HNI,9,11,6,16,278263.81,22212.91,1661615.77,1744064.91,-0.00114,0.466,0.053,0.0636,0.1494,1
CID01098,1,Retail,3,6,4,15,10790.14,148.81,35604.52,34824.07,-0.00226,0.4106,0.0034,0.351,0.0325,0
CID01099,27,Retail,2,8,3,25,8523.75,366.04,41352.11,25278.06,-0.00871,0.6952,0.0463,0.3018,0.172,0
CID01100,71,HNI,2,15,6,23,303108.03,4936.04,1347658.84,1118246.84,0.00825,0.4161,0.1935,0.143,0.1144,0
CID01101,42,Active Trader,15,66,9,46,65752.48,13192.51,162061.78,100721.96,-0.00792,0.6333,0.1322,0.3527,0.3014,1
CID01102,24,Retail,2,5,4,12,1894.86,647.19,10822.13,7172.75,-0.004,0.8678,0.1705,0.378,0.2411,0
CID01103,30,Retail,3,12,5,11,12906.84,1905.17,34907.21,39808.28,0.00792,0.4094,0.1667,0.2205,0.372,0
CID01104,40,HNI,5,12,2,17,643805.06,24155.4,1632764.88,1766225.42,0.04635,0.2559,0.1558,0.2854,0.1639,0
CID01105,55,Active Trader,15,63,12,37,150763.53,88742.33,176185.78,173088.57,-0.01985,0.404,0.0131,0.1765,0.0876,0
CID01106,35,Retail,2,5,5,13,3903.73,135.0,7360.64,6578.15,-0.0334,0.508,0.1,0.127,0.4935,0
CID01107,42,Active Trader,16,65,6,37,25587.38,5838.4,36032.33,39340.63,-0.01443,0.1969,0.1396,0.386,0.1622,0
CID01108,32,Retail,2,6,4,15,16599.17,5272.06,29070.44,27011.28,0.03141,0.4067,0.0309,0.4119,0.2346,0
CID01109,38,Active Trader,16,45,10,43,19781.94,3631.5,45105.51,49672.14,0.00478,0.2587,0.1642,0.2805,0.0587,0
CID01110,47,Active Trader,15,49,8,41,44489.45,2872.66,278233.71,294921.08,-0.00051,0.4134,0.0226,0.3246,0.041,0
CID01111,34,Retail,1,10,3,19,6538.89,571.56,27856.5,27271.37,-0.0039,0.5519,0.1097,0.3606,0.2488,1
CID01112,16,Retail,2,6,4,16,10578.8,6669.77,66078.79,58727.71,-0.00071,0.3833,0.0893,0.0965,0.088,0
CID01113,42,Retail,1,13,3,13,2891.68,1435.69,10352.33,11477.41,-0.01277,0.5884,0.1404,0.3039,0.0918,1
CID01114,22,Retail,6,6,3,19,4591.7,1589.65,19911.63,18119.25,-0.00536,0.3975,0.1637,0.3598,0.4051,0
CID01115,9,Active Trader,18,65,7,36,16772.76,3530.55,191162.38,121477.35,0.01502,0.2153,0.0906,0.2262,0.2354,0
CID01116,27,Retail,1,5,4,12,1015.56,247.83,5578.05,5186.31,0.00013,0.4046,0.1702,0.1915,0.1028,0
CID01117,31,Retail,2,6,2,14,18834.09,5007.45,58179.26,37961.05,-0.02358,0.3083,0.0763,0.0137,0.2869,0
CID01118,52,Retail,1,6,2,11,7491.84,1628.9,61229.91,37502.41,0.00402,0.5146,0.2331,0.2137,0.0885,0
CID01119,2,Retail,2,8,5,10,3566.25,470.42,8213.49,8872.02,0.01369,0.6295,0.1171,0.1332,0.2854,0
CID01120,3,Retail,3,5,7,9,11646.27,2482.17,58278.87,51031.79,0.00278,0.7514,0.1353,0.3916,0.0852,0
CID01121,68,HNI,6,13,4,16,94912.02,49428.95,486533.85,336734.21,0.00381,0.3847,0.0306,0.2646,0.0288,0
CID01122,38,Active Trader,15,46,12,39,171959.86,36558.36,716961.75,719365.79,-0.00639,0.3692,0.0212,0.4452,0.2437,0
CID01123,3,Retail,1,6,6,6,1813.98,529.38,9759.66,8566.92,0.01432,0.581,0.0867,0.2317,0.1361,1
CID01124,32,Retail,0,10,5,14,7211.11,1423.98,31676.37,23921.02,0.01296,0.2976,0.0129,0.1215,0.0511,0
CID01125,29,Retail,2,2,4,14,2243.98,671.11,12297.85,13255.33,0.01479,0.6255,0.0553,0.4852,0.3172,0
CID01126,32,Retail,6,6,2,21,6178.34,985.02,15557.95,12586.97,-0.00907,0.2538,0.166,0.2993,0.1267,0
CID01127,45,Retail,4,9,7,11,5024.0,2326.53,18065.2,20130.35,-0.00771,0.8593,0.1235,0.2741,0.0295,0
CID01128,23,Retail,2,3,4,16,2071.86,76.36,14795.99,16143.82,-0.00327,0.5378,0.1561,0.5589,0.1424,0
CID01129,31,Active Trader,21,67,8,28,18789.89,6356.41,110573.54,108752.05,0.01096,0.6166,0.1129,0.4351,0.1307,0
CID01130,37,Retail,1,4,4,6,12556.31,5939.25,25986.84,26437.11,0.01479,0.7206,0.1753,0.4837,0.3473,0
CID01131,50,HNI,4,15,5,12,228410.67,57554.71,913410.73,624090.57,0.02044,0.6299,0.1703,0.0953,0.0066,0
CID01132,10,Active Trader,18,54,14,49,127254.62,4616.05,110982.08,108078.38,-0.00206,0.7494,0.0183,0.122,0.2101,0
CID01133,22,Retail,3,7,4,10,35319.31,10657.3,50333.34,55791.23,-0.00635,0.7273,0.1457,0.3349,0.1854,0
CID01134,1,Active Trader,24,63,12,45,79338.71,4572.63,169161.37,106219.72,-0.00671,0.4286,0.1712,0.2285,0.044,0
CID01135,103,HNI,4,13,4,14,223073.14,114073.53,958175.99,612790.95,-0.01492,0.7808,0.0073,0.1327,0.1373,1
CID01136,33,Retail,1,10,3,15,3912.63,2042.01,24585.77,18948.24,-0.0175,0.2817,0.2018,0.3464,0.3596,0
CID01137,47,Retail,2,6,3,17,3299.92,212.9,16705.79,11176.63,0.0177,0.3023,0.1132,0.2138,0.0356,0
CID01138,92,HNI,1,18,8,23,501862.41,80537.9,1417319.3,1223781.14,0.0457,0.2382,0.0828,0.2439,0.2121,0
CID01139,17,Retail,3,6,3,19,5880.78,3682.53,35971.37,35592.37,0.00034,0.3946,0.0601,0.31,0.1079,0
CID01140,7,Retail,1,6,6,15,8820.99,2232.72,76370.03,53334.84,0.0172,0.1929,0.194,0.2839,0.23,0
CID01141,25,Retail,1,3,6,13,28990.98,9219.09,51457.77,40842.08,0.00865,0.6058,0.3824,0.37,0.4207,0
CID01142,31,Active Trader,17,48,19,38,35251.72,8970.34,126968.95,91452.6,-0.00072,0.2244,0.2067,0.178,0.2715,0
CID01143,32,Retail,6,8,4,24,2398.7,282.31,17490.51,11623.82,0.01517,0.3908,0.1454,0.2616,0.1742,0
CID01144,30,Active Trader,23,50,11,38,39575.83,29964.81,107474.88,105559.97,0.01089,0.4475,0.0514,0.1882,0.15,0
CID01145,27,Active Trader,11,81,9,36,29390.77,6087.67,50702.93,56890.9,0.01336,0.7258,0.1518,0.3867,0.1655,0
CID01146,91,HNI,6,23,2,12,227915.25,61080.26,1330485.05,1388763.07,0.02906,0.4489,0.0388,0.0384,0.0975,0
CID01147,40,Active Trader,20,53,20,33,24342.4,17236.73,78913.79,88952.88,-0.01482,0.4113,0.1171,0.3073,0.1089,0
CID01148,10,Retail,2,3,2,8,7766.47,884.7,18247.92,20678.24,0.00799,0.5056,0.258,0.5675,0.1936,0
CID01149,36,Active Trader,14,78,20,50,52586.57,22770.6,110357.73,110028.61,0.00033,0.8088,0.1352,0.3489,0.1184,0
CID01150,11,Retail,3,11,4,17,6086.48,2187.55,32561.31,23379.89,-0.00494,0.2313,0.1848,0.3762,0.1148,0
CID01151,39,Active Trader,16,73,10,42,98172.99,27276.6,135454.54,151296.9,0.00472,0.2403,0.2009,0.2633,0.1025,0
CID01152,42,Active Trader,22,48,5,42,20488.33,2487.16,153531.47,158450.45,0.01472,0.3597,0.1858,0.1763,0.0501,0
CID01153,48,Active Trader,15,68,16,40,7605.48,743.24,28906.38,20411.52,-0.0073,0.4028,0.1798,0.2412,0.3822,1
CID01154,73,HNI,6,21,6,11,305208.24,111245.67,1337736.5,992913.48,0.02462,0.1677,0.0586,0.1716,0.3544,0
CID01155,19,Retail,2,11,11,11,10734.1,5959.81,22582.5,24572.52,-0.0437,0.4986,0.2167,0.5724,0.0554,0
CID01156,48,HNI,5,26,8,17,99132.92,54573.27,932929.74,568857.12,0.00912,0.2677,0.1771,0.166,0.1211,0
CID01157,16,Retail,1,8,6,18,1263.14,192.26,6510.19,6230.27,0.0215,0.6572,0.0193,0.1937,0.0381,0
CID01158,15,Retail,1,7,4,18,2955.24,331.54,18746.98,17561.4,-0.02365,0.7039,0.0908,0.475,0.0978,0
CID01159,45,Retail,4,6,0,7,2917.27,613.74,18637.54,21042.49,0.00147,0.529,0.0047,0.1474,0.0127,0
CID01160,10,Retail,0,6,5,14,27629.38,15920.73,49176.94,45537.89,-0.00029,0.3964,0.0702,0.1949,0.1396,0
CID01161,41,Active Trader,26,50,14,33,11143.12,1743.36,70507.26,61359.92,-0.01155,0.4791,0.1009,0.4779,0.0408,0
CID01162,27,Active Trader,18,74,14,47,4100.43,1271.88,49614.51,41459.7,0.00327,0.7979,0.0592,0.1507,0.0222,1
CID01163,49,HNI,6,24,5,17,165123.71,30379.67,507340.19,397232.62,-0.02755,0.449,0.1605,0.2903,0.4133,0
CID01164,11,Retail,2,4,4,23,1085.26,120.04,4435.19,3831.82,-0.00315,0.3538,0.0427,0.2877,0.2655,0
CID01165,42,HNI,6,19,4,14,283506.25,110390.09,778309.91,592852.48,0.0169,0.7725,0.0429,0.4598,0.2055,0
CID01166,16,Retail,1,6,3,13,1654.16,193.59,12367.95,9420.76,0.00323,0.4577,0.2388,0.1337,0.2854,0
CID01167,32,Retail,3,6,4,11,7324.86,664.83,16992.35,16724.85,0.01468,0.6134,0.0254,0.2996,0.5638,0
CID01168,41,Active Trader,27,49,6,36,10443.26,451.84,41028.43,46427.09,-0.01998,0.6318,0.1786,0.1952,0.0564,0
CID01169,43,Retail,2,6,0,14,9660.37,2083.25,44715.21,45023.66,0.0063,0.7057,0.0019,0.0726,0.3214,0
CID01170,19,Active Trader,17,65,15,51,12770.55,1544.36,50680.65,43893.23,0.00483,0.218,0.0452,0.523,0.3401,0
CID01171,20,Retail,6,8,5,18,4286.52,1628.19,15040.68,16510.24,0.00891,0.4063,0.1255,0.2769,0.0497,0
CID01172,44,Retail,1,6,3,12,2560.24,1852.69,11075.65,11754.75,0.01594,0.3625,0.1003,0.1464,0.1925,1
CID01173,53,Retail,1,6,3,16,46185.11,7512.13,91009.37,97799.16,0.0116,0.5549,0.1269,0.3333,0.0564,0
CID01174,28,Retail,3,7,1,9,3477.92,807.63,20471.39,19726.1,0.00297,0.2405,0.0377,0.3832,0.1036,0
CID01175,53,Retail,2,10,3,12,32782.9,5684.73,78672.94,64517.82,0.02236,0.2968,0.0742,0.1735,0.2355,0
CID01176,36,Retail,2,8,2,14,1695.69,341.17,5814.87,5094.71,0.00353,0.2777,0.1934,0.2209,0.1288,1
CID01177,1,Retail,3,5,6,15,5060.52,197.78,29829.05,21199.3,-0.0202,0.5511,0.1185,0.4276,0.3757,0
CID01178,21,Retail,4,6,5,19,7747.57,589.24,25349.47,26297.07,-0.00945,0.3428,0.1368,0.148,0.3453,0
CID01179,1,Retail,1,9,5,13,1906.66,96.02,9857.53,9859.52,-0.01374,0.674,0.0623,0.6776,0.4556,1
CID01180,59,Active Trader,18,60,11,41,9474.13,5856.56,71947.59,61813.87,-0.02167,0.2576,0.0301,0.472,0.2249,1
CID01181,38,Active Trader,18,56,7,46,22651.56,1175.82,79872.02,63453.47,0.01435,0.3026,0.0021,0.1095,0.4463,0
CID01182,65,Active Trader,16,66,7,35,121665.45,12432.04,194187.19,185150.34,0.023,0.7673,0.0097,0.4809,0.2052,0
CID01183,11,HNI,0,15,5,14,257012.25,84018.38,791066.3,629951.13,0.02214,0.1673,0.0678,0.341,0.0466,0
CID01184,42,Retail,2,10,4,19,54036.43,21239.03,92618.1,100643.74,-0.00388,0.5881,0.0603,0.383,0.1292,0
CID01185,38,Active Trader,18,47,12,44,56875.28,8917.21,81553.65,76847.01,-0.00529,0.1486,0.1156,0.2759,0.1559,0
CID01186,19,Retail,2,8,5,13,1411.51,437.87,9613.79,6422.73,0.00457,0.2505,0.1923,0.4808,0.2595,0
CID01187,27,Retail,1,8,7,10,4867.23,1548.93,16784.64,15872.3,0.00713,0.3906,0.1987,0.2375,0.5433,0
CID01188,12,Retail,1,6,3,15,7867.45,2336.96,44703.43,35348.65,0.00758,0.5455,0.0716,0.7494,0.222,1
CID01189,29,Active Trader,19,70,14,40,38403.71,9620.72,60565.21,61622.59,0.00344,0.6669,0.1356,0.4271,0.3308,0
CID01190,2,Active Trader,17,61,14,42,52833.34,3573.05,108405.83,114778.25,0.0168,0.4672,0.2207,0.5574,0.1447,0
CID01191,22,Active Trader,14,59,10,44,25976.88,19632.83,174808.59,110187.75,-0.01283,0.373,0.2226,0.1447,0.4556,1
CID01192,44,Active Trader,21,71,18,34,112444.41,28453.01,375656.25,321482.06,0.00751,0.3893,0.0109,0.7002,0.2138,0
CID01193,49,Retail,0,4,2,15,7508.29,567.42,18621.77,20481.18,-0.01175,0.2617,0.0673,0.2025,0.1627,1
CID01194,39,HNI,3,21,4,13,51083.26,7856.01,230743.91,144546.72,-0.03632,0.3667,0.2068,0.1764,0.3276,0
CID01195,29,Retail,3,7,3,15,13605.36,3912.06,28804.3,22285.26,0.00189,0.7246,0.0425,0.0713,0.1659,0
CID01196,23,Retail,3,12,7,17,4218.79,1627.83,21912.43,20579.58,-0.0051,0.2817,0.1438,0.4803,0.1098,0
CID01197,1,Retail,0,3,4,15,2845.03,2040.02,18996.06,18738.68,0.03154,0.4564,0.131,0.493,0.0423,0
CID01198,40,Active Trader,12,62,12,57,18444.66,14271.23,91319.29,99398.2,-0.03178,0.5343,0.1128,0.3591,0.0899,0
CID01199,32,Active Trader,16,59,10,45,36765.65,13584.76,69612.29,78473.0,0.02175,0.3244,0.1513,0.1079,0.0885,0
CID01200,25,Active Trader,20,54,14,53,12518.19,5786.69,60129.67,44639.85,0.01522,0.7771,0.1386,0.3433,0.3768,0
CID01201,51,Active Trader,18,63,10,38,20142.44,6370.5,137116.33,90566.34,0.01138,0.5839,0.0755,0.1645,0.1446,0
CID01202,7,Retail,1,6,5,13,17669.34,1939.73,56406.57,40744.28,0.01777,0.292,0.1057,0.1392,0.0704,0
CID01203,13,Retail,1,13,5,13,1891.55,31.35,10168.64,7351.69,-0.00824,0.7802,0.2571,0.3042,0.1892,1
CID01204,24,Retail,0,9,3,14,7564.33,1560.53,13114.4,10809.72,0.02051,0.3995,0.0766,0.2253,0.146,0
CID01205,33,Retail,3,6,4,14,2184.97,688.12,7183.42,7330.19,0.03624,0.3756,0.0007,0.4402,0.3989,0
CID01206,16,Retail,0,3,2,15,7550.27,1570.13,20692.66,20769.06,0.00853,0.2771,0.0427,0.3701,0.2487,0
CID01207,9,Retail,3,3,2,14,2234.93,314.12,25346.37,19852.39,0.02366,0.3706,0.1266,0.3752,0.2219,0
CID01208,18,Retail,1,6,1,18,3556.66,963.35,20930.35,15403.97,-0.02206,0.6384,0.1636,0.2623,0.5304,0
CID01209,47,Active Trader,21,58,9,42,64082.13,49836.87,200816.68,185364.87,-0.01712,0.3342,0.118,0.1059,0.0215,0
CID01210,104,HNI,6,19,6,12,156407.47,21890.46,480054.42,453771.51,0.02759,0.6497,0.0667,0.0756,0.331,0
CID01211,41,Retail,0,9,2,14,1490.46,118.51,6345.14,5305.03,0.02011,0.6567,0.154,0.1429,0.1583,1
CID01212,23,Retail,1,5,4,14,4851.48,90.36,13532.95,13852.66,0.02865,0.2607,0.0743,0.1463,0.3572,0
CID01213,2,Retail,2,4,3,16,1662.63,371.2,8178.75,7619.03,0.00061,0.5736,0.0962,0.0608,0.138,0
CID01214,26,Retail,2,4,2,12,1877.54,186.37,16122.18,16483.0,-0.01434,0.3834,0.1547,0.2198,0.1343,1
CID01215,27,Active Trader,11,70,16,39,27413.18,2763.89,72962.94,46602.71,0.01566,0.5175,0.1593,0.4373,0.0711,0
CID01216,22,Retail,2,10,7,19,3891.33,175.47,11829.96,10234.81,0.03423,0.4582,0.1222,0.0057,0.2212,0
CID01217,55,Active Trader,13,48,16,31,14414.01,1863.76,64689.5,67496.75,0.03227,0.3559,0.0012,0.2245,0.0382,0
CID01218,13,Active Trader,18,56,13,38,25309.65,6462.12,122909.8,111396.39,0.01128,0.6253,0.0965,0.0188,0.0831,0
CID01219,24,Retail,3,7,4,14,14917.7,5239.51,57667.46,40614.07,-0.01191,0.4261,0.0464,0.6317,0.0066,1
CID01220,67,Active Trader,19,57,13,30,23419.93,3468.7,77452.16,87667.93,-0.00225,0.7151,0.1253,0.1507,0.2496,0
CID01221,21,Retail,4,6,2,18,5964.54,1752.33,23279.69,19884.14,-0.00714,0.577,0.0779,0.2634,0.0146,0
CID01222,49,Retail,1,12,3,13,9420.05,3442.85,36101.49,35539.65,0.00477,0.5832,0.0149,0.2509,0.0467,0
CID01223,23,Active Trader,26,64,17,39,32879.24,7129.19,149901.79,162376.28,0.01044,0.7578,0.0433,0.1799,0.2788,0
CID01224,32,Retail,4,5,6,20,4440.26,177.87,11124.54,10643.75,0.0061,0.6084,0.0275,0.5024,0.0761,1
CID01225,16,Retail,1,12,4,17,5974.66,1770.69,36178.24,28212.22,0.02175,0.3611,0.1179,0.1784,0.3299,0
CID01226,60,Active Trader,23,71,12,41,41901.96,3959.36,114861.73,92596.32,0.02448,0.4093,0.1953,0.1647,0.2087,0
CID01227,21,Active Trader,18,54,5,40,19701.51,3036.02,149681.29,156099.16,0.01143,0.4821,0.1234,0.2124,0.3765,1
CID01228,71,Active Trader,21,75,10,36,10134.1,434.13,86621.32,57518.91,-0.00798,0.5708,0.0728,0.3885,0.0328,0
CID01229,38,HNI,6,23,6,15,75984.17,32268.82,525144.98,363056.1,-0.00271,0.4716,0.119,0.2067,0.2788,0
CID01230,28,Active Trader,19,63,6,43,31258.85,11263.41,91349.97,91897.96,0.02894,0.3647,0.0792,0.2165,0.2843,0
CID01231,31,Retail,2,12,3,15,1035.54,577.81,6780.61,5551.54,0.00748,0.8512,0.1203,0.2974,0.1369,0
CID01232,50,Retail,3,5,1,13,2503.91,1081.42,13844.14,14881.9,0.01091,0.5323,0.1275,0.1369,0.0465,0
CID01233,75,Active Trader,26,57,7,45,114077.55,58619.34,287829.0,288174.91,0.00065,0.336,0.2137,0.0481,0.1153,0
CID01234,72,HNI,6,20,5,12,57439.31,22475.15,233604.03,227523.6,-0.01081,0.2595,0.2258,0.2836,0.2319,0
CID01235,33,Retail,3,9,4,13,2423.86,438.18,8260.04,8160.9,0.0067,0.7383,0.1062,0.0582,0.1372,0
CID01236,54,Active Trader,18,56,12,35,64574.28,30077.83,154528.82,116240.4,0.00502,0.7106,0.1299,0.4855,0.3961,0
CID01237,41,Active Trader,25,59,6,38,93322.0,16347.12,268427.08,211678.41,-0.00039,0.5877,0.0194,0.2281,0.131,0
CID01238,19,Retail,2,8,4,10,18969.3,6980.95,106282.68,72102.9,-0.00023,0.7081,0.0063,0.1451,0.0718,1
CID01239,31,Retail,2,9,1,17,2687.42,805.36,26649.36,17119.36,-0.00073,0.2305,0.0816,0.2185,0.2745,1
CID01240,41,Retail,2,7,6,13,14670.97,6452.98,37248.12,40594.86,0.02376,0.7956,0.0836,0.5266,0.4313,0
CID01241,20,Retail,2,6,5,15,5404.67,954.25,45931.5,31910.53,-0.00067,0.385,0.1982,0.3503,0.4046,0
CID01242,18,Retail,2,6,3,14,1452.57,243.77,12758.57,8118.28,0.01544,0.4708,0.1427,0.1223,0.0318,0
CID01243,31,Retail,4,9,4,20,15015.16,3634.9,43525.79,37076.19,-0.02288,0.3798,0.1077,0.2769,0.1036,1
CID01244,70,HNI,3,20,6,16,375545.27,17392.36,702897.75,715501.33,0.01999,0.6004,0.1132,0.4646,0.1464,0
CID01245,19,Active Trader,21,62,16,37,19856.08,5114.06,89850.8,93702.52,0.01255,0.5148,0.1416,0.2347,0.1318,1
CID01246,48,HNI,2,19,4,12,83417.42,38652.81,679046.24,542782.36,0.02144,0.4567,0.2041,0.3491,0.1991,0
CID01247,59,HNI,6,20,4,7,213027.09,70974.06,760800.46,494961.33,0.01792,0.6035,0.048,0.1921,0.0929,0
CID01248,57,HNI,4,23,7,17,39468.22,21365.99,270601.34,239613.34,0.00749,0.5232,0.0544,0.25,0.0357,0
CID01249,65,HNI,3,18,10,13,270984.43,129449.71,911301.25,592206.05,0.00255,0.4102,0.1647,0.3456,0.4359,0
CID01250,44,Active Trader,14,61,13,35,3837.58,93.83,21441.24,15650.38,-0.00297,0.4126,0.0241,0.1362,0.3038,0
CID01251,53,Active Trader,16,58,13,44,87511.78,47031.63,119615.93,98959.05,0.03022,0.3773,0.0861,0.1888,0.2872,0
CID01252,1,Retail,1,4,3,20,5468.04,561.03,27089.63,30014.77,-0.00999,0.4569,0.0382,0.4411,0.0835,0
CID01253,20,Retail,3,10,3,10,17595.18,10002.15,59615.96,44594.77,-0.00046,0.7595,0.0905,0.2558,0.1247,0
CID01254,5,Retail,3,6,4,12,608.84,156.87,6505.48,6665.97,-0.02926,0.4404,0.1183,0.5164,0.2268,0
CID01255,48,HNI,9,24,6,19,873673.87,72753.48,686836.43,709680.47,0.00443,0.4523,0.085,0.3186,0.1546,0
CID01256,23,Retail,3,7,2,6,12414.66,4753.68,18932.34,15903.45,0.00749,0.1813,0.0912,0.7393,0.1373,0
CID01257,60,HNI,4,15,1,10,273082.21,41343.16,983710.56,1030129.47,-0.03259,0.4318,0.2504,0.2619,0.4128,0
CID01258,56,HNI,5,21,9,16,105887.09,73650.99,457593.5,330264.54,0.01663,0.8904,0.1659,0.4697,0.3206,0
CID01259,42,Retail,0,10,2,13,5786.88,3098.96,16835.02,15331.52,0.01297,0.191,0.0753,0.1672,0.0152,0
CID01260,36,Active Trader,24,55,6,48,37910.81,16530.28,118842.12,76595.94,-0.02181,0.3993,0.1036,0.638,0.0744,0
CID01261,6,Retail,3,5,3,11,5492.18,1661.84,27533.94,23690.64,-0.00391,0.4417,0.044,0.0268,0.1832,0
CID01262,25,Retail,1,12,4,13,1496.03,35.66,6275.27,4916.94,0.00538,0.7576,0.0725,0.4408,0.0895,1
CID01263,50,Retail,2,14,5,13,5875.31,4098.29,22365.83,15599.8,0.00055,0.6648,0.173,0.5813,0.0915,0
CID01264,9,Retail,1,8,6,11,11211.93,1729.96,25062.24,16486.24,0.04506,0.276,0.0593,0.1188,0.2102,1
CID01265,29,Retail,4,8,3,17,2041.31,76.93,7190.9,7085.36,-0.02715,0.4011,0.142,0.1399,0.0893,0
CID01266,38,Retail,3,6,5,6,4621.63,1667.89,8649.88,7256.3,-0.01222,0.385,0.0186,0.2584,0.0169,0
CID01267,75,Active Trader,22,52,13,35,144988.84,59192.62,242925.38,171798.1,0.0172,0.4902,0.3976,0.25,0.2081,0
CID01268,12,Retail,1,7,4,14,10290.99,3050.89,19649.02,18133.14,0.00507,0.6105,0.0861,0.2645,0.1775,0
CID01269,34,Retail,2,11,3,10,12357.57,4327.44,44187.9,44803.97,-0.00815,0.4735,0.1404,0.2925,0.1986,1
CID01270,49,Active Trader,15,61,11,49,35953.81,20376.15,229446.01,171202.98,-0.01394,0.419,0.1114,0.2367,0.0756,0
CID01271,28,Retail,2,10,8,20,1966.58,86.75,9063.69,5865.74,-0.01795,0.4111,0.2156,0.275,0.1763,0
CID01272,1,Retail,3,10,4,12,3022.01,596.48,23068.22,16333.21,0.01701,0.2792,0.0507,0.1648,0.0396,1
CID01273,103,HNI,8,20,8,11,158435.22,29885.66,758286.21,645518.18,0.01633,0.3239,0.3114,0.1248,0.5126,1
CID01274,41,Active Trader,19,46,5,50,94115.29,38662.89,285858.62,212629.06,0.02444,0.2995,0.0401,0.0303,0.3125,1
CID01275,66,Active Trader,14,45,7,52,10365.79,5901.36,76612.32,47825.95,0.02232,0.5248,0.1778,0.2012,0.3172,0
CID01276,81,HNI,4,11,6,13,656869.9,275904.49,1689217.07,1076075.16,0.00983,0.7857,0.003,0.3065,0.1716,0
CID01277,23,Active Trader,23,64,13,32,15366.45,7948.57,58925.05,39674.16,-0.01672,0.4429,0.0676,0.3352,0.0448,1
CID01278,24,Retail,2,9,2,14,33461.18,10261.37,107673.95,110279.24,-0.00588,0.3572,0.0693,0.6562,0.0734,0
CID01279,40,Retail,1,5,4,20,4056.98,2051.32,26795.46,19026.54,0.01661,0.3011,0.1755,0.6424,0.0977,0
CID01280,23,Retail,1,3,3,17,3270.31,1449.29,7954.17,8034.32,-0.01491,0.223,0.1956,0.3334,0.295,0
CID01281,34,Retail,3,9,6,16,537.9,10.39,5474.08,4002.49,0.02424,0.543,0.0121,0.0909,0.2352,0
CID01282,83,Active Trader,17,70,12,33,31771.56,20226.96,113055.3,102263.31,0.00358,0.4573,0.0166,0.3365,0.0316,1
CID01283,23,Retail,1,8,7,9,20963.92,6327.95,41931.89,47195.46,-0.00024,0.4294,0.1348,0.4867,0.3505,1
CID01284,48,Retail,3,12,5,19,3994.18,385.36,18286.25,13064.68,-0.01029,0.2238,0.1514,0.0755,0.2587,0
CID01285,8,Retail,0,9,3,11,2149.28,202.6,10179.14,10600.05,0.01955,0.5544,0.1114,0.3706,0.0305,0
CID01286,1,Active Trader,18,55,11,32,44733.98,12112.27,137373.5,141108.89,-0.01859,0.3485,0.1568,0.2277,0.064,0
CID01287,37,Retail,2,7,4,18,6117.24,656.71,43926.91,34625.7,0.03768,0.2798,0.2025,0.0619,0.2604,1
CID01288,13,Retail,3,7,5,15,1651.78,677.31,13838.33,13457.75,0.02765,0.5848,0.049,0.1127,0.0553,0
CID01289,10,Active Trader,20,83,9,33,15462.72,8262.99,68435.86,51827.49,-0.00174,0.432,0.2196,0.2951,0.2545,1
CID01290,43,Retail,3,6,2,16,1713.9,718.91,10756.19,8626.76,0.00739,0.5176,0.1724,0.3844,0.1385,0
CID01291,22,Retail,5,10,2,13,1163.71,167.91,10788.55,6822.34,0.00152,0.5498,0.1676,0.4932,0.0148,0
CID01292,20,Active Trader,13,70,17,37,36514.03,14235.54,126963.18,130572.66,0.03756,0.4673,0.162,0.4912,0.2027,0
CID01293,28,HNI,2,9,4,7,246211.77,101416.04,812181.51,515877.42,0.00308,0.5812,0.0032,0.138,0.2494,0
CID01294,33,Retail,1,2,1,10,6992.15,1582.81,29090.3,25323.92,0.02948,0.1838,0.1283,0.0792,0.4993,1
CID01295,14,Active Trader,15,86,11,43,25492.39,14641.6,67000.6,74651.33,-0.00236,0.7042,0.2058,0.2594,0.2142,0
CID01296,41,Active Trader,20,61,9,43,14273.25,791.3,61873.13,42400.3,0.00381,0.5137,0.0958,0.3445,0.124,0
CID01297,34,Retail,2,7,4,20,23365.68,7600.0,127065.26,137282.76,0.00715,0.4988,0.2293,0.2541,0.3113,0
CID01298,45,Active Trader,19,53,11,40,11939.98,3450.24,141973.35,106569.98,-0.02308,0.6616,0.1422,0.3183,0.2696,0
CID01299,23,Retail,1,9,3,19,7522.36,1917.65,19067.2,19507.78,-0.00459,0.7536,0.1527,0.042,0.0325,1
CID01300,36,Active Trader,11,59,12,34,26768.36,2136.52,145660.11,90177.28,0.00933,0.4751,0.1163,0.1135,0.2288,0
CID01301,16,Retail,5,9,6,15,4624.73,92.47,11489.79,8746.13,-0.00221,0.4302,0.152,0.608,0.3625,0
CID01302,13,Retail,2,9,5,13,2274.99,946.25,10571.79,10288.14,0.02342,0.5289,0.1724,0.1698,0.2467,1
CID01303,6,Retail,3,3,2,17,2725.54,163.41,13723.05,13491.47,0.02148,0.3621,0.1922,0.5642,0.0607,1
CID01304,37,Active Trader,7,60,19,43,28915.98,9646.41,141107.04,100352.67,-0.01834,0.5466,0.2076,0.0971,0.1483,0
CID01305,34,Active Trader,16,58,15,33,12398.75,3676.67,110081.51,108491.24,0.03324,0.4633,0.1381,0.4632,0.2081,0
CID01306,54,Active Trader,22,61,10,50,32492.99,6778.32,149574.68,105951.79,0.01434,0.5977,0.1392,0.191,0.0969,0
CID01307,13,Active Trader,23,57,10,42,19993.51,298.77,52026.39,57770.87,0.00712,0.5649,0.1895,0.1147,0.0856,0
CID01308,43,Retail,1,9,5,17,4600.63,686.9,55357.71,41913.55,0.02361,0.3175,0.2504,0.0866,0.3158,0
CID01309,22,Active Trader,11,60,8,36,10031.43,2569.36,64256.4,51775.38,-0.00941,0.7136,0.0113,0.017,0.2104,0
CID01310,48,Retail,3,6,2,19,3082.78,234.37,28108.45,27019.75,-0.00585,0.2397,0.2398,0.3558,0.1633,0
CID01311,103,HNI,1,23,8,13,127708.59,65330.23,406139.65,332034.47,0.00255,0.6894,0.0542,0.2073,0.3078,0
CID01312,42,Retail,3,6,3,14,2429.58,495.96,11846.9,7213.16,-0.00403,0.3388,0.0933,0.1401,0.2933,0
CID01313,41,Active Trader,15,56,14,34,38039.78,5773.84,122966.34,137440.58,0.00912,0.7134,0.0044,0.4164,0.1711,0
CID01314,95,HNI,11,19,1,15,361461.87,100008.36,712980.82,665140.16,-0.01164,0.7162,0.0389,0.3266,0.2956,0
CID01315,49,HNI,10,17,2,9,51502.48,24650.35,441232.06,431449.57,-0.00839,0.568,0.0788,0.2049,0.3568,0
CID01316,46,HNI,3,22,4,19,162084.59,4991.78,613767.17,640162.52,0.01546,0.3479,0.2252,0.1526,0.0405,0
CID01317,34,Retail,1,4,1,14,1904.18,691.1,5628.1,6141.48,0.02012,0.5051,0.1426,0.1851,0.0318,0
CID01318,51,Active Trader,15,52,17,40,24827.88,6551.31,68008.32,66194.35,0.0005,0.4255,0.2417,0.3629,0.0494,0
CID01319,1,Active Trader,17,54,10,32,30588.89,11018.95,411358.12,275853.18,0.03048,0.4889,0.1473,0.187,0.1212,1
CID01320,39,Retail,2,6,4,15,14793.16,6026.3,64815.24,53136.94,0.03034,0.5525,0.2011,0.4018,0.1391,0
CID01321,7,Retail,1,6,6,15,2300.53,508.3,8301.05,6333.05,0.0141,0.5034,0.3061,0.3661,0.2912,1
CID01322,18,Active Trader,13,50,17,31,12261.27,586.75,181239.49,143486.46,0.03185,0.2524,0.1397,0.1356,0.2435,0
CID01323,39,Active Trader,25,54,9,42,25712.66,11913.94,53500.0,41455.23,-0.00684,0.5086,0.0225,0.1349,0.2822,0
CID01324,39,Retail,1,7,6,17,3711.33,1049.94,13825.09,11579.68,7e-05,0.2055,0.2025,0.0847,0.3576,0
CID01325,24,Retail,2,6,6,6,10296.73,2895.27,21573.19,19312.21,0.0047,0.3125,0.1915,0.1685,0.1939,0
CID01326,55,Active Trader,15,43,7,27,2224.77,559.11,16048.24,12989.8,-0.00917,0.3201,0.1093,0.3409,0.1339,0
CID01327,27,Retail,2,8,3,21,8698.55,1755.58,29424.31,24314.75,-0.00114,0.4854,0.1478,0.7811,0.3843,0
CID01328,27,Retail,5,6,6,7,9770.72,7186.97,27181.22,18807.59,-0.01063,0.2442,0.0055,0.2854,0.0369,0
CID01329,24,Retail,3,7,7,16,4936.04,832.48,20862.33,18891.23,0.0328,0.6951,0.1697,0.2062,0.3042,0
CID01330,48,Active Trader,13,62,16,40,20828.85,10616.39,63587.52,70681.07,-0.01951,0.5341,0.1107,0.0203,0.229,0
CID01331,19,Active Trader,21,61,12,48,5893.26,508.88,48871.4,51430.08,0.02251,0.3485,0.2339,0.101,0.1169,1
CID01332,22,Active Trader,15,63,14,34,41839.57,838.73,137718.03,105672.09,-0.00385,0.8465,0.0833,0.5173,0.1878,0
CID01333,41,Active Trader,22,67,12,39,11139.21,5785.77,96909.01,59777.35,0.01948,0.4413,0.1815,0.2455,0.0815,1
CID01334,3,Retail,0,9,4,13,1333.5,602.84,13891.3,15386.49,0.03443,0.4025,0.1302,0.1791,0.199,0
CID01335,14,Retail,0,4,4,9,17485.69,7007.24,61317.7,57183.71,0.01326,0.3195,0.178,0.5124,0.1097,0
CID01336,4,Retail,3,10,4,15,3400.32,512.39,17023.34,10314.06,0.0004,0.7348,0.1726,0.5976,0.0932,0
CID01337,20,Active Trader,25,56,13,40,46299.58,11312.25,185049.7,126801.12,-0.00676,0.3861,0.1101,0.0676,0.2905,1
CID01338,4,Active Trader,23,46,16,47,14695.93,691.42,59245.54,40991.88,0.00198,0.7582,0.0946,0.2335,0.0831,0
CID01339,28,Retail,4,11,8,14,2390.71,328.39,16023.41,16267.78,0.04098,0.5363,0.0125,0.2633,0.4481,0
CID01340,45,Retail,3,9,5,13,1859.92,338.91,5556.14,6062.33,-0.01232,0.5837,0.1234,0.5347,0.2292,0
CID01341,55,Active Trader,13,71,8,33,7916.72,3146.78,76981.43,47777.25,0.0023,0.5549,0.1651,0.4299,0.3168,0
CID01342,20,Retail,1,8,7,15,4923.99,2319.05,19045.21,21666.15,-0.00729,0.2592,0.2797,0.3493,0.2425,0
CID01343,16,Retail,2,10,6,17,1311.43,159.39,6675.66,4934.43,0.0179,0.511,0.1672,0.3292,0.0285,0
CID01344,27,Active Trader,13,63,15,48,30824.41,1588.58,132690.52,132734.2,0.00192,0.7842,0.2224,0.3761,0.1311,1
CID01345,30,Active Trader,20,65,10,30,37297.32,3030.59,102854.72,83830.22,-0.01989,0.8292,0.0568,0.1436,0.2381,0
CID01346,25,Retail,1,10,2,11,657.12,293.82,5223.02,3544.08,0.02188,0.5316,0.3836,0.2247,0.1788,0
CID01347,68,Active Trader,17,56,10,37,11425.54,3061.25,54920.07,41582.9,0.00947,0.4546,0.2866,0.2304,0.2941,1
CID01348,49,Retail,3,3,2,9,746.89,479.18,3918.59,3625.04,0.02179,0.2256,0.2251,0.4326,0.1806,0
CID01349,43,Retail,2,6,4,10,4464.37,146.26,17001.8,18015.96,-9e-05,0.6092,0.2528,0.0766,0.0139,0
CID01350,40,Retail,2,4,5,10,2082.09,176.95,11388.25,11916.01,0.0221,0.5473,0.1347,0.3203,0.1379,0
CID01351,1,Retail,3,11,5,14,4320.96,827.08,11452.72,9958.38,0.00549,0.6805,0.0423,0.1009,0.2591,0
CID01352,44,Active Trader,19,69,9,33,118222.84,30608.93,300214.83,278784.33,-0.00824,0.7484,0.1429,0.1885,0.0809,0
CID01353,18,Retail,2,8,5,10,6257.23,957.56,46229.45,28957.62,0.01821,0.5436,0.1459,0.6195,0.2368,1
CID01354,82,HNI,5,19,8,16,559935.01,176169.59,508324.09,580286.68,0.02078,0.4956,0.0304,0.1867,0.181,0
CID01355,17,Retail,2,10,5,16,47202.97,5004.17,68968.77,71195.42,-0.01351,0.214,0.1814,0.0754,0.1639,1
CID01356,10,Retail,1,5,4,19,7581.39,1076.77,24415.74,20172.44,0.01011,0.4372,0.2027,0.2588,0.1295,0
CID01357,45,HNI,6,20,4,10,167575.65,11168.43,983020.71,989814.08,0.00396,0.5839,0.0896,0.2529,0.1826,0
CID01358,50,HNI,6,25,5,14,188314.35,16711.14,1311343.66,853891.59,0.00828,0.3049,0.1379,0.1717,0.106,0
CID01359,13,Retail,1,10,3,16,14670.88,2657.01,41156.5,40927.28,0.00032,0.5789,0.079,0.2443,0.1286,0
CID01360,35,Retail,4,7,1,8,2691.62,1432.64,14212.11,10554.0,0.02201,0.3043,0.0565,0.1298,0.4515,0
CID01361,7,Retail,2,7,6,10,2959.83,1295.55,15278.43,12729.96,-0.00265,0.7392,0.0787,0.2199,0.3942,1
CID01362,58,Retail,0,9,3,9,2528.42,959.0,9429.67,7112.05,0.00435,0.4399,0.1616,0.5087,0.1078,0
CID01363,42,HNI,8,24,1,12,414129.44,72738.35,1759558.64,1780357.05,0.02408,0.4945,0.226,0.2509,0.0761,0
CID01364,44,Active Trader,27,63,17,39,36599.96,20374.86,45666.21,50468.58,-0.01244,0.361,0.1008,0.3741,0.1095,0
CID01365,63,HNI,6,16,5,15,124743.79,92729.33,474924.46,413771.32,0.00789,0.6222,0.1418,0.0821,0.0398,1
CID01366,15,Retail,0,6,6,14,8909.65,1366.94,29028.82,26795.26,-0.00081,0.5217,0.2353,0.3096,0.4156,0
CID01367,45,Active Trader,21,72,16,37,23777.36,6709.58,126246.87,126354.87,-0.00108,0.5947,0.18,0.4097,0.1028,0
CID01368,50,Active Trader,8,48,13,44,141229.25,16580.97,222954.79,249032.3,0.01882,0.5984,0.139,0.2196,0.1761,1
CID01369,35,Retail,3,4,2,17,3398.19,1152.54,26377.56,20447.1,0.00851,0.2588,0.2158,0.2703,0.1181,0
CID01370,15,Retail,3,6,4,13,2393.32,674.35,14200.54,14120.02,0.02117,0.5358,0.1683,0.158,0.3118,0
CID01371,43,Retail,0,10,4,12,10078.43,1995.12,29294.26,30659.4,0.00779,0.6458,0.2727,0.1555,0.1431,0
CID01372,10,Retail,1,3,2,15,9077.61,1239.13,27739.33,22176.6,0.00588,0.5074,0.1215,0.0339,0.4052,0
CID01373,20,Retail,3,6,4,18,13320.96,4373.07,35991.65,22533.53,0.00571,0.7139,0.0824,0.0716,0.2464,0
CID01374,49,Active Trader,16,67,13,43,25657.38,14071.1,145946.73,151693.88,0.01057,0.4077,0.2408,0.2788,0.2464,0
CID01375,39,Retail,2,4,2,22,11852.97,3962.83,21480.64,23830.98,0.01593,0.6021,0.2017,0.4158,0.0639,0
CID01376,30,Retail,2,4,4,13,2758.64,786.69,14352.07,10028.61,-0.02833,0.6519,0.0341,0.3042,0.0198,0
CID01377,70,Active Trader,19,72,9,45,10719.96,5352.98,38163.82,26982.04,-0.03203,0.536,0.0224,0.2561,0.0333,0
CID01378,68,HNI,5,18,4,9,208643.38,36593.58,726903.27,724532.84,0.01865,0.2831,0.0622,0.3398,0.1585,1
CID01379,17,Active Trader,16,67,13,35,18820.97,10686.0,61558.47,46282.75,-0.00688,0.5182,0.1414,0.2364,0.0668,0
CID01380,51,Active Trader,18,59,12,44,44403.64,22453.42,313027.66,226515.99,0.0109,0.4368,0.0471,0.2185,0.0521,1
CID01381,34,Retail,2,8,4,14,2025.62,318.76,23734.03,25660.69,0.03959,0.3095,0.2131,0.4859,0.2026,0
CID01382,30,Retail,0,6,4,22,1086.26,181.05,10360.62,8022.36,-0.00169,0.6721,0.1204,0.1893,0.1799,1
CID01383,70,HNI,6,18,1,18,215685.75,44055.0,449062.44,469480.38,0.01324,0.713,0.0678,0.2529,0.2872,0
CID01384,11,Retail,1,4,7,13,4115.84,1142.61,9612.79,8520.42,0.02044,0.8045,0.0162,0.259,0.6089,0
CID01385,37,HNI,4,16,6,13,588848.54,54427.21,932613.5,594249.24,-0.01114,0.7605,0.2577,0.2115,0.148,0
CID01386,71,Active Trader,19,70,8,37,10677.41,1017.67,57571.28,52503.34,0.00981,0.2815,0.0758,0.3954,0.1138,0
CID01387,130,HNI,4,17,2,4,1590423.03,117969.94,3220571.7,3547927.42,0.00278,0.5306,0.1201,0.2277,0.0583,1
CID01388,28,Retail,3,9,3,13,13122.78,1373.7,23715.31,22868.68,-0.01841,0.5283,0.0584,0.6534,0.1809,1
CID01389,61,Active Trader,16,54,15,36,11713.54,3707.45,66982.07,42351.92,0.03009,0.5613,0.2092,0.3342,0.2687,1
CID01390,60,Active Trader,22,68,13,43,39185.76,14725.95,107416.24,114080.84,-0.01374,0.3656,0.1112,0.0525,0.3197,0
CID01391,59,HNI,5,19,5,14,379043.3,109267.82,1802745.14,1286237.15,-0.01348,0.3719,0.2984,0.3466,0.245,0
CID01392,34,Retail,1,9,6,15,49018.27,5032.35,134529.77,151783.7,-0.0089,0.1309,0.1863,0.1378,0.4149,0
CID01393,34,Active Trader,14,43,10,46,12341.61,1221.65,80905.66,54976.57,0.0241,0.5262,0.2001,0.4382,0.1021,0
CID01394,65,Active Trader,18,62,7,30,16483.4,4390.41,49840.75,34732.66,0.00406,0.6437,0.1675,0.2667,0.1532,0
CID01395,25,Retail,2,12,7,16,8014.59,2741.02,33301.22,32105.41,0.00638,0.3896,0.0514,0.2642,0.078,1
CID01396,25,Retail,0,9,2,12,2340.37,417.66,10082.28,9346.44,0.03047,0.5023,0.1314,0.2789,0.1367,0
CID01397,58,Active Trader,10,71,16,46,29648.14,5431.29,74368.19,55542.27,0.00541,0.7233,0.1803,0.3072,0.2446,0
CID01398,30,Retail,4,12,0,13,3608.31,1002.04,21591.03,13209.68,0.01596,0.6216,0.1903,0.0546,0.2849,0
CID01399,3,Retail,1,10,4,16,9979.9,1241.44,49711.75,41459.55,0.0079,0.1613,0.031,0.195,0.205,0
CID01400,38,HNI,2,18,5,16,184356.36,80102.03,717877.35,783099.71,-0.00313,0.5923,0.0778,0.319,0.1353,0
CID01401,21,Retail,1,5,4,13,5631.67,2086.26,25781.8,24051.1,0.00704,0.757,0.0808,0.1613,0.6856,0
CID01402,1,Retail,3,9,5,16,2256.15,891.72,8956.52,9390.41,0.00038,0.6553,0.1138,0.228,0.077,1
CID01403,26,Active Trader,23,75,10,36,67649.6,15514.77,126133.88,140885.47,0.01899,0.1347,0.2027,0.3433,0.2029,0
CID01404,72,Active Trader,20,72,14,32,150424.13,22361.05,530900.22,492441.13,0.00098,0.6779,0.1143,0.5848,0.1611,1
CID01405,21,Active Trader,14,60,9,53,19735.08,4788.27,128862.22,139717.0,0.03212,0.3148,0.1342,0.2133,0.24,0
CID01406,15,Retail,2,7,1,14,30894.29,3872.8,85549.14,63527.66,0.00225,0.4309,0.1508,0.4632,0.0285,0
CID01407,48,Retail,3,3,6,13,15760.09,5098.11,62805.89,55281.96,-0.0175,0.3597,0.2324,0.1455,0.0727,0
CID01408,33,Active Trader,22,56,11,37,29253.49,4904.8,153432.17,102741.95,-0.01036,0.2284,0.097,0.4119,0.267,1
CID01409,52,HNI,4,24,6,14,232613.48,105337.96,697070.89,444216.62,0.00637,0.5599,0.0328,0.7541,0.4367,1
CID01410,25,Retail,3,5,8,11,15988.58,4664.46,44410.92,31543.41,-0.01393,0.6884,0.1553,0.3096,0.1321,0
CID01411,16,Active Trader,17,65,10,43,19279.48,12192.96,138744.76,113959.75,0.00863,0.3049,0.1742,0.0804,0.3929,0
CID01412,12,Retail,6,6,6,17,6331.33,237.92,10420.85,11859.24,-0.00829,0.4816,0.2044,0.1507,0.1314,0
CID01413,28,Retail,1,6,2,19,8626.22,2957.37,29540.11,20446.47,0.02901,0.3489,0.2394,0.5005,0.1051,1
CID01414,45,Active Trader,21,58,12,37,18184.9,7383.31,55534.24,37586.64,0.00832,0.5715,0.0701,0.4328,0.129,0
CID01415,18,Retail,2,6,1,14,3919.98,1148.08,13288.57,13251.14,0.0018,0.3531,0.0877,0.3141,0.103,0
CID01416,8,Retail,1,8,4,15,26841.98,52.34,60999.39,63044.51,0.00165,0.4992,0.3025,0.1168,0.1437,0
CID01417,50,Active Trader,26,56,11,38,7386.03,3794.45,57906.23,49021.54,-0.00626,0.3335,0.1278,0.1609,0.2241,0
CID01418,26,Retail,1,8,2,6,5350.06,813.08,20010.99,14501.05,0.00447,0.5092,0.1185,0.2298,0.1663,0
CID01419,46,Retail,2,6,5,13,2919.74,1460.22,11385.69,9249.45,0.00982,0.4035,0.2595,0.3134,0.1713,1
CID01420,87,HNI,6,16,7,11,64290.61,6559.64,624782.12,557629.16,0.00298,0.5261,0.0911,0.5547,0.3363,0
CID01421,20,Retail,2,14,4,11,13563.7,1024.79,54447.37,37763.09,0.02532,0.512,0.051,0.0843,0.202,0
CID01422,45,Active Trader,22,57,15,43,13626.51,3553.64,93478.71,60956.29,0.01266,0.5408,0.2141,0.4499,0.2223,0
CID01423,12,Retail,1,10,10,12,16589.54,2771.0,38964.24,38593.27,0.00281,0.2297,0.166,0.2196,0.1841,0
CID01424,11,Retail,1,2,2,11,33753.67,18955.47,62426.54,68699.8,0.01727,0.6885,0.0179,0.7553,0.1002,0
CID01425,35,Active Trader,16,57,14,35,19096.29,7659.64,101660.64,87753.2,0.02292,0.4576,0.1646,0.1873,0.063,0
CID01426,30,Retail,2,5,3,17,8291.16,2694.73,30359.31,19356.0,0.01855,0.5886,0.0951,0.1533,0.1148,0
CID01427,1,Retail,0,8,5,9,5463.66,2245.33,20236.8,17569.69,-0.00909,0.3052,0.0557,0.2679,0.1394,1
CID01428,14,Retail,2,9,4,17,42086.39,20436.65,59831.11,61087.18,-0.00975,0.5555,0.0541,0.3796,0.0738,0
CID01429,114,HNI,4,23,10,20,143870.92,85120.47,872084.74,671642.93,0.00939,0.5033,0.2492,0.1495,0.1227,1
CID01430,28,Active Trader,21,62,16,52,76211.82,2298.24,66789.84,65186.81,0.00692,0.2529,0.1573,0.1844,0.0247,0
CID01431,28,Retail,2,8,7,14,5110.08,2103.96,16083.3,16280.12,0.00081,0.5843,0.1385,0.1044,0.3278,0
CID01432,44,Active Trader,17,55,8,41,19130.55,3103.58,60462.5,52766.67,0.0167,0.6124,0.2291,0.088,0.0979,1
CID01433,24,Retail,1,13,5,19,5809.94,382.71,22371.18,15986.26,0.01155,0.4275,0.2123,0.0793,0.0994,1
CID01434,54,Retail,3,4,6,15,6719.41,2691.53,18715.63,14346.06,-0.00619,0.4025,0.2079,0.2005,0.4008,0
CID01435,40,Retail,3,7,2,18,1428.13,166.23,9410.24,6314.37,0.01694,0.4021,0.1422,0.6503,0.1503,0
CID01436,62,Active Trader,18,59,11,45,18676.9,6246.74,111171.98,84447.14,0.02727,0.6632,0.0959,0.496,0.1937,0
CID01437,27,HNI,2,21,4,12,78237.04,40605.74,240386.79,271443.98,0.01722,0.5026,0.1525,0.3795,0.4023,0
CID01438,30,Retail,3,4,4,13,1611.49,300.99,5698.19,4474.09,-0.00162,0.2347,0.1731,0.1013,0.3962,0
CID01439,1,Retail,4,4,4,15,5287.58,2557.21,21344.68,24261.07,-0.00599,0.488,0.0853,0.3108,0.2738,0
CID01440,11,Retail,4,10,5,6,7058.02,981.96,20764.59,19537.83,0.00628,0.4932,0.0089,0.3556,0.0601,0
CID01441,5,Retail,1,7,5,11,6270.36,2299.16,32593.65,31540.77,-0.00188,0.5604,0.0167,0.0705,0.2973,0
CID01442,36,Retail,1,8,4,16,8854.76,6461.93,18565.72,15129.43,-0.00888,0.2543,0.1757,0.2733,0.1391,0
CID01443,25,Active Trader,21,60,10,46,26120.39,4761.98,128451.17,126781.98,0.01235,0.6005,0.1674,0.0924,0.133,1
CID01444,67,HNI,3,24,3,9,65480.02,33708.59,446059.12,378359.01,-0.00703,0.4356,0.1124,0.4321,0.2505,0
CID01445,70,Active Trader,15,62,15,36,27469.74,2239.08,140817.12,125242.55,0.00255,0.6034,0.0642,0.2912,0.158,0
CID01446,55,HNI,9,15,3,10,169145.72,73657.87,695053.47,733565.21,0.00178,0.4146,0.0664,0.1947,0.1774,0
CID01447,44,Active Trader,15,50,15,52,20175.89,6340.11,120842.36,81844.67,0.00257,0.5206,0.1431,0.5814,0.203,0
CID01448,41,Active Trader,15,67,12,47,10571.01,1014.58,63461.48,39863.13,-0.0128,0.6942,0.0304,0.1989,0.0981,0
CID01449,16,Retail,3,8,4,18,5168.4,1469.48,12713.45,12985.91,0.0233,0.4705,0.0486,0.1351,0.0393,0
CID01450,23,Retail,2,7,6,17,2503.51,550.5,8264.02,5604.21,0.01537,0.4619,0.0667,0.055,0.3758,0
CID01451,29,Active Trader,17,56,13,34,7085.5,347.98,57382.88,49172.05,-0.01053,0.5684,0.0587,0.1297,0.1564,0
CID01452,33,Active Trader,13,60,12,53,40156.04,10104.69,136627.05,133394.49,-0.01307,0.417,0.0624,0.3385,0.3048,0
CID01453,32,Retail,0,6,4,16,5460.8,983.66,30817.16,28492.72,-0.03596,0.701,0.1504,0.0081,0.1343,0
CID01454,36,Active Trader,17,47,10,39,5767.7,1235.5,12379.92,13106.64,0.00476,0.5253,0.1942,0.2428,0.4212,0
CID01455,37,HNI,7,22,5,14,124085.98,12033.14,746267.06,534059.65,0.01817,0.3992,0.1987,0.2403,0.3401,1
CID01456,44,Active Trader,26,56,17,43,22265.63,1716.99,149399.98,92733.06,-0.01367,0.4729,0.0269,0.5286,0.3549,0
CID01457,35,Active Trader,15,59,12,45,28030.35,10964.0,231779.05,147339.1,0.00792,0.4835,0.2658,0.4182,0.0725,0
CID01458,1,Retail,2,3,3,12,2793.89,302.58,19870.53,14287.67,0.00702,0.1807,0.2057,0.1983,0.0083,0
CID01459,15,HNI,7,22,1,18,816747.9,190084.43,2205014.45,1783095.89,-0.01187,0.5043,0.1909,0.3764,0.163,0
CID01460,1,Retail,2,6,6,18,1629.93,1126.01,12180.91,10218.53,0.00301,0.6687,0.0967,0.2963,0.2093,0
CID01461,22,Retail,1,8,5,11,20853.7,4008.17,45416.63,34648.8,0.00179,0.5812,0.0202,0.1563,0.0356,0
CID01462,12,Retail,2,9,2,9,5871.82,1891.59,11876.41,10379.85,0.00864,0.1997,0.0207,0.2048,0.0802,0
CID01463,10,Retail,1,5,1,14,4339.21,881.65,27096.66,19419.09,-0.0222,0.5724,0.0311,0.3151,0.046,0
CID01464,63,Retail,0,4,4,13,6249.42,2257.43,35188.31,33247.67,0.01547,0.5646,0.0362,0.4471,0.1791,1
CID01465,44,Active Trader,16,58,11,32,28002.44,8932.42,96800.51,92426.28,-0.00399,0.758,0.0005,0.2172,0.2898,0
CID01466,36,Active Trader,21,54,17,39,3589.07,1600.4,36024.31,26871.62,-0.00777,0.4137,0.0812,0.2493,0.1416,0
CID01467,47,Retail,2,7,3,17,4540.44,533.02,21414.92,20153.34,0.01045,0.8326,0.1928,0.0636,0.1865,0
CID01468,54,HNI,4,18,4,16,847817.65,206566.4,2624500.66,2039414.51,-0.00333,0.509,0.0817,0.4635,0.0574,0
CID01469,24,Active Trader,17,66,13,41,28870.38,3335.11,87300.82,93583.71,-0.00197,0.6061,0.0382,0.2818,0.6361,0
CID01470,53,HNI,9,15,3,16,346854.75,48727.54,997729.62,947294.05,-0.01443,0.6237,0.0155,0.2975,0.1864,0
CID01471,69,HNI,0,17,3,19,48162.65,7719.83,279944.75,186261.9,0.02983,0.7212,0.0113,0.3105,0.3415,0
CID01472,29,Retail,2,12,7,10,2092.92,134.03,5265.77,4279.78,-0.00365,0.5948,0.1392,0.3111,0.1996,0
CID01473,35,Retail,0,10,6,23,2666.95,902.63,26208.98,28674.21,-0.03274,0.3818,0.0427,0.137,0.1232,1
CID01474,57,HNI,6,19,1,8,164348.97,28522.74,1085045.33,700468.31,-0.00126,0.7552,0.0587,0.0772,0.3179,0
CID01475,10,HNI,4,20,4,12,263540.36,195125.78,1069645.34,813343.04,0.01612,0.3874,0.0578,0.0899,0.0062,0
CID01476,9,Retail,2,8,6,16,1196.01,754.62,18306.9,11639.85,0.00568,0.3187,0.174,0.4412,0.0507,0
CID01477,10,Active Trader,24,59,10,29,4634.34,1633.85,35046.76,29904.98,0.00815,0.67,0.0988,0.4417,0.148,0
CID01478,22,Active Trader,25,59,9,33,12269.45,4858.41,112044.13,91087.31,-0.01003,0.1645,0.0029,0.2909,0.296,1
CID01479,47,Active Trader,20,65,13,39,14975.61,737.73,116499.5,85330.64,0.03762,0.5541,0.1949,0.4808,0.369,0
CID01480,16,Retail,1,6,6,18,4514.89,193.29,18153.31,11715.09,0.00114,0.4282,0.1354,0.408,0.2496,0
CID01481,38,Retail,4,7,3,11,12328.64,10109.85,28450.96,31014.74,-0.00571,0.2536,0.0357,0.1497,0.0313,0
CID01482,103,HNI,8,19,6,9,121221.85,17813.06,989275.04,743300.3,0.00695,0.4663,0.0483,0.1095,0.4975,0
CID01483,14,Retail,2,7,4,14,7393.7,1430.29,15664.96,15734.21,0.02259,0.1831,0.0049,0.124,0.1101,0
CID01484,88,HNI,1,20,3,9,598694.86,43839.01,1946470.6,1769450.94,0.00159,0.2749,0.0878,0.5457,0.0825,1
CID01485,18,Active Trader,14,67,10,37,11982.07,4069.07,49583.25,42454.1,0.00452,0.282,0.013,0.2965,0.0933,0
CID01486,76,HNI,8,15,7,11,63280.68,22349.97,163566.91,123525.67,0.00101,0.4502,0.0882,0.0835,0.2998,0
CID01487,22,Active Trader,17,52,13,35,7166.05,746.53,76338.2,62309.6,0.00556,0.474,0.1319,0.2289,0.0914,0
CID01488,20,Retail,0,7,4,12,3883.3,186.23,7946.27,6357.4,-0.0066,0.3107,0.1602,0.3192,0.0435,0
CID01489,34,Retail,2,7,3,9,4597.94,57.13,42556.6,37008.37,0.03861,0.4153,0.1614,0.1616,0.0593,0
CID01490,33,Retail,3,8,4,12,10195.65,4083.5,13295.19,12066.97,0.00558,0.3952,0.1125,0.113,0.197,0
CID01491,25,Retail,1,9,3,14,6743.99,962.86,19353.46,16058.01,-0.00912,0.2699,0.0379,0.1608,0.2016,0
CID01492,25,Active Trader,14,56,10,37,40791.04,11217.27,235782.74,249545.49,-0.00736,0.5554,0.1119,0.1469,0.0044,0
CID01493,22,Retail,3,9,3,21,9735.3,1996.04,13817.92,14990.2,0.01361,0.3999,0.1539,0.3839,0.296,0
CID01494,21,Retail,5,5,3,15,4227.93,1644.51,15731.58,9523.14,-0.00248,0.661,0.1639,0.1166,0.2173,1
CID01495,26,Retail,2,10,2,12,1526.21,251.78,13183.67,11546.96,-0.01549,0.2945,0.1351,0.0475,0.2247,1
CID01496,26,Retail,0,6,4,10,633.05,250.89,4067.89,2964.8,0.01587,0.477,0.1663,0.3709,0.1072,0
CID01497,69,Active Trader,22,42,10,41,11255.72,2863.72,87857.72,59206.93,-0.00178,0.8543,0.092,0.1948,0.485,0
CID01498,104,HNI,7,25,1,6,236844.64,2860.89,1011696.57,824759.22,0.03842,0.6206,0.2538,0.2879,0.066,0
CID01499,25,Retail,0,8,5,20,1506.29,245.43,6341.88,7198.83,-0.00538,0.6147,0.1555,0.4954,0.3159,0
CID01500,15,Retail,2,6,2,10,2320.45,321.9,7567.5,7666.89,-0.0299,0.5044,0.1172,0.1228,0.2663,0
CID01501,91,HNI,6,24,3,22,90973.23,43074.19,598849.52,435088.89,0.00647,0.7568,0.0626,0.2409,0.0563,0
CID01502,14,Active Trader,14,64,6,43,64500.19,7929.36,221494.42,233508.38,0.01695,0.6505,0.1856,0.4769,0.2169,0
CID01503,21,Retail,1,2,5,8,11132.53,7743.05,36863.62,32797.72,-0.00959,0.4224,0.1667,0.0913,0.2786,0
CID01504,19,Retail,3,8,6,15,7162.8,718.07,42800.89,42871.04,-0.00098,0.5804,0.0639,0.3682,0.3145,0
CID01505,48,HNI,6,20,3,14,374848.28,66275.56,1368245.1,1354697.71,0.00736,0.2859,0.0076,0.214,0.1091,1
CID01506,18,Retail,1,5,5,11,29750.29,10546.78,39607.66,31383.9,-0.00724,0.3406,0.1423,0.3182,0.2334,0
CID01507,46,Active Trader,25,57,8,40,142915.86,70227.89,268806.52,175225.38,-0.01439,0.503,0.1609,0.3241,0.0963,0
CID01508,55,HNI,9,20,4,18,153204.71,50975.54,1052551.62,1205934.27,0.02656,0.504,0.1371,0.6596,0.2592,0
CID01509,23,Active Trader,22,65,6,45,80279.45,27536.74,178351.72,202578.24,0.00932,0.5972,0.1563,0.6361,0.1066,0
CID01510,17,Retail,4,6,5,14,6076.66,1822.35,17379.64,10450.45,0.0126,0.3342,0.0554,0.4685,0.2437,1
CID01511,68,HNI,4,18,4,15,106538.85,52148.38,348631.69,298055.93,0.00126,0.5828,0.0401,0.1136,0.1435,0
CID01512,72,HNI,5,19,6,16,181011.48,49528.32,1789817.44,1162140.22,0.00849,0.6435,0.1333,0.1899,0.1918,0
CID01513,16,Retail,3,7,4,12,3170.18,532.75,14420.16,16444.15,-0.02032,0.3279,0.2204,0.3125,0.4281,1
CID01514,29,Retail,2,8,2,16,8598.06,3475.41,17532.07,18336.83,0.01046,0.5471,0.0438,0.1396,0.0353,0
CID01515,33,Active Trader,11,54,11,39,9323.05,1445.78,52011.25,44537.24,0.02798,0.4208,0.0531,0.3944,0.1647,0
CID01516,3,Retail,0,7,2,18,18899.31,6230.79,61609.02,68032.35,0.00907,0.3651,0.1801,0.1588,0.2313,0
CID01517,32,Retail,0,4,3,18,3111.97,1101.69,8217.4,5847.33,0.0447,0.5061,0.1118,0.2416,0.2221,1
CID01518,29,Active Trader,18,63,13,44,26644.97,2388.68,104479.55,116050.83,0.00133,0.771,0.156,0.2538,0.4773,0
CID01519,18,Retail,0,12,6,15,8290.42,212.15,26544.69,21466.39,0.01636,0.7199,0.0778,0.3683,0.4805,0
CID01520,35,Retail,1,7,1,12,6274.11,1048.6,12441.77,13730.45,0.00388,0.3739,0.0964,0.2276,0.3067,0
CID01521,29,Active Trader,16,67,4,47,19626.0,4401.99,77902.69,58259.7,-0.01903,0.1639,0.0884,0.3541,0.4452,0
CID01522,1,Retail,1,9,4,11,4066.06,828.72,21768.27,19780.58,0.00263,0.4806,0.1849,0.3223,0.1644,1
CID01523,30,Retail,3,6,4,17,2745.36,922.77,12457.94,9081.86,-0.00115,0.3297,0.1351,0.2703,0.1706,0
CID01524,25,Retail,3,5,4,7,2887.01,70.66,12639.7,13382.61,-0.00274,0.607,0.1525,0.2589,0.1425,0
CID01525,29,Retail,0,3,3,10,2669.41,882.95,8961.89,7285.81,-0.00205,0.5414,0.2858,0.3799,0.2149,0
CID01526,51,Retail,3,8,5,11,5381.09,1603.67,23212.67,23365.67,0.0017,0.6646,0.2311,0.222,0.3068,0
CID01527,19,Retail,2,6,3,15,19393.04,4594.43,105608.38,86811.26,0.00954,0.4292,0.2667,0.1869,0.1803,0
CID01528,31,Retail,1,9,2,22,1225.4,244.47,11422.94,10384.92,0.02825,0.6427,0.0256,0.2612,0.1123,0
CID01529,28,Retail,2,10,1,26,5728.98,3165.16,10612.78,11879.14,0.00293,0.3635,0.0416,0.2918,0.6357,0
CID01530,20,Retail,3,3,5,14,6062.29,364.25,27551.49,30897.14,-0.01329,0.5024,0.3406,0.0869,0.0582,1
CID01531,27,Retail,0,3,6,16,7390.75,3494.86,16478.39,15287.2,-0.00988,0.6106,0.0195,0.0442,0.2075,0
CID01532,22,Retail,1,4,5,20,6055.49,1390.8,20727.54,18540.1,0.01544,0.6933,0.1575,0.1773,0.3116,0
CID01533,18,Active Trader,14,62,10,35,42753.93,16230.83,84312.32,82381.47,0.02308,0.6467,0.119,0.1271,0.1064,1
CID01534,17,Retail,2,5,4,15,4229.58,2463.8,10968.78,10696.17,0.00443,0.4225,0.0361,0.423,0.204,0
CID01535,1,HNI,4,22,4,14,51629.15,24157.88,604416.56,378014.65,-0.00099,0.4598,0.2832,0.4001,0.393,0
CID01536,43,Active Trader,17,71,12,41,36089.72,12148.52,59887.79,58135.18,0.0111,0.5913,0.076,0.2702,0.4668,0
CID01537,13,Active Trader,25,63,18,43,26017.61,13709.43,117065.06,77260.1,0.01001,0.7324,0.1486,0.353,0.235,0
CID01538,2,Retail,6,8,2,6,1774.64,715.06,8750.16,6281.19,-0.0013,0.5864,0.1961,0.3798,0.2594,0
CID01539,47,Retail,1,5,2,13,25624.5,2104.39,50499.62,48638.15,0.01326,0.4913,0.1852,0.7573,0.1877,0
CID01540,49,Retail,0,6,2,13,25627.68,6086.62,134517.54,89634.06,0.00519,0.4011,0.1849,0.1007,0.2064,1
CID01541,58,HNI,7,14,5,19,159656.19,92140.43,1216908.47,971162.35,-0.01075,0.8694,0.1032,0.5038,0.2058,0
CID01542,25,Retail,3,5,5,12,5959.02,510.3,20849.6,15589.57,-0.01306,0.6741,0.2032,0.5217,0.0237,0
CID01543,49,Active Trader,23,52,12,35,18535.74,5083.15,94868.51,94316.14,-0.00811,0.4891,0.0451,0.1527,0.3588,0
CID01544,30,Active Trader,17,67,9,29,59602.68,12213.32,123486.88,89343.19,0.03062,0.5216,0.1361,0.2481,0.0596,0
CID01545,38,Active Trader,19,69,12,45,35432.82,4015.82,126930.14,78335.57,-0.00049,0.1135,0.1412,0.1191,0.2502,1
CID01546,6,HNI,4,25,5,14,174689.23,29772.59,844712.06,931074.74,0.01644,0.3584,0.2244,0.2984,0.3805,0
CID01547,49,Active Trader,15,75,15,33,13278.71,4830.03,68076.81,78075.15,-0.00249,0.5361,0.1352,0.1344,0.0604,0
CID01548,22,Retail,1,2,3,14,7299.27,793.51,25657.48,26590.55,-0.00925,0.3361,0.1204,0.1885,0.1625,0
CID01549,14,Retail,2,9,1,12,1870.49,1227.53,7849.09,5772.39,-0.0058,0.311,0.1843,0.2568,0.0857,0
CID01550,52,Active Trader,12,53,7,41,6136.62,1987.28,46359.5,35352.54,-0.00663,0.3513,0.2883,0.0314,0.1431,0
CID01551,29,Retail,0,7,3,7,21206.51,11231.24,80671.42,76270.64,0.00361,0.4954,0.183,0.4686,0.4526,0
CID01552,71,HNI,3,19,4,11,65357.51,39277.42,200095.12,173492.09,-0.00651,0.2419,0.0784,0.3186,0.1296,1
CID01553,23,Retail,0,8,2,10,5165.95,566.7,12772.59,13171.44,0.01435,0.7058,0.1164,0.1698,0.2361,0
CID01554,31,Retail,3,3,2,6,7076.83,1837.32,23944.29,25028.25,-0.00457,0.7089,0.1674,0.2499,0.2705,0
CID01555,6,Retail,2,6,4,15,4460.14,1663.37,21459.75,20405.65,0.02798,0.4177,0.0855,0.3057,0.1143,0
CID01556,28,Active Trader,23,79,18,34,37830.5,11002.58,222054.82,184226.2,0.00258,0.5856,0.1101,0.4584,0.1161,0
CID01557,31,Retail,8,8,3,18,4485.91,1244.25,22750.25,18575.96,0.01084,0.4087,0.0168,0.2491,0.1856,0
CID01558,1,Retail,3,7,6,19,393.85,168.93,4534.51,3432.24,0.02101,0.1873,0.1344,0.1447,0.0431,1
CID01559,19,Active Trader,18,59,11,39,12622.09,4631.71,59766.73,52769.72,-0.00977,0.7198,0.0518,0.4186,0.0076,0
CID01560,63,HNI,4,17,3,14,103698.78,74640.21,700517.22,676407.16,0.02218,0.274,0.2436,0.3522,0.0803,0
CID01561,50,Active Trader,24,59,11,52,11987.74,3872.7,65472.78,51310.7,0.00175,0.6927,0.1,0.1555,0.3122,1
CID01562,49,Retail,2,9,4,9,6049.83,1486.11,11880.28,12979.72,0.02172,0.5844,0.1429,0.2859,0.2053,0
CID01563,34,Retail,1,7,5,15,4466.21,2183.58,19889.27,14221.7,-0.00456,0.521,0.1626,0.3022,0.6298,0
CID01564,39,Retail,3,13,0,14,8050.79,211.04,40061.91,32630.26,-0.00176,0.7344,0.1046,0.0109,0.1193,0
CID01565,43,Active Trader,13,42,7,48,24074.62,5480.25,108420.99,118618.98,0.00644,0.5422,0.3111,0.4129,0.1781,1
CID01566,34,Retail,2,7,4,15,3913.19,496.46,31444.35,18927.81,-0.00196,0.5015,0.0848,0.2038,0.1931,0
CID01567,49,Active Trader,22,57,13,43,35384.01,1997.18,118218.81,111726.25,0.02044,0.3171,0.009,0.5912,0.0671,0
CID01568,15,Retail,2,8,3,22,7289.55,981.41,34620.86,26363.41,0.02973,0.4059,0.0358,0.2375,0.0937,0
CID01569,22,Retail,3,11,7,13,5789.73,543.41,20870.95,18992.25,0.02332,0.4549,0.2494,0.3878,0.1694,0
CID01570,25,Active Trader,21,59,16,44,34011.9,2912.73,81548.06,63695.23,-0.00151,0.4607,0.1626,0.4074,0.0768,0
CID01571,45,HNI,9,13,1,10,136997.75,42781.67,378101.49,375181.09,0.0138,0.5774,0.007,0.2157,0.1666,1
CID01572,21,Active Trader,19,59,10,42,9636.11,2929.5,61546.57,68593.52,-0.00504,0.5534,0.0878,0.1378,0.0586,0
CID01573,24,Retail,2,7,3,17,6175.23,3489.27,27688.87,23197.08,-0.01377,0.4472,0.1848,0.3455,0.2454,0
CID01574,56,Active Trader,16,55,11,44,40803.55,12466.99,237045.63,168339.89,0.00097,0.4025,0.0737,0.3428,0.0241,1
CID01575,106,HNI,6,11,5,16,732337.58,26928.72,1737294.39,1252768.69,-0.00575,0.4235,0.1275,0.3696,0.2702,0
CID01576,63,HNI,3,18,2,15,130952.34,13844.21,699358.58,437630.32,0.0227,0.3231,0.1289,0.3414,0.1872,0
CID01577,64,Active Trader,15,52,11,34,102415.82,32033.65,482226.62,311114.69,-0.02187,0.575,0.0324,0.2112,0.2658,0
CID01578,17,Retail,3,12,8,15,5768.71,728.79,15825.26,15743.79,0.00287,0.3119,0.1686,0.3367,0.1342,0
CID01579,20,Retail,1,4,2,17,23900.19,7119.89,44553.18,45596.23,0.00896,0.249,0.1302,0.061,0.099,1
CID01580,36,Active Trader,15,60,7,37,11825.38,4416.3,44075.37,39593.68,0.01622,0.2853,0.1576,0.3011,0.1628,0
CID01581,6,Active Trader,14,68,14,38,9906.13,2672.25,43980.39,42042.82,-0.00318,0.9149,0.1406,0.2667,0.2765,0
CID01582,69,Active Trader,19,54,9,33,58621.5,3151.89,104171.43,113475.34,-0.00083,0.833,0.065,0.0944,0.197,0
CID01583,30,Retail,2,7,4,13,6393.32,3911.05,12644.61,11723.63,-0.0026,0.4764,0.2206,0.5512,0.1258,0
CID01584,16,Retail,3,13,4,14,5748.79,1574.52,24554.86,20956.74,0.00964,0.2417,0.2226,0.1384,0.134,1
CID01585,33,HNI,6,14,4,19,106024.15,49027.34,446079.31,343049.24,-0.02222,0.7694,0.1602,0.4143,0.433,0
CID01586,30,Retail,1,5,4,15,7943.26,1784.13,34063.1,20879.86,-0.00456,0.5133,0.0315,0.2316,0.1379,0
CID01587,39,Active Trader,19,63,15,49,36340.88,4497.35,219927.93,162525.32,0.03371,0.7005,0.1435,0.1626,0.0813,0
CID01588,1,Retail,3,7,4,7,4131.26,312.87,14979.39,9579.86,0.00185,0.6547,0.2682,0.2098,0.2638,0
CID01589,43,HNI,8,20,3,12,376339.69,264839.38,738897.9,595706.33,0.01551,0.7283,0.1438,0.317,0.183,0
CID01590,55,Retail,2,8,2,9,6758.23,3550.52,31727.19,34461.05,-0.02167,0.3346,0.0781,0.7341,0.1158,0
CID01591,45,Retail,2,9,5,13,4433.47,639.38,27242.0,17007.84,-0.00169,0.1233,0.1576,0.1067,0.1731,0
CID01592,18,Retail,2,5,7,14,7039.75,2631.27,57305.03,40297.91,0.0266,0.1262,0.0907,0.5515,0.0335,1
CID01593,26,Retail,1,6,3,11,97539.46,42704.33,192290.56,201510.25,0.01547,0.5799,0.1204,0.3725,0.0956,0
CID01594,20,Retail,2,3,4,15,7067.27,748.19,27914.86,17593.49,0.03131,0.6413,0.1203,0.3057,0.0135,0
CID01595,44,Active Trader,22,54,17,40,23329.03,5147.23,59702.87,57304.8,0.01247,0.4811,0.1414,0.1929,0.2012,0
CID01596,36,Retail,0,4,3,14,5821.22,402.84,12556.3,12212.34,0.01584,0.1743,0.1095,0.2651,0.32,0
CID01597,15,Active Trader,20,60,11,53,21726.36,4875.14,81306.33,73146.44,-0.00213,0.2317,0.197,0.1238,0.2805,0
CID01598,41,Retail,1,7,8,12,2772.44,255.39,13632.92,9687.83,-0.01804,0.3568,0.0302,0.3189,0.0731,0
CID01599,38,Retail,1,9,4,13,10361.72,5080.58,17309.09,18314.82,-0.01201,0.5386,0.1399,0.2069,0.467,0
CID01600,64,HNI,5,22,3,12,103384.7,60435.29,359407.27,373028.83,-0.01162,0.4317,0.1664,0.0821,0.2336,0
CID01601,36,Active Trader,17,59,13,37,9038.73,4916.49,49084.98,34526.26,0.00756,0.693,0.1056,0.157,0.0394,0
CID01602,25,Retail,1,4,6,17,3601.16,1023.04,10848.12,11482.67,0.0004,0.2948,0.182,0.0762,0.1246,0
CID01603,4,Retail,0,10,5,12,10707.36,7600.96,23545.71,23088.52,0.00846,0.6344,0.0245,0.2264,0.0743,0
CID01604,40,Active Trader,18,66,17,27,14758.29,4185.36,138429.75,90776.71,0.0002,0.7349,0.0172,0.3192,0.4614,1
CID01605,42,HNI,4,24,4,8,650767.53,292989.42,1135725.78,1077365.88,-0.01073,0.3983,0.1628,0.6137,0.209,0
CID01606,14,Active Trader,23,66,8,30,28279.71,13579.63,160458.78,150100.76,0.01512,0.5487,0.0957,0.1387,0.3113,1
CID01607,26,Retail,3,10,2,10,2493.79,1477.76,16154.71,10709.84,0.01113,0.5366,0.0523,0.3585,0.4649,0
CID01608,61,Retail,4,6,2,18,3863.63,345.21,17277.18,15675.25,-0.0232,0.656,0.0965,0.5856,0.3961,0
CID01609,49,Active Trader,15,63,16,37,109015.47,25617.67,210333.28,130298.82,-0.00335,0.3792,0.1718,0.3674,0.342,0
CID01610,35,Retail,1,7,6,12,4372.86,544.38,12044.37,9034.29,0.01055,0.559,0.1178,0.5167,0.4697,0
CID01611,7,Retail,2,4,2,16,8976.83,4382.48,24700.01,25884.07,-0.0113,0.4234,0.2191,0.4313,0.3142,0
CID01612,61,Active Trader,17,51,13,44,16742.19,4373.73,68349.66,67362.86,-0.00316,0.4534,0.1566,0.2572,0.1009,0
CID01613,68,Retail,3,8,5,14,12803.21,3686.05,28202.78,29611.63,0.00557,0.6236,0.1029,0.6108,0.0649,1
CID01614,24,Retail,3,5,4,16,12166.18,612.46,51844.05,55986.49,0.01118,0.5733,0.0939,0.2846,0.3492,0
CID01615,27,Active Trader,24,66,12,38,14707.51,7688.72,61501.1,47815.03,-0.00514,0.6219,0.1847,0.1783,0.0153,0
CID01616,50,Active Trader,13,57,8,39,71311.13,15358.59,132381.01,135135.37,-0.01144,0.316,0.0681,0.2014,0.2329,0
CID01617,5,Retail,0,6,1,16,14667.5,3815.08,85331.03,72782.89,0.0169,0.4306,0.0266,0.0374,0.4346,1
CID01618,42,Retail,4,9,8,13,3247.61,1913.93,10591.25,11502.91,0.01452,0.5604,0.1076,0.192,0.3406,0
CID01619,1,Active Trader,17,67,13,34,5148.94,1590.32,29600.79,26656.6,-0.02181,0.2746,0.0945,0.2137,0.0309,0
CID01620,36,Retail,3,12,4,13,21228.17,5075.67,98206.35,103560.45,-0.00216,0.7599,0.0645,0.3003,0.1795,0
CID01621,60,HNI,4,8,2,13,163665.26,7248.92,1540579.28,1350499.64,0.02676,0.5041,0.2989,0.4783,0.1139,0
CID01622,35,Retail,0,8,7,8,9119.2,1915.57,17609.87,19333.28,0.00214,0.4569,0.0705,0.1181,0.0404,0
CID01623,62,HNI,4,23,0,14,207525.43,7960.42,883977.76,782590.45,-0.01025,0.5107,0.1257,0.1706,0.0805,0
CID01624,62,Active Trader,14,53,11,35,2802.9,458.33,13212.71,8276.14,0.01737,0.3975,0.0126,0.0818,0.2524,0
CID01625,48,Active Trader,20,61,15,39,34875.65,5651.22,203127.33,206152.13,0.01982,0.5924,0.2516,0.1026,0.1842,0
CID01626,73,Active Trader,16,55,14,38,94006.31,3559.57,334542.28,363591.59,-0.00962,0.6772,0.0304,0.3968,0.4327,0
CID01627,37,HNI,7,19,6,10,179996.99,25065.83,761079.1,464168.43,0.02414,0.529,0.0088,0.04,0.5338,0
CID01628,25,Retail,2,10,1,10,5411.54,1259.33,13370.42,9508.75,0.00183,0.4988,0.1947,0.3789,0.1005,0
CID01629,9,Retail,2,9,7,16,4103.54,732.0,11654.75,7356.82,-0.0098,0.7259,0.0993,0.449,0.0869,0
CID01630,43,Active Trader,21,64,13,33,22254.91,4195.02,54153.26,42744.12,-0.01611,0.3403,0.088,0.4843,0.1099,1
CID01631,37,Active Trader,11,56,14,41,28777.3,722.87,98620.21,61281.27,0.00038,0.4303,0.0526,0.2026,0.1581,0
CID01632,3,Retail,0,6,4,17,6248.79,293.89,18752.19,17827.46,0.01941,0.5327,0.0108,0.3607,0.2313,0
CID01633,81,HNI,8,25,6,11,840467.47,264677.59,1526072.39,1614484.58,0.00868,0.6204,0.1556,0.3815,0.1021,0
CID01634,21,Retail,2,8,4,12,2369.52,440.11,16437.8,13752.11,0.00963,0.3495,0.0822,0.5613,0.0963,0
CID01635,32,Active Trader,22,55,10,38,53342.95,1752.43,146264.86,164395.14,-0.00968,0.4379,0.2052,0.1376,0.1591,0
CID01636,58,Retail,2,7,1,13,9037.87,179.56,24083.73,20747.04,-0.00924,0.3765,0.1979,0.0863,0.3518,1
CID01637,33,Retail,2,7,5,14,2532.18,906.83,17335.01,12235.18,0.00538,0.8137,0.1322,0.1171,0.1378,0
CID01638,41,Active Trader,19,70,15,46,32885.73,14701.67,80984.79,51883.55,-0.01961,0.4509,0.2333,0.1309,0.469,0
CID01639,38,Retail,0,8,4,15,4634.65,3122.29,7329.83,8304.93,0.02551,0.5741,0.1029,0.1497,0.0891,0
CID01640,37,Retail,2,5,6,7,925.96,489.63,5578.15,4721.99,-0.00376,0.6439,0.12,0.5629,0.002,1
CID01641,14,Retail,3,11,4,13,2466.7,931.34,8770.54,6478.24,0.00751,0.5862,0.0437,0.0777,0.3154,0
CID01642,47,Retail,1,6,12,21,2593.49,966.49,18753.11,13134.69,-0.00429,0.4554,0.1407,0.3849,0.2131,0
CID01643,20,Retail,5,5,4,18,4935.97,530.72,20726.3,22807.79,0.00832,0.6851,0.0401,0.26,0.3491,0
CID01644,14,Retail,6,6,1,16,3623.06,570.84,29026.71,31751.6,8e-05,0.5251,0.1727,0.2702,0.0907,0
CID01645,33,Retail,1,9,0,13,25115.97,10926.55,87387.86,65567.42,0.02446,0.5835,0.129,0.1712,0.1794,0
CID01646,33,Active Trader,11,49,21,38,64519.63,8443.37,303564.51,270694.32,0.01781,0.8453,0.1618,0.3711,0.0391,0
CID01647,8,Retail,3,6,6,14,23832.7,1251.03,112801.93,87826.66,0.00251,0.3345,0.1914,0.2946,0.1484,0
CID01648,42,Retail,4,5,2,13,4247.75,1632.09,6930.48,6449.69,0.0021,0.6944,0.0988,0.1101,0.0621,0
CID01649,35,Retail,0,10,3,13,9901.63,4323.18,23512.29,24103.62,-0.00042,0.7818,0.1692,0.2516,0.2606,0
CID01650,44,Retail,1,5,4,18,4334.92,711.45,18633.06,16967.72,-0.00368,0.5307,0.1371,0.1752,0.2342,0
CID01651,53,Retail,0,8,5,16,4683.19,1263.67,15196.03,12838.43,-0.026,0.4767,0.136,0.2099,0.1744,1
CID01652,59,Retail,1,6,6,15,2475.06,1177.92,13229.67,13339.3,-0.00311,0.5015,0.0686,0.1734,0.0561,0
CID01653,114,HNI,6,19,2,14,1485573.97,67101.46,3112632.98,2978413.94,-0.0175,0.5384,0.0501,0.0496,0.1028,0
CID01654,26,Retail,2,3,5,12,11863.17,2542.59,40807.37,36389.45,0.00117,0.5402,0.2509,0.047,0.4644,0
CID01655,42,Active Trader,15,62,14,39,29467.37,5083.61,90637.8,94232.68,0.00327,0.2712,0.1297,0.4725,0.0371,0
CID01656,17,Active Trader,27,59,11,38,30797.52,4506.37,189162.67,207822.26,0.03739,0.4971,0.2409,0.1158,0.1406,0
CID01657,14,Active Trader,18,51,5,41,60555.38,2428.65,282907.6,293672.94,0.01379,0.2458,0.1582,0.1208,0.2022,1
CID01658,25,Retail,4,8,6,17,25808.04,2070.77,132341.31,79470.58,0.00737,0.3951,0.2988,0.468,0.51,0
CID01659,21,Retail,2,10,5,16,11855.07,1417.38,44792.14,27893.14,0.02614,0.2418,0.2379,0.2902,0.1412,0
CID01660,27,Retail,1,11,4,10,24211.06,2491.26,67500.29,61710.7,0.01587,0.7661,0.0793,0.0338,0.0743,0
CID01661,43,Retail,1,9,6,9,4495.12,1126.12,31021.94,31080.41,0.01834,0.4175,0.0098,0.5703,0.249,0
CID01662,64,Active Trader,14,56,12,26,11080.21,2045.37,106510.03,90083.18,-0.00309,0.3049,0.1134,0.2046,0.3535,0
CID01663,26,HNI,1,27,6,8,30337.62,5154.77,409138.27,457557.69,-0.00915,0.391,0.1186,0.1004,0.6061,0
CID01664,13,Retail,2,3,1,16,27795.1,1023.33,58272.44,66298.78,-0.00671,0.2044,0.0265,0.2463,0.2846,1
CID01665,31,Retail,0,7,4,13,5459.26,1467.36,11318.98,11604.0,0.02972,0.444,0.1845,0.2352,0.2658,1
CID01666,15,Retail,2,8,3,22,3320.36,1471.5,17221.49,12709.04,0.01134,0.5124,0.231,0.1187,0.1829,0
CID01667,13,Retail,0,8,7,18,9772.88,3351.9,32070.06,31442.45,0.01612,0.35,0.041,0.2448,0.2304,0
CID01668,40,Active Trader,16,70,13,49,14372.41,1188.53,72693.83,73355.32,0.0308,0.6434,0.1553,0.1515,0.2814,0
CID01669,6,Active Trader,15,71,11,41,9120.33,717.99,56907.86,42304.13,-0.00533,0.8221,0.0974,0.2426,0.0312,0
CID01670,9,Retail,3,4,5,15,8966.77,3251.97,34009.1,27595.03,-0.02116,0.2332,0.296,0.7048,0.0703,1
CID01671,44,Active Trader,22,45,15,34,430203.78,234677.83,817919.83,643520.78,0.00432,0.6517,0.1656,0.053,0.0853,0
CID01672,63,Active Trader,18,62,9,31,47715.43,10776.45,88866.29,80325.72,0.01313,0.5454,0.0944,0.3025,0.4288,0
CID01673,16,Retail,3,12,3,14,2375.57,884.93,13213.34,10629.77,0.00497,0.5858,0.0799,0.2751,0.2105,0
CID01674,12,Active Trader,18,49,12,40,21882.08,85.69,151656.89,140877.33,0.00842,0.5686,0.0998,0.4291,0.2264,0
CID01675,21,HNI,1,24,4,18,124899.52,14996.72,379595.33,330794.09,0.00572,0.491,0.1875,0.4157,0.2691,0
CID01676,50,Retail,4,7,7,11,4667.84,996.32,43790.26,26405.97,0.00138,0.5599,0.2408,0.2233,0.063,0
CID01677,54,Retail,2,4,7,14,8054.86,3714.86,18583.0,16479.4,0.00548,0.3794,0.0194,0.491,0.2695,0
CID01678,123,HNI,4,14,7,18,180328.35,85725.51,689933.47,559082.62,0.01801,0.1102,0.1089,0.1924,0.2994,0
CID01679,37,Retail,1,7,11,12,10953.11,5225.17,77334.62,76130.6,0.01157,0.4323,0.158,0.275,0.2859,0
CID01680,39,Active Trader,24,61,14,37,30115.47,18385.68,115972.14,115916.03,0.00707,0.4301,0.0312,0.2279,0.1761,0
CID01681,68,Active Trader,18,62,12,40,28852.99,13184.55,221708.13,167844.29,0.03448,0.725,0.0892,0.2736,0.1584,0
CID01682,26,Retail,5,10,8,15,1503.74,1080.13,6233.81,5209.51,0.0167,0.4662,0.0847,0.378,0.1113,0
CID01683,1,Active Trader,20,68,15,37,12005.79,1062.6,75266.85,50739.78,0.00663,0.451,0.1278,0.3887,0.1553,1
CID01684,62,HNI,5,16,7,16,97845.89,35801.63,803804.13,505911.95,-0.00182,0.6344,0.2379,0.5891,0.2393,0
CID01685,26,Retail,1,5,2,7,4300.52,1878.8,10858.83,9807.44,0.02242,0.3947,0.0093,0.3228,0.0379,1
CID01686,86,HNI,3,16,1,8,83320.91,34657.82,472360.22,348648.01,0.028,0.8858,0.0673,0.5542,0.1396,0
CID01687,63,Active Trader,17,60,13,44,34973.54,7645.69,78883.1,74551.64,0.02248,0.4796,0.0838,0.3068,0.4993,1
CID01688,57,Active Trader,18,59,13,36,19764.93,681.34,43620.95,49306.18,0.02002,0.637,0.1566,0.3985,0.238,0
CID01689,27,Retail,0,3,1,20,9454.76,1946.57,47792.35,30036.51,0.02385,0.6801,0.102,0.1945,0.0909,0
CID01690,52,Retail,4,7,4,18,2449.64,453.78,5978.13,4146.12,0.01799,0.771,0.0343,0.2271,0.0352,1
CID01691,28,Active Trader,17,68,12,54,267065.42,151251.73,245837.91,232586.77,0.01314,0.3286,0.1381,0.491,0.0211,0
CID01692,4,Retail,2,8,3,19,7993.22,909.21,49258.75,31788.27,-0.00611,0.381,0.055,0.0943,0.1114,0
CID01693,53,Active Trader,25,53,8,44,41513.58,7774.9,139577.8,131984.88,0.00707,0.5152,0.0135,0.3548,0.2243,0
CID01694,45,Active Trader,17,62,18,30,14252.73,7033.17,83971.14,60663.47,-0.0106,0.5773,0.1752,0.2038,0.2951,1
CID01695,58,Active Trader,7,54,11,45,82065.16,4087.09,129400.07,134950.56,-0.00202,0.3756,0.155,0.2786,0.2475,1
CID01696,15,Active Trader,23,55,23,50,47858.52,26756.32,276626.05,201302.82,-0.00814,0.5715,0.2138,0.5053,0.0361,1
CID01697,38,Retail,2,8,2,18,6101.81,1550.77,27565.65,16831.06,-0.01174,0.3712,0.1994,0.0719,0.0641,1
CID01698,32,Retail,2,9,7,11,4601.67,479.81,35756.75,40902.0,0.01188,0.4613,0.1783,0.5276,0.1195,0
CID01699,28,Retail,2,9,2,16,7617.4,1208.71,16099.46,17655.85,-0.0038,0.2471,0.2014,0.1605,0.2009,0
CID01700,7,Retail,1,7,4,15,10076.09,976.11,25025.53,15692.27,0.00403,0.322,0.1957,0.4521,0.4612,0
CID01701,22,Retail,1,5,4,13,1322.49,241.04,8483.52,7180.54,-0.00952,0.1425,0.072,0.5636,0.2701,1
CID01702,46,Retail,3,8,4,8,11525.69,2016.86,17658.71,15908.24,0.0092,0.6129,0.1148,0.1878,0.5602,0
CID01703,95,HNI,4,10,6,14,28926.09,19911.64,318170.04,265175.8,0.0193,0.4161,0.0067,0.3406,0.4041,0
CID01704,32,Retail,2,12,1,11,1316.79,293.33,9392.75,6670.45,0.02262,0.5996,0.0713,0.3915,0.1847,0
CID01705,67,HNI,5,14,0,10,45572.81,12567.85,437951.24,327683.63,-0.00549,0.3615,0.1359,0.5742,0.069,0
CID01706,26,Active Trader,13,61,15,41,41073.11,5896.99,144834.8,108382.89,0.0238,0.5445,0.3099,0.5796,0.1959,1
CID01707,19,Retail,0,6,4,16,8258.76,437.37,70536.49,57390.28,0.01017,0.6329,0.1391,0.4306,0.3895,0
CID01708,25,Active Trader,13,54,13,34,23822.07,8114.16,46594.54,35136.55,-0.00896,0.2338,0.1836,0.3657,0.2818,1
CID01709,34,Retail,2,15,6,14,1947.6,506.06,13056.94,9450.75,0.00998,0.2852,0.0203,0.4536,0.1108,1
CID01710,74,HNI,4,19,2,18,198733.64,35293.79,796631.44,571814.8,0.00177,0.3612,0.1648,0.4592,0.4718,0
CID01711,35,Retail,7,7,1,17,13203.23,2971.2,62342.78,47962.03,0.01432,0.4833,0.1257,0.2311,0.0717,1
CID01712,15,Retail,0,6,4,14,1718.27,223.62,12375.31,11381.95,-0.00301,0.3022,0.0884,0.3563,0.1793,1
CID01713,12,Retail,1,8,3,13,4798.14,2590.21,17267.66,18376.31,0.01939,0.1458,0.1743,0.1684,0.1492,0
CID01714,1,Retail,3,9,3,21,6709.86,870.37,20587.56,14150.01,-0.00856,0.6859,0.0064,0.2693,0.0582,0
CID01715,37,Retail,0,11,2,17,28953.3,7464.16,90997.92,91443.0,0.01209,0.5896,0.0761,0.4629,0.0949,0
CID01716,23,Retail,3,10,4,14,10819.3,4884.89,55763.1,46169.46,-0.00645,0.6214,0.1714,0.321,0.3908,0
CID01717,65,Active Trader,21,60,16,49,31922.82,12297.24,84975.72,95103.58,-0.02026,0.216,0.0219,0.4752,0.0478,1
CID01718,60,Retail,1,8,2,13,7149.13,674.59,16400.07,13971.59,-0.00839,0.4364,0.1975,0.3668,0.1702,0
CID01719,46,Active Trader,12,53,15,41,22434.89,3980.6,104363.53,110786.28,-0.00209,0.4967,0.1601,0.6608,0.3039,0
CID01720,25,Retail,2,7,3,19,15809.55,3693.33,30718.07,29832.0,-0.00149,0.656,0.3138,0.4061,0.1418,0
CID01721,1,Retail,2,5,5,20,15566.13,5858.9,24195.65,26272.94,0.02395,0.7197,0.1962,0.3194,0.1807,0
CID01722,68,HNI,4,22,3,20,179558.99,43313.85,1457482.34,1187820.18,-0.02648,0.6901,0.0805,0.3438,0.1169,0
CID01723,1,Retail,0,12,6,18,5279.85,1039.9,17070.44,11829.51,-0.00768,0.4534,0.0724,0.2331,0.3568,0
CID01724,53,Active Trader,21,54,9,44,36508.1,6012.72,86749.34,80058.96,-0.0084,0.3749,0.0266,0.1402,0.089,0
CID01725,45,Active Trader,18,57,9,35,3334.57,612.62,49069.16,30008.66,-0.00924,0.2891,0.0186,0.0751,0.2074,1
CID01726,72,Active Trader,21,48,15,52,32993.06,3338.24,198907.73,153996.06,-0.01079,0.2593,0.1097,0.215,0.0251,1
CID01727,76,HNI,4,26,6,12,383423.75,44283.03,1612822.34,996904.03,0.02058,0.4779,0.0868,0.0764,0.1873,0
CID01728,36,Retail,1,5,3,17,3659.9,1423.52,16067.58,14663.54,-0.01111,0.4217,0.1645,0.1838,0.0903,0
CID01729,38,Active Trader,21,56,13,43,15127.24,7297.49,108453.09,72298.1,0.00753,0.2877,0.0536,0.0433,0.2481,0
CID01730,30,Retail,0,7,3,22,9304.4,2394.57,27541.36,29707.91,-0.00763,0.5076,0.0683,0.4745,0.1378,0
CID01731,1,Retail,2,9,6,10,5956.38,912.37,58870.35,65326.01,0.01763,0.6706,0.0599,0.3768,0.0818,1
CID01732,25,Active Trader,14,61,12,43,79986.7,37668.03,490694.88,306933.08,-0.01049,0.6551,0.1574,0.5649,0.0978,0
CID01733,37,HNI,7,21,4,12,555964.25,39371.78,947116.67,594484.65,0.0185,0.2821,0.0824,0.3689,0.4933,1
CID01734,58,HNI,3,14,2,20,486158.44,267716.64,1835510.71,1825326.17,-0.00611,0.6123,0.0416,0.3851,0.0761,0
CID01735,24,Retail,1,8,4,13,9221.98,4366.13,56391.32,44029.96,-0.02112,0.5505,0.1939,0.1303,0.2586,1
CID01736,14,Retail,3,7,5,18,1784.59,543.52,15588.64,12290.16,-0.01166,0.6424,0.0074,0.1853,0.2326,0
CID01737,47,Active Trader,13,46,13,43,19770.66,11258.63,112778.25,102080.58,0.0152,0.3813,0.0909,0.7049,0.6424,0
CID01738,10,Active Trader,15,59,10,50,48814.69,28056.72,103241.11,94681.73,0.01481,0.6198,0.0779,0.2247,0.2991,0
CID01739,18,Active Trader,20,61,15,47,18684.95,471.96,81189.97,78729.92,0.01178,0.4837,0.0442,0.2342,0.1466,0
CID01740,52,Active Trader,12,59,19,37,35856.54,9087.4,121807.81,118778.28,0.03354,0.32,0.0168,0.3983,0.0589,0
CID01741,12,Retail,1,10,4,16,7459.41,404.65,38287.62,32956.87,0.00064,0.4706,0.1287,0.165,0.077,0
CID01742,1,Retail,2,7,3,13,1692.97,395.0,12356.93,11637.54,0.0232,0.4469,0.0688,0.2219,0.2894,0
CID01743,1,Retail,3,12,3,10,4357.22,126.05,18775.08,12183.64,0.00245,0.4938,0.1772,0.1408,0.2502,0
CID01744,37,Active Trader,16,63,23,31,105656.21,16898.03,147515.65,124863.53,-0.00252,0.7658,0.2247,0.3609,0.5591,0
CID01745,67,Active Trader,20,63,5,52,6855.76,164.82,27482.1,27069.12,-0.00705,0.2821,0.2462,0.0737,0.0497,0
CID01746,74,HNI,7,20,3,17,77779.74,26649.17,281655.04,171187.17,0.0203,0.5388,0.1274,0.3723,0.2413,1
CID01747,53,Active Trader,21,64,13,42,13721.61,833.48,45856.63,31669.31,0.01501,0.3469,0.0848,0.4095,0.2588,1
CID01748,13,Active Trader,16,58,11,45,6122.99,3186.6,45574.61,34304.98,0.03797,0.5616,0.061,0.2441,0.1102,0
CID01749,73,HNI,5,15,4,14,134444.54,30697.94,948941.62,720717.28,-0.00736,0.7976,0.0387,0.4977,0.0893,1
CID01750,20,Retail,3,7,3,13,10954.39,2156.83,15918.39,13940.17,0.02112,0.574,0.1022,0.4565,0.2366,0
CID01751,36,HNI,6,15,5,12,96248.34,31350.74,435386.79,339971.02,-0.00898,0.6554,0.2336,0.5061,0.0839,1
CID01752,20,Retail,2,9,2,10,13273.67,4551.01,45670.09,40937.35,0.00582,0.7275,0.0214,0.2747,0.2335,0
CID01753,7,Retail,1,1,3,19,64765.9,10459.97,55819.5,58762.96,-0.00489,0.427,0.0906,0.3602,0.297,1
CID01754,9,Retail,3,3,5,15,1200.58,202.62,9195.99,5642.55,-0.01069,0.5142,0.092,0.4184,0.1434,0
CID01755,23,Retail,1,9,5,21,24382.7,10735.41,46523.62,48919.26,0.02649,0.3409,0.1215,0.155,0.087,0
CID01756,14,Retail,1,4,2,12,5141.16,615.27,20603.36,14329.66,0.02096,0.4193,0.1376,0.2515,0.4476,1
CID01757,56,Retail,1,7,5,14,15244.32,4977.74,52305.5,31388.23,-0.00806,0.5682,0.0828,0.161,0.1366,0
CID01758,49,Retail,0,8,4,12,1804.37,766.6,16263.61,16351.34,-0.02739,0.4553,0.0322,0.2707,0.155,0
CID01759,6,Active Trader,23,64,14,48,3038.97,298.66,14388.01,14425.71,-0.00487,0.169,0.0212,0.379,0.3945,1
CID01760,25,Retail,4,11,1,15,4168.21,1455.65,22019.25,23154.97,0.01573,0.5844,0.1986,0.3713,0.3691,0
CID01761,45,Active Trader,22,51,15,37,45313.59,3093.16,123660.99,122530.41,-0.00057,0.4896,0.0377,0.1115,0.0474,0
CID01762,6,Retail,2,4,8,10,6140.46,1686.41,23363.32,25492.25,-0.00606,0.3435,0.2044,0.1074,0.2186,1
CID01763,39,Active Trader,14,60,10,32,12325.28,3353.68,39530.14,32398.13,-0.01618,0.367,0.0076,0.2897,0.2637,0
CID01764,18,Retail,2,5,4,12,3153.75,687.26,18184.87,19682.56,0.01596,0.2508,0.1254,0.2222,0.1771,1
CID01765,29,Retail,0,4,3,16,28154.46,2632.83,119141.92,73162.89,0.0054,0.0604,0.0348,0.2374,0.0484,0
CID01766,13,Active Trader,11,63,17,34,3661.87,712.75,36235.59,36878.81,0.00921,0.5771,0.1473,0.233,0.1586,0
CID01767,9,Retail,1,4,1,10,2425.82,202.5,19560.73,21364.71,-0.00152,0.5718,0.145,0.1126,0.2307,0
CID01768,9,Active Trader,23,78,12,38,4247.65,632.69,47586.51,38179.42,0.01809,0.3936,0.0584,0.2186,0.2597,0
CID01769,25,Active Trader,15,59,21,44,1651.8,545.75,12758.56,8919.38,0.00119,0.7339,0.1615,0.5492,0.3845,0
CID01770,44,Retail,2,9,7,15,15691.84,4456.09,48309.66,38663.55,0.01767,0.2737,0.3367,0.12,0.2234,0
CID01771,95,HNI,5,14,4,17,137736.21,24302.44,231359.0,241023.01,0.01372,0.2905,0.1873,0.1924,0.0688,0
CID01772,39,Retail,6,7,4,13,1188.39,78.69,3680.37,4101.93,0.02438,0.53,0.014,0.5949,0.0821,0
CID01773,40,Retail,3,5,2,10,9295.02,2147.21,29804.97,22916.04,-0.01079,0.5558,0.2075,0.1295,0.0419,1
CID01774,27,Retail,2,6,10,17,19251.31,6936.76,47926.74,42564.72,-0.01224,0.4042,0.2041,0.1272,0.3292,0
CID01775,57,Active Trader,20,50,12,40,19454.06,5603.48,97424.73,93057.69,-0.00639,0.4811,0.1881,0.1054,0.4085,1
CID01776,56,Active Trader,19,55,16,45,51556.54,14582.28,151273.53,99062.21,0.01241,0.6393,0.1361,0.2324,0.1062,0
CID01777,72,HNI,1,28,4,15,254124.42,23936.77,886518.52,728866.91,0.02759,0.6745,0.1495,0.3434,0.0064,0
CID01778,17,Retail,3,6,2,18,3038.79,934.82,9582.62,10285.3,0.00265,0.7102,0.0393,0.5463,0.373,0
CID01779,22,Active Trader,16,71,19,43,30651.69,12679.22,81050.62,59887.03,-0.00868,0.4884,0.0227,0.3958,0.1989,1
CID01780,13,Retail,3,3,3,11,25992.73,2200.86,63220.74,44107.72,0.01859,0.358,0.2471,0.3662,0.2583,0
CID01781,69,Active Trader,17,64,17,33,52054.08,41227.75,117700.07,112143.75,-0.01808,0.7127,0.1663,0.2128,0.0984,0
CID01782,39,Active Trader,17,67,13,36,95467.62,21094.62,189261.06,209929.18,-0.00243,0.3791,0.125,0.14,0.4137,0
CID01783,43,Active Trader,15,60,16,36,23212.55,867.2,141347.77,118960.42,-0.01763,0.3372,0.0738,0.1334,0.2435,0
CID01784,48,Retail,1,6,5,15,53926.27,4301.72,125553.5,121000.6,0.0319,0.7,0.1072,0.1564,0.0944,0
CID01785,5,Retail,0,6,4,13,31966.5,4657.09,48011.25,50255.57,0.00687,0.3734,0.1018,0.2424,0.5326,1
CID01786,126,HNI,6,14,4,9,63341.66,27605.73,532264.54,363408.57,0.03178,0.5164,0.1454,0.1839,0.4648,0
CID01787,29,Retail,2,7,4,16,1227.08,465.94,4967.86,4688.04,0.00038,0.5794,0.1595,0.0608,0.0614,0
CID01788,53,HNI,7,22,1,17,224225.25,77278.8,1138833.49,1110066.93,-0.00227,0.484,0.1542,0.2425,0.5331,0
CID01789,7,Active Trader,19,45,13,37,9952.77,1076.13,86947.01,87323.36,-0.01907,0.2898,0.1336,0.1824,0.4079,0
CID01790,30,Retail,3,7,4,19,4800.04,2751.15,19172.11,18453.32,0.01902,0.3765,0.1633,0.0749,0.2559,0
CID01791,46,Active Trader,19,58,10,36,26639.24,4672.77,50824.42,53037.93,0.0202,0.5445,0.1258,0.4468,0.2099,0
CID01792,7,Retail,2,6,5,14,4454.45,1890.91,31131.3,20786.48,0.03911,0.4549,0.0345,0.2139,0.0962,0
CID01793,71,HNI,2,24,4,14,426686.03,81321.28,1418540.72,1595506.72,-0.02199,0.4058,0.2092,0.04,0.2235,0
CID01794,86,Active Trader,19,75,20,47,85815.05,8516.52,403533.42,337187.02,0.04277,0.5548,0.1466,0.2534,0.2158,0
CID01795,82,HNI,6,15,5,16,138099.3,49286.22,800773.46,597601.69,0.01325,0.4974,0.1714,0.2538,0.3008,0
CID01796,47,Retail,3,7,3,9,3443.22,294.15,14049.02,14056.2,0.01508,0.5427,0.123,0.1344,0.3184,1
CID01797,36,Retail,2,5,6,17,18512.22,7180.08,47260.33,50933.34,0.02578,0.6478,0.1217,0.2117,0.0598,0
CID01798,46,Active Trader,21,54,12,29,10949.23,1822.57,63014.19,41573.31,-0.00503,0.4155,0.1233,0.3865,0.1585,0
CID01799,27,Active Trader,18,69,14,39,38472.04,17439.04,49728.17,45945.76,0.01141,0.1714,0.0141,0.2527,0.007,0
CID01800,56,Active Trader,17,66,12,39,17535.58,5313.97,65299.24,57619.78,0.01023,0.1976,0.1073,0.3473,0.223,0
CID01801,34,Active Trader,20,65,8,41,33738.98,5124.69,91742.08,104260.39,0.0127,0.6543,0.0534,0.2224,0.2343,0
CID01802,30,Active Trader,22,64,16,39,90357.03,11587.97,566395.79,532100.58,-0.00758,0.5544,0.1951,0.0915,0.128,0
CID01803,9,Retail,1,5,1,18,20041.12,7713.68,30770.68,32854.85,0.01375,0.6099,0.1474,0.2593,0.2906,0
CID01804,56,HNI,7,19,2,17,457199.31,159541.71,911195.6,867814.56,-0.01232,0.4987,0.1542,0.1305,0.4125,0
CID01805,69,HNI,3,14,5,11,137143.78,45370.74,915799.04,584794.11,-0.02115,0.2831,0.0153,0.2163,0.2727,0
CID01806,52,Active Trader,22,60,6,37,16830.71,2848.37,157199.95,117581.79,0.02195,0.5992,0.2089,0.1958,0.1328,0
CID01807,55,Retail,3,5,2,14,1772.98,139.05,8882.77,6609.21,0.0277,0.7519,0.1067,0.1839,0.1367,0
CID01808,27,Retail,2,7,3,16,2174.46,469.52,4386.03,4442.26,0.0156,0.7063,0.155,0.2671,0.2744,0
CID01809,74,Active Trader,21,47,10,47,10659.55,6154.92,49609.88,44211.2,0.00154,0.3398,0.1544,0.298,0.0698,0
CID01810,56,Active Trader,17,59,16,40,11252.49,4841.28,48503.23,45176.6,-0.00851,0.7066,0.1496,0.2495,0.1465,0
CID01811,18,Retail,2,10,1,14,4502.3,1471.17,26447.61,15991.88,-0.01942,0.573,0.1274,0.0792,0.2333,0
CID01812,41,Active Trader,17,70,17,33,7756.23,913.67,48903.33,42984.97,0.0206,0.6142,0.1832,0.4809,0.313,0
CID01813,15,Retail,1,6,2,15,5599.19,3724.79,11883.07,11213.89,0.00243,0.5871,0.1951,0.3566,0.111,0
CID01814,26,Active Trader,20,82,10,37,14624.06,11442.33,108967.04,95453.73,-0.00769,0.3092,0.1013,0.1266,0.2984,1
CID01815,59,Active Trader,18,72,4,45,62549.86,40194.55,128967.58,136548.72,-0.01313,0.4712,0.1044,0.0468,0.4476,1
CID01816,26,Retail,3,9,5,7,5153.53,1659.66,43661.14,38043.83,0.01388,0.5368,0.074,0.1757,0.2244,0
CID01817,46,Active Trader,13,61,15,51,34459.98,2376.09,89789.64,75635.14,0.00193,0.6414,0.186,0.3367,0.0096,0
CID01818,27,Retail,2,8,5,10,13207.2,3418.14,20416.14,23185.42,0.01217,0.5524,0.0962,0.0984,0.0719,0
CID01819,7,Retail,2,6,3,12,5102.0,227.91,13580.98,8958.61,0.01924,0.4955,0.1432,0.4668,0.4574,0
CID01820,26,Retail,1,4,7,15,13018.27,1122.15,24265.84,18073.34,-0.0257,0.1004,0.1797,0.2088,0.2474,0
CID01821,26,Active Trader,21,60,11,41,24333.4,9841.4,102355.17,102215.34,0.0166,0.673,0.2001,0.203,0.3783,0
CID01822,44,Active Trader,13,64,8,37,33046.51,4204.69,211228.54,189488.24,0.00125,0.6701,0.2217,0.4441,0.0701,0
CID01823,52,Retail,1,7,2,13,7461.2,5922.64,21962.84,22858.41,-0.04202,0.6672,0.0162,0.1698,0.3273,0
CID01824,39,Active Trader,19,56,12,48,29689.5,7897.2,125606.26,122085.11,-0.0037,0.5413,0.0459,0.1083,0.3031,0
CID01825,34,Active Trader,17,62,9,45,64783.19,7078.32,82473.13,87901.15,-0.01722,0.639,0.1592,0.1079,0.4111,0
CID01826,13,Retail,1,9,2,9,11718.08,8604.78,44438.25,27397.63,-0.01291,0.5297,0.0557,0.2206,0.0293,0
CID01827,30,HNI,8,21,6,13,310750.8,38111.99,642081.84,436334.05,-0.02343,0.6004,0.0449,0.1004,0.181,0
CID01828,12,Active Trader,23,49,9,41,104207.38,25445.84,351759.26,241514.72,0.00565,0.5741,0.2085,0.1422,0.1357,1
CID01829,30,Retail,1,3,2,15,4259.8,2646.05,30858.75,30877.06,0.01477,0.5525,0.1329,0.0279,0.3041,0
CID01830,20,Active Trader,20,50,14,39,15930.29,3592.2,107170.27,99030.3,0.01187,0.3982,0.0444,0.3042,0.5221,0
CID01831,25,Active Trader,24,54,11,38,12266.71,1199.72,61625.11,68817.09,0.00451,0.1846,0.012,0.061,0.1467,0
CID01832,19,Active Trader,12,46,11,49,23896.53,8120.18,115718.03,80731.41,0.01198,0.7377,0.2169,0.6349,0.2811,0
CID01833,57,Active Trader,12,58,14,35,34969.0,8406.86,143535.98,128471.4,0.00821,0.4173,0.1488,0.341,0.1458,0
CID01834,37,Active Trader,26,56,11,29,44818.85,12045.55,142965.22,163148.26,0.02526,0.5401,0.1838,0.2412,0.1171,0
CID01835,42,HNI,6,22,6,24,545707.85,198746.63,689061.65,676560.96,-0.00238,0.2886,0.1082,0.4124,0.0323,0
CID01836,48,Retail,3,3,3,7,1564.78,417.25,5998.36,3916.96,0.00807,0.7388,0.036,0.2258,0.3133,0
CID01837,8,Retail,0,7,4,17,22820.89,7215.08,60170.92,52462.45,-0.0027,0.5839,0.2561,0.3106,0.0488,1
CID01838,53,Retail,2,4,3,18,3368.75,1316.73,8748.54,9862.11,0.00543,0.7353,0.0569,0.0677,0.2516,0
CID01839,59,Retail,1,9,5,10,6316.16,2987.31,29537.6,24201.84,0.02292,0.7286,0.1331,0.3722,0.1094,0
CID01840,28,Retail,4,5,2,16,8474.52,2524.29,58000.52,56860.65,0.01844,0.2444,0.0758,0.6044,0.1731,0
CID01841,9,Retail,1,8,2,18,4371.48,940.79,43515.48,29288.2,0.02098,0.6496,0.2381,0.3758,0.0162,0
CID01842,48,Active Trader,18,73,16,52,228418.85,118515.13,360211.21,371481.31,0.01337,0.5845,0.1997,0.5155,0.3123,0
CID01843,36,Retail,1,12,2,17,12225.36,2795.05,43726.85,41338.43,0.04307,0.4319,0.1685,0.3206,0.0901,0
CID01844,17,Retail,2,5,4,14,3200.98,462.9,17858.0,11486.43,-0.01533,0.3661,0.0928,0.1456,0.0627,0
CID01845,69,Active Trader,27,61,13,46,20503.67,10189.1,88957.48,97716.77,0.03372,0.5323,0.2108,0.391,0.2814,0
CID01846,21,Retail,1,13,3,19,11390.98,607.73,43207.38,29832.25,0.01201,0.5438,0.0639,0.1095,0.1498,0
CID01847,21,Retail,0,8,7,19,12718.43,5279.91,37131.6,25091.87,0.01609,0.6792,0.1416,0.1708,0.4794,0
CID01848,23,Retail,4,6,4,7,2481.17,625.71,11323.52,6864.3,0.01422,0.5673,0.1777,0.1727,0.0962,0
CID01849,3,Retail,1,8,5,18,2312.81,369.05,19475.34,11772.42,0.00033,0.5114,0.2198,0.3684,0.014,1
CID01850,8,Retail,1,6,4,18,5301.15,2890.56,18148.15,13123.55,-0.00072,0.7162,0.0015,0.2696,0.1065,0
CID01851,34,Retail,1,9,3,11,2351.97,734.78,14715.82,12753.82,0.01514,0.8757,0.0058,0.2223,0.4077,1
CID01852,29,Retail,2,5,3,16,218.29,59.48,2769.67,1965.65,-0.00872,0.4114,0.1621,0.2025,0.279,0
CID01853,25,Retail,4,6,6,16,1017.66,68.68,7958.37,7511.83,0.01092,0.6477,0.0939,0.8712,0.1562,0
CID01854,30,Retail,1,10,5,14,10149.52,3508.23,36983.14,28220.25,0.01254,0.4933,0.1391,0.4219,0.2119,0
CID01855,42,Retail,2,7,4,14,3751.15,147.06,39545.91,29691.69,0.03665,0.4787,0.2516,0.4069,0.2755,0
CID01856,31,Active Trader,17,48,12,47,42118.58,36272.85,157857.13,160167.78,0.01128,0.4608,0.1509,0.2549,0.2444,0
CID01857,21,Retail,4,6,3,15,31283.76,19603.23,68928.85,48105.47,0.00992,0.4462,0.2119,0.1701,0.0712,0
CID01858,8,Retail,5,6,9,16,4885.77,1570.61,11692.83,13395.11,0.01107,0.4682,0.2986,0.4571,0.0831,0
CID01859,62,Active Trader,15,61,11,41,12111.89,1458.7,50154.35,56554.78,0.0008,0.2015,0.0201,0.2217,0.163,0
CID01860,43,HNI,2,19,3,19,222395.55,105680.45,1222910.93,937213.39,-0.00792,0.2827,0.148,0.0222,0.3355,0
CID01861,26,Retail,0,5,2,19,4257.57,1205.12,11522.3,12806.5,0.00687,0.7716,0.1075,0.2604,0.2263,0
CID01862,47,HNI,5,19,9,11,132415.27,23844.78,431664.67,364646.55,0.01121,0.542,0.1416,0.1903,0.2939,0
CID01863,3,Retail,2,5,10,15,14956.22,5106.65,30061.12,21302.99,-0.01137,0.4729,0.1335,0.1452,0.2459,1
CID01864,51,HNI,5,25,3,18,760682.66,240054.22,1116636.66,1088475.35,0.01353,0.2067,0.2331,0.4535,0.4126,0
CID01865,22,Retail,0,9,3,12,6247.39,1854.43,33726.95,28355.21,-0.00581,0.5528,0.0284,0.2929,0.3591,0
CID01866,28,Retail,1,3,2,16,6824.95,366.11,19512.64,16169.04,-0.01365,0.7124,0.0858,0.1188,0.177,1
CID01867,89,HNI,3,21,1,18,441377.08,74437.32,1504631.77,1649808.52,0.01451,0.4952,0.0911,0.559,0.0646,0
CID01868,49,Retail,3,8,7,15,10272.27,91.13,31012.71,20784.04,0.00983,0.3462,0.0124,0.2187,0.2847,0
CID01869,9,Retail,1,6,3,16,2071.19,368.57,9292.25,6992.8,-0.02395,0.6313,0.1584,0.2038,0.2231,0
CID01870,13,Retail,0,10,2,17,3537.8,1902.94,13779.14,12213.18,0.00969,0.5518,0.2055,0.0448,0.0926,1
CID01871,20,Retail,3,5,1,17,4702.51,2866.43,27282.12,22216.87,-0.00863,0.809,0.1477,0.2603,0.3745,0
CID01872,53,Active Trader,13,67,10,42,101699.95,69387.42,287372.0,211548.84,-0.01032,0.303,0.1787,0.3506,0.0826,0
CID01873,18,Retail,3,15,2,10,2760.82,889.29,8115.04,5833.79,0.01687,0.71,0.0921,0.0728,0.2697,1
CID01874,32,Retail,2,9,4,18,6912.59,698.15,29308.73,17749.96,0.03268,0.4456,0.152,0.3177,0.2842,0
CID01875,85,HNI,4,25,8,10,119420.78,73226.99,942874.75,691469.87,0.00502,0.5462,0.0491,0.3983,0.4402,0
CID01876,39,Active Trader,18,74,10,40,14803.94,1142.38,73104.6,68350.06,0.0218,0.6902,0.208,0.3646,0.1525,0
CID01877,41,Active Trader,13,78,15,40,123086.61,22846.31,228155.53,259532.99,0.01366,0.3102,0.0083,0.6583,0.072,1
CID01878,32,Retail,2,3,5,10,4391.77,928.48,17838.92,16849.66,0.02637,0.1338,0.0718,0.1655,0.3569,0
CID01879,23,Retail,2,8,1,20,9011.86,6293.87,53638.75,33780.0,-0.00254,0.3117,0.242,0.4994,0.1166,1
CID01880,38,Active Trader,22,58,19,46,32607.78,3041.47,84654.29,88974.55,-0.00491,0.3396,0.1107,0.1556,0.052,0
CID01881,36,Active Trader,15,60,12,39,4873.81,434.59,40578.42,30334.66,-0.01222,0.4083,0.3209,0.5261,0.1606,1
CID01882,16,Retail,1,9,4,20,7788.39,2101.04,36362.41,34534.74,0.02766,0.5264,0.1657,0.3094,0.2079,0
CID01883,50,Active Trader,19,63,13,43,56666.51,4555.22,219788.11,214987.19,0.00428,0.5133,0.0928,0.4015,0.2402,0
CID01884,30,Retail,2,4,5,11,7135.82,85.3,27534.11,24639.48,-0.00744,0.509,0.0428,0.3653,0.216,0
CID01885,14,Retail,0,10,1,15,1891.68,576.84,16820.64,17850.46,0.01673,0.2577,0.1499,0.0854,0.0822,0
CID01886,48,Active Trader,22,65,9,45,23916.36,4045.1,90608.23,78858.09,-0.0185,0.5213,0.049,0.4056,0.1349,0
CID01887,25,Active Trader,16,61,13,48,16029.12,7569.64,116422.07,89192.49,0.01953,0.5189,0.0053,0.2698,0.0811,0
CID01888,16,Retail,1,4,4,18,3336.1,1708.98,13450.7,10218.57,-0.01226,0.871,0.2422,0.5249,0.1687,0
CID01889,35,Retail,2,8,5,14,15803.71,5141.44,112374.2,84791.81,0.00225,0.2977,0.055,0.0646,0.0849,0
CID01890,13,Retail,2,2,3,20,10741.99,5075.28,53310.39,39561.41,-0.00874,0.3815,0.1344,0.2734,0.3035,1
CID01891,46,Active Trader,18,62,10,30,77875.12,16570.06,78348.96,78454.79,-0.01204,0.2595,0.1484,0.3008,0.1212,0
CID01892,37,Retail,3,5,6,15,2887.34,304.04,11115.24,8161.6,-0.00273,0.7264,0.2041,0.6011,0.246,0
CID01893,1,Retail,1,8,2,10,20229.88,5556.52,64207.67,47140.36,0.01347,0.4769,0.1239,0.4352,0.1841,0
CID01894,55,Retail,3,8,0,21,18440.15,7617.61,34871.86,39586.39,0.0179,0.2532,0.0342,0.1287,0.3847,0
CID01895,58,Active Trader,21,67,12,37,41711.73,11472.3,144690.47,117361.33,0.00228,0.3669,0.0283,0.3352,0.0623,0
CID01896,9,HNI,8,15,3,11,127974.33,10531.95,484228.16,441728.65,-0.00513,0.6305,0.0253,0.3193,0.5098,0
CID01897,37,Active Trader,11,65,17,37,15932.19,1073.86,90913.85,57837.67,-0.02921,0.5378,0.151,0.3337,0.0812,0
CID01898,10,Active Trader,18,51,8,42,48708.82,5597.64,197923.31,194701.14,0.00227,0.5659,0.0178,0.3522,0.1793,0
CID01899,27,Retail,2,10,7,16,5381.53,349.41,20756.84,12513.5,0.01179,0.6741,0.1546,0.2524,0.1841,0
CID01900,54,Active Trader,22,59,7,45,17035.86,10675.51,62923.65,59127.24,-0.00648,0.5479,0.2072,0.4335,0.1364,0
CID01901,30,Retail,2,6,3,15,1040.48,199.68,18010.82,15877.32,-0.00351,0.3423,0.0666,0.4066,0.102,1
CID01902,43,Active Trader,20,63,8,43,47982.21,6232.09,155048.0,116115.86,0.01265,0.5386,0.0051,0.56,0.1554,0
CID01903,95,HNI,5,27,5,18,164179.03,40332.11,746941.77,640762.87,0.01766,0.7169,0.2419,0.6125,0.2042,0
CID01904,1,Active Trader,11,67,16,46,11493.32,291.16,81727.93,51539.98,0.02548,0.6136,0.1682,0.1967,0.2638,0
CID01905,14,Retail,3,5,3,13,29562.25,2747.08,118424.38,134101.12,0.01145,0.4567,0.0832,0.5919,0.0557,0
CID01906,80,Active Trader,18,62,9,40,147922.95,40901.78,340958.9,243305.57,-0.00103,0.2758,0.2268,0.0156,0.521,0
CID01907,7,Retail,1,9,5,17,13037.73,700.6,99326.44,66323.08,-0.01853,0.6529,0.1852,0.2078,0.4333,1
CID01908,16,Active Trader,21,61,13,38,35782.96,12339.62,135444.59,150421.8,0.00763,0.2467,0.0036,0.1598,0.0708,0
CID01909,5,Retail,0,4,3,7,20543.9,8890.75,123163.22,90013.27,-0.00052,0.3041,0.0848,0.3603,0.2075,0
CID01910,23,HNI,7,16,4,16,463259.97,11323.95,1566157.73,1379074.13,0.00576,0.5704,0.1842,0.2584,0.2609,0
CID01911,29,HNI,5,21,2,10,233651.14,135416.07,1060478.8,972637.65,0.02157,0.7846,0.1976,0.5587,0.0369,0
CID01912,40,Retail,5,11,7,20,1808.88,340.83,27296.12,21544.35,0.01399,0.3096,0.0028,0.3388,0.0609,0
CID01913,1,Retail,2,10,6,14,40212.04,17344.33,63594.1,68796.75,-0.02331,0.2278,0.227,0.3818,0.2812,1
CID01914,25,Retail,3,5,3,17,4744.52,746.57,15792.62,15796.96,-0.00967,0.4226,0.2148,0.2034,0.269,0
CID01915,10,Retail,4,6,5,15,11528.3,1011.2,43325.82,34156.4,0.00298,0.514,0.0879,0.2816,0.1691,0
CID01916,31,Retail,5,5,6,11,2804.12,1251.18,9647.13,6936.82,-0.01889,0.5796,0.1553,0.2498,0.0777,0
CID01917,22,Retail,1,4,7,14,2818.93,368.39,13629.07,8764.4,0.01382,0.5845,0.1484,0.283,0.2239,0
CID01918,46,HNI,5,17,5,16,166461.75,18742.94,1305322.69,885076.22,0.02366,0.2258,0.2201,0.1398,0.0959,0
CID01919,28,Retail,4,7,6,15,3438.3,2120.45,14607.34,10904.68,0.0196,0.5251,0.1708,0.2408,0.1399,0
CID01920,19,Retail,2,10,6,12,3026.05,1311.57,16735.0,15859.85,-0.00633,0.5227,0.1476,0.0609,0.4175,0
CID01921,53,Active Trader,22,61,11,42,11313.98,1935.06,68019.65,56989.7,-0.00397,0.4331,0.2133,0.1239,0.2041,0
CID01922,3,Retail,1,7,3,24,3255.28,1148.5,33019.0,23697.39,-0.00986,0.5043,0.2158,0.1619,0.0828,0
CID01923,17,Retail,4,11,5,17,2746.53,928.38,20748.22,22214.89,0.01144,0.7319,0.1656,0.1494,0.2587,0
CID01924,2,Retail,2,8,6,18,472.05,63.33,6565.93,4801.99,-0.00061,0.5999,0.0112,0.6457,0.1589,0
CID01925,34,Retail,1,4,4,18,3480.8,1073.59,7683.74,7811.53,-0.01185,0.5303,0.0132,0.1209,0.1566,0
CID01926,67,Retail,0,9,4,22,13621.49,912.56,78458.99,61538.05,-0.03155,0.6254,0.1408,0.5755,0.4534,0
CID01927,1,HNI,4,22,0,21,84998.92,27261.54,336376.72,328026.62,-0.00619,0.4558,0.0876,0.1453,0.0373,0
CID01928,22,Retail,2,2,1,14,1841.8,609.37,5565.24,4625.34,0.00361,0.6029,0.0879,0.241,0.2211,0
CID01929,24,Active Trader,22,58,10,33,8539.73,4936.46,112713.23,75743.98,0.00429,0.6269,0.0211,0.3554,0.5151,0
CID01930,45,Active Trader,17,51,11,45,16879.35,1287.64,55013.28,58191.94,0.01044,0.395,0.1754,0.2845,0.067,0
CID01931,49,HNI,5,16,7,9,655964.67,115295.13,2385380.84,1871327.7,-0.01854,0.5023,0.0799,0.087,0.3855,1
CID01932,30,Retail,1,7,3,11,3609.15,1999.19,43553.68,35807.33,-0.00392,0.6687,0.0366,0.1042,0.1744,0
CID01933,80,HNI,7,18,4,13,78307.9,17683.2,240558.88,191649.85,-0.01761,0.6635,0.0225,0.2793,0.1179,1
CID01934,46,Retail,0,4,7,12,5337.75,1080.51,10086.27,9457.07,0.01966,0.5443,0.1412,0.3138,0.1724,1
CID01935,4,Retail,3,10,6,7,897.74,318.58,3495.6,2685.72,0.0072,0.7814,0.0465,0.2914,0.0463,1
CID01936,64,Active Trader,10,55,9,41,15834.14,8742.51,41798.48,34517.55,0.01073,0.5514,0.0286,0.1063,0.286,0
CID01937,46,Active Trader,22,57,14,37,20696.52,3583.61,85636.05,78114.15,0.00063,0.5468,0.1394,0.5264,0.1395,0
CID01938,60,Active Trader,19,64,12,36,60373.59,12304.28,148822.01,123800.97,-0.01745,0.5221,0.2269,0.3905,0.3496,0
CID01939,52,HNI,1,24,7,13,233364.94,43986.97,599614.27,671900.82,0.03241,0.5151,0.2355,0.0226,0.0383,0
CID01940,4,Active Trader,14,59,15,43,130572.47,37757.23,298773.56,233413.53,0.00045,0.8187,0.0518,0.1898,0.134,0
CID01941,5,Retail,2,4,2,21,10995.65,3036.75,43686.0,27394.19,0.00946,0.7312,0.2725,0.0396,0.1084,0
CID01942,67,Active Trader,14,58,16,35,60224.61,26624.46,161031.53,117742.45,0.01664,0.3042,0.1623,0.1821,0.1659,0
CID01943,29,Retail,3,9,4,14,13717.67,6953.74,47133.13,39288.6,0.00583,0.3568,0.0572,0.5056,0.0487,0
CID01944,27,Retail,1,6,5,12,2260.39,285.65,6963.3,6915.22,0.02017,0.6066,0.1087,0.125,0.2307,0
CID01945,44,Active Trader,21,52,9,37,23758.29,5630.76,81439.39,87466.34,-0.004,0.5068,0.0119,0.5785,0.3942,0
CID01946,76,Active Trader,11,57,16,31,8242.32,764.63,35530.06,32278.51,-0.01347,0.4559,0.039,0.3709,0.1974,0
CID01947,7,Retail,1,2,3,13,9347.16,1780.57,21470.98,17916.49,-0.02546,0.44,0.1617,0.0305,0.1351,1
CID01948,27,Retail,2,8,5,15,8609.75,723.2,52962.28,56374.57,0.02086,0.5167,0.1235,0.0994,0.4287,1
CID01949,48,HNI,7,21,2,10,752629.61,310022.91,1646975.1,1228272.69,0.00415,0.5026,0.1274,0.0435,0.0555,0
CID01950,27,HNI,4,22,4,12,193060.73,22530.54,2570683.82,1559425.0,0.0081,0.5485,0.1987,0.151,0.1108,0
CID01951,36,Retail,2,9,2,15,720.21,268.18,8632.38,5291.66,0.00307,0.6415,0.2196,0.3771,0.326,0
CID01952,29,Retail,0,6,2,7,11316.41,2016.64,31174.26,26891.49,0.01822,0.5406,0.0885,0.325,0.4072,0
CID01953,34,Retail,1,8,7,10,9305.08,3152.49,46014.25,38236.13,-0.02838,0.5154,0.0186,0.2638,0.4757,0
CID01954,15,Retail,1,5,6,10,7338.74,489.75,25100.89,27417.36,0.00463,0.5426,0.1712,0.3493,0.3239,0
CID01955,25,HNI,3,12,0,20,137946.86,10969.8,812573.78,690112.29,0.00927,0.5954,0.2247,0.6049,0.3596,0
CID01956,9,Retail,4,8,5,12,2311.43,1070.69,9064.81,5662.74,-0.00801,0.8017,0.0768,0.2082,0.2312,0
CID01957,21,Retail,3,8,0,14,2557.34,1277.1,9369.03,7147.09,0.00198,0.2165,0.2238,0.4958,0.3205,0
CID01958,14,Retail,2,7,3,12,5382.97,879.91,13200.36,14682.6,-0.01329,0.5224,0.1554,0.5773,0.3156,0
CID01959,36,Retail,1,10,4,11,3763.56,1425.42,10077.86,8936.58,-0.01094,0.3488,0.2362,0.2086,0.0844,0
CID01960,28,Active Trader,15,50,5,51,113842.17,46076.77,233484.03,211210.49,0.01274,0.5677,0.0025,0.0789,0.1927,0
CID01961,9,Retail,0,4,3,8,13666.56,1396.82,22702.4,25123.98,0.00249,0.3614,0.1675,0.2736,0.1597,0
CID01962,32,Active Trader,10,55,14,40,55547.54,26105.93,187328.41,206992.75,0.0,0.6911,0.0988,0.183,0.1717,0
CID01963,64,Active Trader,19,62,9,40,37368.53,16767.44,132813.59,87106.2,0.03168,0.4321,0.0457,0.1676,0.1345,0
CID01964,1,Retail,0,8,2,17,2008.26,231.34,5000.18,4484.63,-0.00322,0.7892,0.1128,0.3005,0.2547,0
CID01965,75,HNI,2,16,3,16,255737.62,30809.52,849201.63,549395.17,-0.00066,0.579,0.1195,0.0917,0.1125,0
CID01966,32,Retail,2,7,8,20,7475.7,2722.18,13485.28,10662.56,-0.01799,0.5954,0.1752,0.1521,0.2889,0
CID01967,9,Retail,2,9,1,11,3894.49,788.28,22616.6,16635.43,-0.01208,0.508,0.0154,0.3207,0.3582,0
CID01968,28,Active Trader,18,55,14,54,52147.89,7108.19,206678.0,169657.89,-0.00694,0.8095,0.1446,0.1135,0.0325,0
CID01969,48,Retail,2,9,4,19,11494.58,2153.47,35064.05,27666.53,-0.01507,0.4685,0.3086,0.5872,0.2119,1
CID01970,43,Retail,3,9,2,11,1535.94,210.21,7516.01,7377.39,-0.0306,0.4019,0.0079,0.3864,0.1152,0
CID01971,28,Retail,4,10,3,23,6188.09,3204.3,20987.48,16797.83,-0.00965,0.4334,0.2131,0.1106,0.0108,0
CID01972,58,Retail,1,8,4,9,10338.48,1748.88,26180.52,30084.64,-0.03727,0.46,0.2097,0.5179,0.2299,0
CID01973,12,Retail,1,7,4,10,13606.77,2483.21,14765.6,16180.07,0.02728,0.3582,0.0811,0.3285,0.1431,0
CID01974,6,Active Trader,11,59,13,40,41104.77,18322.78,140381.4,133429.39,0.01585,0.4347,0.2039,0.3546,0.0592,0
CID01975,32,Retail,5,5,5,16,2081.98,584.86,14842.63,10907.55,-0.00844,0.4781,0.0891,0.2373,0.0135,0
CID01976,45,Retail,5,5,4,9,21418.59,1991.52,34640.21,25530.79,0.02084,0.4832,0.0933,0.4618,0.0407,1
CID01977,35,Active Trader,23,54,10,29,21002.08,5618.37,209982.16,147400.17,0.01371,0.4188,0.1671,0.2399,0.2249,1
CID01978,25,Retail,6,12,4,11,2057.28,858.15,6163.99,6043.56,0.00502,0.5643,0.2233,0.3501,0.4223,0
CID01979,41,Retail,2,6,5,10,3553.11,360.67,32024.57,34971.09,0.01175,0.1919,0.17,0.3979,0.0967,0
CID01980,49,Retail,7,11,4,22,8227.51,1788.01,42355.93,45900.44,0.02668,0.5953,0.1379,0.4565,0.2021,0
CID01981,21,Retail,3,4,4,17,4848.64,1049.37,15421.89,13405.51,0.01695,0.6462,0.1235,0.3195,0.0739,0
CID01982,33,Retail,5,5,1,19,7738.2,4360.07,17960.65,17813.08,-0.02095,0.3905,0.0447,0.3947,0.0538,0
CID01983,43,Active Trader,19,55,8,37,39656.18,18797.53,61847.91,54533.25,0.00577,0.5395,0.0543,0.1513,0.2707,0
CID01984,13,Retail,5,8,8,22,10456.56,3190.49,38520.4,39017.6,-0.0187,0.2825,0.0594,0.0123,0.3621,0
CID01985,49,Active Trader,28,66,12,43,13838.7,2343.53,46709.7,35624.32,-0.01234,0.1621,0.0944,0.0052,0.36,1
CID01986,1,Retail,3,4,5,12,8945.37,2372.21,46453.68,40149.21,0.03932,0.8088,0.1386,0.2446,0.3078,0
CID01987,80,HNI,4,15,2,19,109335.05,25485.53,356621.68,271727.73,-0.00483,0.6682,0.1506,0.5384,0.1955,0
CID01988,1,Retail,2,8,3,16,6483.21,2820.12,24176.67,18597.7,0.00863,0.6096,0.1081,0.1501,0.0972,0
CID01989,24,Active Trader,15,63,12,39,36047.92,8186.04,105410.09,114291.72,-0.00313,0.6731,0.1561,0.3625,0.3983,0
CID01990,51,Active Trader,21,62,8,42,21413.34,1964.32,51167.65,39518.05,0.01477,0.3972,0.1267,0.2118,0.1717,0
CID01991,59,Active Trader,17,48,11,43,26547.41,5213.26,99830.57,83122.57,0.03156,0.3567,0.1484,0.1725,0.182,0
CID01992,51,Active Trader,17,64,16,40,20148.51,14759.55,66399.26,42547.23,0.0233,0.6807,0.087,0.2082,0.4546,0
CID01993,43,Retail,2,4,4,16,9070.48,4347.95,14248.88,13211.72,0.00289,0.2386,0.2829,0.4848,0.0322,0
CID01994,9,Retail,2,5,4,15,15515.31,399.83,49426.27,39314.61,0.00289,0.7961,0.0609,0.0823,0.0975,0
CID01995,21,Retail,4,7,5,19,3299.97,1696.46,15437.98,17573.71,-0.00374,0.3315,0.1194,0.4138,0.1113,1
CID01996,1,HNI,5,18,3,9,80514.64,26877.33,592039.31,657100.59,0.00799,0.2147,0.1512,0.1907,0.033,0
CID01997,51,Retail,2,4,5,17,19844.75,3851.27,42847.95,48746.45,0.02994,0.6211,0.068,0.1135,0.3103,0
CID01998,15,Retail,4,10,4,18,4610.25,1823.34,31171.47,31448.18,0.03305,0.5628,0.1729,0.3155,0.4584,0
CID01999,35,Active Trader,18,63,8,41,10312.16,3889.44,33411.98,20486.67,-0.0061,0.5442,0.3033,0.0366,0.2605,1
CID02000,38,Active Trader,16,66,14,50,35561.38,21443.33,186855.62,150119.26,-0.0081,0.4339,0.1562,0.2063,0.1714,0
