Customer_ID,Account_Age,Segment,Trades_7D,Trades_30D,Login_7D,Login_30D,Deposits,Withdrawals,Portfolio_Value,Invested_Amount,Avg_Trade_Return,Win_Rate,Drawdown,Email_Open_Rate,Push_Click_Rate,Exit_Label,Prediction_Date,Predicted_Probability,Predicted_Risk_Level,Actual_Outcome
CID00001,59,Retail,1,1,7,24,6165.3,135.83,5230.56,5181.84,0.02846,0.7142,0.0656,0.6354,0.2568,0,2026-06-15,0.054258573800325394,Low Risk,
CID00002,13,Retail,4,12,3,10,3352.37,541.29,6604.32,7577.82,-0.00559,0.5646,0.1657,0.6967,0.2018,0,2026-06-15,0.056532226502895355,Low Risk,
CID00003,90,HNI,12,33,9,25,2491381.37,368220.79,5777953.23,5357337.39,0.0079,0.7075,0.1026,0.3527,0.1478,0,2026-06-15,0.08097025007009506,Low Risk,
CID00004,55,Retail,0,2,2,25,129.3,54.36,569.92,440.15,-0.01487,0.3504,0.6078,0.3913,0.2441,1,2026-06-15,0.3143739104270935,Low Risk,
CID00005,70,HNI,11,30,2,32,4763.24,2304.23,252435.61,221151.35,0.0043,0.5863,0.0244,0.8234,0.4117,0,2026-06-15,0.05109712854027748,Low Risk,
CID00006,72,Retail,1,10,1,5,5922.25,3366.76,3724.17,3774.66,-0.01252,0.6402,0.4016,0.4946,0.3217,0,2026-06-15,0.10462325066328049,Low Risk,
CID00007,25,Retail,0,37,2,13,1520.48,542.54,3798.82,2969.47,-0.01705,0.2131,0.1772,0.2466,0.0595,1,2026-06-15,0.4470118284225464,Medium Risk,
CID00008,67,Retail,3,3,1,32,11765.51,3015.38,44267.69,43011.38,0.02501,0.8577,0.0796,0.2787,0.2219,0,2026-06-15,0.09484033286571503,Low Risk,
CID00009,55,Active Trader,79,129,21,41,30811.05,5201.42,41514.24,36187.8,0.04244,0.5052,0.1463,0.3577,0.3731,0,2026-06-15,0.07476036250591278,Low Risk,
CID00010,24,Retail,0,0,12,12,9559.47,5401.7,20019.22,16432.2,0.0294,0.9432,0.0133,0.4695,0.5761,0,2026-06-15,0.1678551435470581,Low Risk,
CID00011,162,HNI,1,27,3,28,2029299.25,1515166.11,1532517.13,1782577.8,-0.02969,0.8574,0.1215,0.3388,0.2383,0,2026-06-15,0.061194367706775665,Low Risk,
CID00012,15,Retail,2,9,2,26,11737.18,3358.54,92235.8,96256.03,-0.0002,0.7027,0.5719,0.4955,0.5686,0,2026-06-15,0.05589746683835983,Low Risk,
CID00013,21,Retail,1,6,3,4,1562.22,1691.08,14852.47,16334.54,0.03615,0.7092,0.5022,0.3413,0.2253,0,2026-06-15,0.22364458441734314,Low Risk,
CID00014,45,Active Trader,29,112,16,34,125189.49,29499.27,227153.95,228400.37,-0.00663,0.7749,0.2414,0.1884,0.1011,0,2026-06-15,0.06859803944826126,Low Risk,
CID00015,53,Active Trader,42,101,13,48,3583.28,259.08,61366.1,67551.7,-0.04331,0.5215,0.1412,0.1,0.2968,0,2026-06-15,0.15359348058700562,Low Risk,
CID00016,23,Retail,0,0,1,1,18711.54,3201.27,84846.77,83496.8,-0.02387,0.0686,0.0916,0.7451,0.2845,1,2026-06-15,0.4394664764404297,Medium Risk,
CID00017,33,Retail,1,1,0,14,1342.96,568.04,9290.03,8045.14,-0.00825,0.3144,0.7179,0.1323,0.1027,1,2026-06-15,0.29710790514945984,Low Risk,
CID00018,22,Retail,0,0,1,3,1544.51,306.67,21492.54,19018.27,-0.0188,0.1983,0.0842,0.2693,0.0485,1,2026-06-15,0.6342214941978455,Medium Risk,
CID00019,79,Retail,4,18,0,7,9389.13,282.49,43767.43,39480.8,0.02813,0.2717,0.1328,0.1421,0.4394,0,2026-06-15,0.20928983390331268,Low Risk,
CID00020,93,Active Trader,62,86,7,18,45235.14,7632.3,75083.68,73097.7,0.00719,0.8789,0.0398,0.6172,0.7589,0,2026-06-15,0.05964304879307747,Low Risk,
CID00021,92,Active Trader,35,200,8,45,40436.45,6453.17,82217.76,76183.88,0.00461,0.504,0.0743,0.5482,0.5711,0,2026-06-15,0.07141317427158356,Low Risk,
CID00022,32,Active Trader,16,52,13,60,8211.11,2401.66,256541.44,248763.36,0.00093,0.5521,0.4833,0.1457,0.4413,0,2026-06-15,0.22867047786712646,Low Risk,
CID00023,9,Retail,3,5,5,16,39072.76,4553.11,47054.59,44937.28,-0.01038,0.6806,0.0649,0.3802,0.1687,0,2026-06-15,0.1339583694934845,Low Risk,
CID00024,56,Retail,3,6,6,22,1711.16,644.86,5111.58,3818.09,-0.00736,0.2549,0.1158,0.0571,0.0922,1,2026-06-15,0.16391412913799286,Low Risk,
CID00025,30,Active Trader,32,178,18,60,74186.23,24188.17,541208.67,483980.7,-0.01858,0.7023,0.0134,0.0403,0.1042,0,2026-06-15,0.207501620054245,Low Risk,
CID00026,106,Active Trader,11,109,21,38,24345.33,942.84,47176.65,53286.22,0.04454,0.9807,0.2237,0.0003,0.0019,0,2026-06-15,0.34369972348213196,Low Risk,
CID00027,33,Active Trader,11,27,6,49,10073.3,3611.2,27461.17,27134.81,-0.01316,0.1738,0.2199,0.6676,0.5713,0,2026-06-15,0.18696433305740356,Low Risk,
CID00028,53,Retail,0,0,6,12,2689.42,61.3,17105.93,18526.38,0.02058,0.8352,0.1926,0.6169,0.5323,0,2026-06-15,0.1253976672887802,Low Risk,
CID00029,17,Retail,2,7,5,15,64212.81,65436.91,168764.51,179121.48,0.03053,0.1893,0.0612,0.6497,0.5375,0,2026-06-15,0.08639731258153915,Low Risk,
CID00030,50,Active Trader,68,122,19,36,138857.99,26699.94,274730.18,226549.34,0.00742,0.6952,0.0763,0.4268,0.2899,0,2026-06-15,0.1323048174381256,Low Risk,
CID00031,22,Retail,1,1,6,19,2499.9,85.35,5141.45,4306.35,0.05029,0.5405,0.052,0.6765,0.6501,0,2026-06-15,0.08427967131137848,Low Risk,
CID00032,32,Active Trader,27,58,7,33,214993.55,104450.99,940309.02,1100903.86,-0.00643,0.2864,0.2046,0.2486,0.0018,0,2026-06-15,0.06175961717963219,Low Risk,
CID00033,55,Retail,8,8,10,17,10880.12,84.34,68989.13,61281.42,0.03494,0.8975,0.1009,0.0059,0.0361,0,2026-06-15,0.11236926913261414,Low Risk,
CID00034,48,Retail,2,4,1,5,1759.5,1147.69,2970.81,3838.6,-0.01388,0.1893,0.2145,0.0649,0.0281,0,2026-06-15,0.28815242648124695,Low Risk,
CID00035,43,HNI,5,29,1,5,137882.74,64978.59,426830.36,283039.88,-0.03049,0.6467,0.0919,0.1434,0.28,0,2026-06-15,0.11153950542211533,Low Risk,
CID00036,106,HNI,1,38,3,32,306492.61,14998.19,535280.95,369481.59,-0.00989,0.5919,0.0362,0.122,0.0395,0,2026-06-15,0.11865969002246857,Low Risk,
CID00037,51,Active Trader,27,89,10,43,188824.17,5358.3,155705.13,127515.29,-0.02318,0.5161,0.0674,0.5603,0.2979,0,2026-06-15,0.08998317271471024,Low Risk,
CID00038,14,Retail,3,3,6,21,474.88,257.51,5751.18,5326.51,0.00617,0.5561,0.0994,0.6033,0.5383,0,2026-06-15,0.05545606464147568,Low Risk,
CID00039,133,HNI,9,10,12,17,475246.69,74640.01,509087.99,329126.63,0.00326,0.2105,0.0412,0.0519,0.014,0,2026-06-15,0.40392377972602844,Medium Risk,
CID00040,102,Active Trader,29,180,18,41,238990.44,53253.14,272349.51,278773.95,-0.00608,0.121,0.0691,0.4025,0.2619,0,2026-06-15,0.23695674538612366,Low Risk,
CID00041,13,Retail,2,31,3,18,6372.08,367.29,3121.1,4033.46,-0.01884,0.0599,0.0504,0.0643,0.0235,0,2026-06-15,0.4024971127510071,Medium Risk,
CID00042,40,Retail,0,0,1,1,1340.5,201.76,2119.11,2048.68,0.00395,0.4972,0.1082,0.4714,0.6481,1,2026-06-15,0.07512667030096054,Low Risk,
CID00043,72,Retail,2,46,0,21,1387.93,99.31,8733.88,8016.44,0.01184,0.6129,0.3206,0.0288,0.3273,0,2026-06-15,0.14045025408267975,Low Risk,
CID00044,45,Retail,4,6,1,15,2348.9,202.68,22934.76,21356.68,0.00896,0.1863,0.2419,0.0719,0.1809,0,2026-06-15,0.3058073818683624,Low Risk,
CID00045,5,Retail,0,5,9,25,36586.22,5373.83,150725.27,134829.86,-0.00316,0.8978,0.1376,0.218,0.2,0,2026-06-15,0.12539231777191162,Low Risk,
CID00046,91,Retail,3,5,2,16,62417.92,6407.88,112827.39,127859.14,-0.00607,0.428,0.0494,0.9501,0.6701,0,2026-06-15,0.13376466929912567,Low Risk,
CID00047,106,Retail,3,4,0,4,41322.85,9925.41,64934.96,62482.74,-0.02543,0.2545,0.1161,0.4599,0.3184,1,2026-06-15,0.3004600405693054,Low Risk,
CID00048,37,Retail,1,1,5,26,18477.91,2873.62,20103.08,21664.38,-0.00199,0.3768,0.0762,0.521,0.7244,0,2026-06-15,0.17729465663433075,Low Risk,
CID00049,32,Retail,3,3,5,8,2001.47,621.79,11081.96,9275.66,-0.00394,0.2339,0.0827,0.6603,0.5084,0,2026-06-15,0.42525890469551086,Medium Risk,
CID00050,36,Retail,0,0,7,11,779.86,226.73,6990.83,5199.4,-0.01235,0.6347,0.1205,0.5767,0.4255,0,2026-06-15,0.3433358371257782,Low Risk,
CID00051,30,Active Trader,25,152,17,61,54435.85,20970.11,109475.26,76899.19,-0.00446,0.3747,0.2319,0.7137,0.3546,0,2026-06-15,0.2439887374639511,Low Risk,
CID00052,79,Retail,3,22,5,33,6149.41,1219.61,22769.48,20046.45,-0.01507,0.5802,0.0708,0.3369,0.4032,0,2026-06-15,0.09197670966386795,Low Risk,
CID00053,42,HNI,0,1,12,39,150331.52,17770.58,220137.52,267402.72,-0.0103,0.5102,0.0894,0.3444,0.117,0,2026-06-15,0.1570637822151184,Low Risk,
CID00054,16,Retail,0,0,1,31,6858.55,2759.0,17786.57,15973.62,0.01617,0.6916,0.0075,0.5533,0.6011,0,2026-06-15,0.08472158014774323,Low Risk,
CID00055,51,Active Trader,10,198,20,62,647.36,192.64,39495.65,40436.72,-0.00363,0.2598,0.092,0.0352,0.0288,0,2026-06-15,0.4521901309490204,Medium Risk,
CID00056,29,Retail,0,19,6,31,5679.67,900.73,17807.44,17987.48,0.02866,0.399,0.0941,0.2529,0.0464,0,2026-06-15,0.1321958750486374,Low Risk,
CID00057,99,HNI,7,7,4,27,794006.54,101049.54,1046998.04,1014892.26,-0.01417,0.273,0.0927,0.1925,0.0835,0,2026-06-15,0.1604052037000656,Low Risk,
CID00058,54,Retail,1,7,5,12,761.72,103.99,15400.2,18076.8,0.00101,0.5084,0.0786,0.8034,0.7661,0,2026-06-15,0.10714682191610336,Low Risk,
CID00059,57,Retail,1,14,0,3,56241.33,14641.57,54784.09,58754.51,-0.01413,0.3878,0.0561,0.017,0.0343,0,2026-06-15,0.4619007408618927,Medium Risk,
CID00060,52,HNI,9,10,2,8,2494281.92,768672.37,2304288.46,2233794.42,0.01357,0.4484,0.0542,0.1046,0.0849,0,2026-06-15,0.12877045571804047,Low Risk,
CID00061,38,Retail,0,57,1,17,24180.67,12388.23,18686.74,21963.36,0.04948,0.568,0.3197,0.4818,0.1364,0,2026-06-15,0.1635766625404358,Low Risk,
CID00062,92,HNI,1,30,3,31,371299.8,60391.02,925274.25,1031960.52,0.00931,0.6117,0.2711,0.3529,0.5279,0,2026-06-15,0.055544495582580566,Low Risk,
CID00063,54,Active Trader,47,131,15,37,41741.8,20649.18,162083.54,138072.72,0.01446,0.4018,0.0836,0.5953,0.1612,0,2026-06-15,0.16980361938476562,Low Risk,
CID00064,17,Retail,2,2,0,15,497019.7,144591.76,320887.61,342894.71,-0.00897,0.4072,0.0203,0.4303,0.2986,1,2026-06-15,0.08853097259998322,Low Risk,
CID00065,43,Retail,1,1,2,5,198.69,12.29,2638.94,1658.26,0.01823,0.5828,0.2936,0.4579,0.0886,0,2026-06-15,0.22794684767723083,Low Risk,
CID00066,64,Retail,0,7,7,11,3022.15,1448.51,21996.4,21063.81,0.01375,0.3879,0.1391,0.5381,0.3057,0,2026-06-15,0.18557679653167725,Low Risk,
CID00067,96,Active Trader,51,64,12,26,1171.03,203.0,14868.82,16585.63,-0.05398,0.3026,0.2386,0.1038,0.1454,0,2026-06-15,0.3707054853439331,Low Risk,
CID00068,61,Active Trader,18,251,6,21,2817.32,1063.82,6440.4,5179.83,0.01037,0.528,0.2936,0.138,0.2554,0,2026-06-15,0.21642933785915375,Low Risk,
CID00069,55,Active Trader,32,127,17,68,19386.65,11826.02,60091.06,45703.32,-0.01051,0.5776,0.0737,0.5578,0.6778,0,2026-06-15,0.11931049078702927,Low Risk,
CID00070,111,Retail,0,0,5,5,4027.35,454.72,5584.48,5151.27,-0.03155,0.28,0.1014,0.0351,0.0099,0,2026-06-15,0.4921225607395172,Medium Risk,
CID00071,76,Retail,0,30,9,22,6549.19,1802.73,55182.76,60603.66,0.01763,0.6753,0.0361,0.0545,0.0608,0,2026-06-15,0.18207040429115295,Low Risk,
CID00072,84,Retail,0,6,5,13,9644.74,731.52,118083.35,115144.51,-0.01598,0.6524,0.0181,0.1029,0.183,0,2026-06-15,0.16464610397815704,Low Risk,
CID00073,94,Retail,3,3,0,12,703.95,126.36,4065.82,4844.7,0.02798,0.6001,0.0902,0.0647,0.0683,0,2026-06-15,0.15092645585536957,Low Risk,
CID00074,28,Retail,0,7,0,12,5976.93,724.03,71361.56,77059.68,-0.00852,0.2336,0.1072,0.0804,0.0668,1,2026-06-15,0.39658284187316895,Low Risk,
CID00075,49,Retail,5,12,8,29,9056.91,6176.39,26817.98,22913.22,-0.02817,0.5773,0.2182,0.5063,0.5356,0,2026-06-15,0.13224250078201294,Low Risk,
CID00076,68,Retail,0,0,1,14,60539.15,6868.04,69525.49,83038.4,5e-05,0.723,0.2313,0.2509,0.4495,0,2026-06-15,0.13951295614242554,Low Risk,
CID00077,56,HNI,4,41,8,33,16981.53,78.66,355330.72,395269.97,0.02072,0.754,0.2754,0.5459,0.6903,0,2026-06-15,0.05134757235646248,Low Risk,
CID00078,85,Retail,0,4,5,10,1468.02,152.51,2439.97,2775.28,0.01958,0.7203,0.1638,0.2475,0.1555,1,2026-06-15,0.0987047627568245,Low Risk,
CID00079,124,HNI,7,13,6,26,374917.1,52360.38,2073767.55,1724936.58,-0.0179,0.2847,0.1356,0.6657,0.4861,0,2026-06-15,0.13124826550483704,Low Risk,
CID00080,60,Retail,1,5,0,11,13127.94,9491.01,9944.94,9009.34,0.00928,0.7533,0.0128,0.3181,0.2041,0,2026-06-15,0.07706431299448013,Low Risk,
CID00081,94,Retail,5,38,8,15,2517.41,772.67,1239.08,1703.22,0.02003,0.8385,0.1482,0.2392,0.1496,0,2026-06-15,0.12351199984550476,Low Risk,
CID00082,38,Retail,0,3,0,4,109450.24,8864.79,69196.86,52300.76,0.00612,0.5915,0.0964,0.385,0.3266,1,2026-06-15,0.124992236495018,Low Risk,
CID00083,28,HNI,9,57,10,21,385156.51,31257.47,1378334.94,1479763.86,0.0395,0.8691,0.2079,0.3522,0.04,0,2026-06-15,0.1266123354434967,Low Risk,
CID00084,3,Retail,0,4,4,19,2626.95,1962.72,11885.72,14285.68,-0.02776,0.3659,0.0235,0.2082,0.1172,0,2026-06-15,0.3752024471759796,Low Risk,
CID00085,18,Retail,7,7,7,15,1912.01,1185.03,26122.08,25391.94,-0.01013,0.8509,0.0521,0.186,0.2506,0,2026-06-15,0.11712263524532318,Low Risk,
CID00086,38,Active Trader,37,126,26,45,13389.37,2770.87,96826.63,93464.57,-0.00805,0.8308,0.0566,0.2114,0.0285,0,2026-06-15,0.23209638893604279,Low Risk,
CID00087,94,Active Trader,23,141,10,41,68110.56,2816.89,302295.36,272289.47,-0.00048,0.5562,0.3052,0.4866,0.348,0,2026-06-15,0.1762622743844986,Low Risk,
CID00088,15,Retail,1,1,1,17,916.7,93.49,90890.41,101431.64,-0.0036,0.06,0.0675,0.0495,0.0042,1,2026-06-15,0.3762258291244507,Low Risk,
CID00089,71,Retail,3,3,6,20,3274.37,133.92,65687.38,60365.77,-0.01308,0.2429,0.0307,0.4182,0.2186,0,2026-06-15,0.2264551967382431,Low Risk,
CID00090,8,Retail,4,7,5,8,433.86,294.08,1197.52,319.38,-0.00424,0.331,0.1351,0.6536,0.125,0,2026-06-15,0.14128053188323975,Low Risk,
CID00091,99,HNI,3,3,13,25,413525.33,34395.64,438402.91,407217.28,-0.02894,0.2207,0.1848,0.598,0.2034,0,2026-06-15,0.25193682312965393,Low Risk,
CID00092,88,Active Trader,23,109,10,44,7944.83,1328.67,23915.34,21089.48,0.01261,0.6157,0.1994,0.4536,0.1941,0,2026-06-15,0.10573530942201614,Low Risk,
CID00093,77,Active Trader,16,73,13,53,18396.84,20084.36,111355.44,92137.19,0.01431,0.6866,0.0415,0.1473,0.2097,0,2026-06-15,0.12304835766553879,Low Risk,
CID00094,49,Retail,0,0,3,15,3026.54,1106.45,6307.41,6142.05,-0.0068,0.779,0.1591,0.4355,0.3913,0,2026-06-15,0.14030960202217102,Low Risk,
CID00095,12,Retail,2,19,5,22,1823.64,600.81,37173.44,36825.93,-0.0263,0.2389,0.0484,0.336,0.1581,0,2026-06-15,0.3908154368400574,Low Risk,
CID00096,22,Retail,0,0,10,21,8474.1,170.31,29366.2,30797.23,0.02801,0.7763,0.1208,0.0482,0.0087,0,2026-06-15,0.23337753117084503,Low Risk,
CID00097,41,Active Trader,21,77,28,52,2563.37,275.5,58437.37,43992.0,0.02377,0.8155,0.2715,0.9545,0.2193,0,2026-06-15,0.13875450193881989,Low Risk,
CID00098,75,Active Trader,17,97,10,69,4230.25,1263.81,60700.01,50693.08,0.00677,0.3325,0.484,0.3908,0.3104,0,2026-06-15,0.2145061492919922,Low Risk,
CID00099,7,Retail,0,16,6,25,938.78,168.13,9752.7,8519.85,0.03246,0.6217,0.0652,0.1389,0.215,0,2026-06-15,0.1954418122768402,Low Risk,
CID00100,37,Retail,0,3,1,20,32667.97,2768.98,32602.02,33412.81,-0.01699,0.5372,0.0755,0.0273,0.0169,0,2026-06-15,0.3780922293663025,Low Risk,
CID00101,19,Retail,0,15,0,25,398.4,105.56,5426.99,6496.84,-0.01,0.1943,0.2376,0.5353,0.4905,0,2026-06-15,0.2316034436225891,Low Risk,
CID00102,11,Retail,0,4,7,22,1896.15,752.13,10318.91,8455.82,-0.00942,0.4902,0.3977,0.686,0.2729,0,2026-06-15,0.24398532509803772,Low Risk,
CID00103,24,Retail,0,1,9,17,2389.5,497.07,27906.85,34159.64,-0.03871,0.3778,0.2761,0.6754,0.5164,0,2026-06-15,0.246640145778656,Low Risk,
CID00104,29,Retail,1,2,3,13,3442.95,104.41,21114.29,15570.78,-0.00521,0.3971,0.0392,0.2138,0.3967,0,2026-06-15,0.20372161269187927,Low Risk,
CID00105,122,Active Trader,10,79,24,64,57691.25,25786.44,216030.05,229684.89,-8e-05,0.5629,0.051,0.3958,0.5858,0,2026-06-15,0.10687971115112305,Low Risk,
CID00106,22,HNI,3,12,5,12,915623.11,223497.55,1013541.71,846709.76,0.03051,0.4544,0.139,0.0743,0.2243,0,2026-06-15,0.11122312396764755,Low Risk,
CID00107,79,Retail,5,5,3,4,1619.7,150.55,3967.11,4434.88,0.03036,0.5714,0.0625,0.1595,0.0308,1,2026-06-15,0.14765989780426025,Low Risk,
CID00108,31,Active Trader,45,196,18,67,15107.56,426.51,70607.96,82286.25,-0.02338,0.7207,0.0908,0.2027,0.0349,0,2026-06-15,0.0827377513051033,Low Risk,
CID00109,44,Retail,0,5,3,20,4863.24,1657.32,30325.54,29754.69,0.01153,0.6395,0.038,0.0559,0.0075,0,2026-06-15,0.1683257818222046,Low Risk,
CID00110,36,Retail,1,1,0,17,5375.32,611.83,49015.84,49834.16,0.0006,0.6674,0.2164,0.1374,0.1641,0,2026-06-15,0.12009353190660477,Low Risk,
CID00111,83,Active Trader,22,81,21,77,6529.49,3306.08,206381.32,233811.1,0.00334,0.6496,0.023,0.2392,0.2534,0,2026-06-15,0.12602031230926514,Low Risk,
CID00112,72,Active Trader,15,71,8,55,11181.99,2371.72,57850.99,50130.03,0.00263,0.5967,0.2785,0.5384,0.212,0,2026-06-15,0.07659661024808884,Low Risk,
CID00113,60,HNI,7,32,7,21,56488.95,21152.93,811713.88,709690.17,0.01438,0.3998,0.1722,0.3452,0.403,0,2026-06-15,0.10141567140817642,Low Risk,
CID00114,111,HNI,10,11,4,22,37519.89,34728.73,343934.21,338839.2,-0.01422,0.2259,0.0803,0.0988,0.2773,0,2026-06-15,0.12433638423681259,Low Risk,
CID00115,22,Retail,4,14,4,5,362.8,158.48,5425.11,5668.87,0.00991,0.4189,0.0902,0.1195,0.688,0,2026-06-15,0.09265691041946411,Low Risk,
CID00116,103,Active Trader,52,143,21,84,13158.94,4427.26,18205.24,17605.73,0.00704,0.4038,0.5098,0.1428,0.2804,0,2026-06-15,0.17999862134456635,Low Risk,
CID00117,34,Retail,1,1,0,1,424.04,13.15,10748.32,8210.67,-0.00245,0.5292,0.081,0.4996,0.4404,0,2026-06-15,0.17730890214443207,Low Risk,
CID00118,92,Retail,0,3,2,22,8454.56,1075.36,52158.32,59466.82,0.0147,0.99,0.2398,0.723,0.2487,0,2026-06-15,0.0756257101893425,Low Risk,
CID00119,129,HNI,0,14,5,25,974360.2,87431.24,2749963.08,2700553.49,-0.00211,0.5248,0.0389,0.2289,0.0216,0,2026-06-15,0.23598845303058624,Low Risk,
CID00120,122,HNI,10,47,7,36,17173.7,15414.27,352180.85,316209.68,-0.02211,0.2243,0.0139,0.2237,0.059,0,2026-06-15,0.17305061221122742,Low Risk,
CID00121,68,HNI,14,15,4,29,517901.56,498304.59,714818.22,562709.08,-0.00417,0.528,0.1683,0.0835,0.0163,0,2026-06-15,0.08546358346939087,Low Risk,
CID00122,67,Active Trader,24,125,17,32,707951.69,241605.09,200943.55,213544.91,-0.00811,0.5486,0.5713,0.1668,0.002,0,2026-06-15,0.09222327917814255,Low Risk,
CID00123,49,Active Trader,38,114,7,59,55291.82,4248.83,199114.97,178666.49,0.02648,0.8682,0.2136,0.5548,0.6975,0,2026-06-15,0.06785747408866882,Low Risk,
CID00124,34,Retail,3,3,6,25,4041.48,1861.69,52052.98,52918.4,0.01948,0.9156,0.1019,0.7653,0.4942,0,2026-06-15,0.12759213149547577,Low Risk,
CID00125,98,Active Trader,29,45,15,35,27391.47,2861.76,195279.35,206914.5,-0.01379,0.3817,0.1074,0.0994,0.0186,0,2026-06-15,0.3388656973838806,Low Risk,
CID00126,37,Retail,0,2,7,10,1484.54,153.28,5266.41,5630.69,0.00302,0.9177,0.2159,0.0181,0.2054,1,2026-06-15,0.1533849537372589,Low Risk,
CID00127,18,Retail,0,1,3,15,2290.33,163.71,8025.28,4957.0,-0.00073,0.6877,0.1045,0.2676,0.2459,0,2026-06-15,0.14011219143867493,Low Risk,
CID00128,124,Active Trader,60,201,16,76,23479.98,3127.14,60901.74,53674.11,-0.00398,0.7329,0.5487,0.2434,0.0404,0,2026-06-15,0.16520097851753235,Low Risk,
CID00129,69,Retail,0,3,3,11,587.46,240.67,13687.02,10245.05,0.02411,0.7077,0.1399,0.3373,0.2425,1,2026-06-15,0.15212348103523254,Low Risk,
CID00130,67,Retail,3,4,5,8,4249.54,398.66,30174.87,33463.01,-0.00496,0.6264,0.2982,0.5227,0.272,0,2026-06-15,0.15615426003932953,Low Risk,
CID00131,117,HNI,3,24,1,19,202199.69,100698.99,1648960.91,1540208.53,0.0055,0.6773,0.0251,0.4931,0.6031,0,2026-06-15,0.03802358731627464,Low Risk,
CID00132,99,Retail,2,4,1,29,55137.83,2305.98,50388.31,47802.79,0.0,0.5469,0.8488,0.3751,0.55,0,2026-06-15,0.08909688144922256,Low Risk,
CID00133,50,Retail,0,0,4,22,3092.45,613.46,2762.97,3106.51,-0.01024,0.2245,0.5224,0.0943,0.3058,1,2026-06-15,0.2827681303024292,Low Risk,
CID00134,17,Retail,1,1,7,30,8247.71,1504.8,6249.6,7309.86,-0.00125,0.5429,0.2546,0.6515,0.0957,0,2026-06-15,0.12026339024305344,Low Risk,
CID00135,43,Retail,0,5,5,6,8549.01,1514.82,20928.46,20932.81,0.01829,0.7459,0.0813,0.5413,0.5726,1,2026-06-15,0.13763245940208435,Low Risk,
CID00136,15,Retail,2,2,0,18,2195.86,474.61,20395.79,18293.71,0.00194,0.6018,0.0958,0.1908,0.0547,0,2026-06-15,0.0868355929851532,Low Risk,
CID00137,17,Retail,0,2,1,14,51731.81,35471.74,137498.48,140140.88,-0.02965,0.1903,0.1195,0.273,0.2686,0,2026-06-15,0.19336560368537903,Low Risk,
CID00138,65,Retail,6,7,6,27,13202.12,850.39,18848.66,18007.74,0.00494,0.1351,0.1908,0.0938,0.0705,0,2026-06-15,0.20761001110076904,Low Risk,
CID00139,56,Retail,0,10,8,26,4133.09,2682.71,11594.77,11760.21,0.00534,0.652,0.5206,0.0951,0.1291,0,2026-06-15,0.16131708025932312,Low Risk,
CID00140,40,Active Trader,44,107,5,46,324446.37,43765.82,862850.52,732528.83,0.01461,0.5818,0.2083,0.3202,0.5808,0,2026-06-15,0.0573156513273716,Low Risk,
CID00141,27,Retail,8,8,10,27,1060.63,153.74,1055.87,1494.48,0.00277,0.1791,0.0139,0.5886,0.4258,0,2026-06-15,0.11606229096651077,Low Risk,
CID00142,51,Retail,9,9,2,13,6191.39,1347.93,20765.15,22364.65,-0.01131,0.4897,0.1215,0.0078,0.0283,0,2026-06-15,0.39845070242881775,Low Risk,
CID00143,14,Retail,0,10,8,20,16226.47,10279.84,73795.45,66962.77,0.00638,0.3908,0.095,0.2098,0.0979,0,2026-06-15,0.10784619301557541,Low Risk,
CID00144,96,HNI,6,17,11,27,1107114.87,135642.95,445435.16,424346.47,0.01808,0.5686,0.0769,0.4615,0.1894,0,2026-06-15,0.16177918016910553,Low Risk,
CID00145,58,HNI,5,15,3,4,25324.16,11194.49,321764.13,262158.01,-0.018,0.1606,0.3552,0.1573,0.179,1,2026-06-15,0.2338695228099823,Low Risk,
CID00146,37,Active Trader,40,85,10,61,47106.68,4083.4,141760.44,160294.86,-0.00455,0.4089,0.2112,0.4923,0.1873,0,2026-06-15,0.17001424729824066,Low Risk,
CID00147,25,Retail,0,4,3,6,353.08,153.8,652.62,193.96,-0.01863,0.1695,0.0779,0.2613,0.4451,0,2026-06-15,0.24763862788677216,Low Risk,
CID00148,34,Active Trader,32,57,10,54,102859.0,21764.94,568496.56,551733.96,0.03427,0.3455,0.0702,0.5195,0.7304,0,2026-06-15,0.18268029391765594,Low Risk,
CID00149,21,Retail,0,0,6,11,567.56,250.62,1282.28,1704.81,-0.00803,0.532,0.5976,0.0678,0.0917,1,2026-06-15,0.3141774535179138,Low Risk,
CID00150,95,Retail,2,2,1,7,815.32,51.7,12478.89,10678.19,-0.01166,0.377,0.0606,0.3732,0.3421,0,2026-06-15,0.45027852058410645,Medium Risk,
CID00151,57,Active Trader,11,68,12,47,1697.47,160.36,17886.61,14053.77,0.01873,0.9249,0.1205,0.1018,0.0262,0,2026-06-15,0.2755494713783264,Low Risk,
CID00152,72,Retail,0,1,7,19,1752.95,575.6,994.8,1021.91,-0.00747,0.6441,0.1727,0.4299,0.0647,1,2026-06-15,0.10471157729625702,Low Risk,
CID00153,81,Retail,7,42,3,15,13129.15,4666.09,43999.09,42991.29,0.01429,0.7544,0.0746,0.4075,0.1644,0,2026-06-15,0.12399736046791077,Low Risk,
CID00154,27,Retail,0,8,1,5,791.01,229.01,6001.43,6975.63,0.04127,0.8342,0.1129,0.3132,0.0504,1,2026-06-15,0.19572459161281586,Low Risk,
CID00155,17,Active Trader,44,80,19,41,88553.98,9274.24,386751.5,365426.75,-0.05788,0.3093,0.0293,0.7406,0.4667,0,2026-06-15,0.21847353875637054,Low Risk,
CID00156,59,Active Trader,31,72,6,58,5081.04,1414.72,44577.34,50205.17,0.00772,0.7321,0.3234,0.1287,0.0914,0,2026-06-15,0.09821007400751114,Low Risk,
CID00157,39,HNI,0,11,2,32,251811.89,174825.95,2813430.03,2966995.18,0.00516,0.5337,0.0598,0.6086,0.6837,0,2026-06-15,0.027780815958976746,Low Risk,
CID00158,21,Retail,0,3,8,11,11229.17,742.76,162226.9,112745.28,-0.01656,0.1597,0.1651,0.09,0.2356,1,2026-06-15,0.5532734394073486,Medium Risk,
CID00159,29,Active Trader,48,143,6,48,6145.16,545.43,88963.26,86585.63,-0.00265,0.5948,0.628,0.4001,0.0916,0,2026-06-15,0.19318896532058716,Low Risk,
CID00160,101,Retail,0,1,2,14,6003.39,516.28,5273.57,3735.69,0.00615,0.7364,0.0145,0.0946,0.3327,0,2026-06-15,0.16399461030960083,Low Risk,
CID00161,17,HNI,12,12,0,12,768202.32,208600.86,2807122.05,2143039.05,-0.00728,0.4764,0.0653,0.7793,0.5811,0,2026-06-15,0.07043954730033875,Low Risk,
CID00162,52,Retail,7,7,6,8,685.05,266.58,9060.65,9597.19,0.01972,0.6663,0.1093,0.5268,0.6577,0,2026-06-15,0.11797980964183807,Low Risk,
CID00163,67,Retail,0,0,13,31,470.34,4.99,3482.13,2932.31,-0.03138,0.4177,0.1371,0.0995,0.1726,0,2026-06-15,0.20697379112243652,Low Risk,
CID00164,54,HNI,0,28,2,21,1142241.16,438686.28,656990.37,653041.25,-0.0069,0.4967,0.0582,0.5151,0.1973,0,2026-06-15,0.0414695218205452,Low Risk,
CID00165,90,Active Trader,17,164,6,35,116481.46,29541.56,279267.15,293609.55,0.012,0.8333,0.0793,0.7009,0.4042,0,2026-06-15,0.08480710536241531,Low Risk,
CID00166,23,Active Trader,19,56,7,75,12745.45,1738.36,87150.52,74045.8,-0.01279,0.5399,0.0425,0.0554,0.0955,0,2026-06-15,0.23591603338718414,Low Risk,
CID00167,46,Retail,0,6,1,20,6090.81,1560.17,1403.81,1563.96,-0.01126,0.3311,0.3412,0.5795,0.8226,0,2026-06-15,0.11916763335466385,Low Risk,
CID00168,173,HNI,9,20,6,38,903619.89,38958.03,2571701.21,2802446.74,-0.01252,0.2429,0.1321,0.2453,0.1674,0,2026-06-15,0.2774166762828827,Low Risk,
CID00169,43,Retail,2,24,5,16,7844.68,554.87,7233.49,7597.49,0.00365,0.4634,0.0494,0.1069,0.1545,0,2026-06-15,0.12483001500368118,Low Risk,
CID00170,111,HNI,0,7,8,18,997573.61,160110.89,2661328.94,3048703.61,0.01889,0.28,0.1818,0.2162,0.2932,1,2026-06-15,0.35727888345718384,Low Risk,
CID00171,24,Active Trader,28,141,14,54,11180.79,2592.08,128301.83,109200.24,0.0422,0.6064,0.0343,0.5052,0.2389,0,2026-06-15,0.13776077330112457,Low Risk,
CID00172,18,Retail,0,4,3,5,1511.54,340.2,8199.24,9017.93,-0.02316,0.7905,0.1683,0.0337,0.3184,1,2026-06-15,0.23433957993984222,Low Risk,
CID00173,45,Retail,3,11,1,11,73974.54,5252.19,113895.82,123325.8,-0.0404,0.2992,0.1147,0.0269,0.2119,0,2026-06-15,0.5202828645706177,Medium Risk,
CID00174,59,Active Trader,30,138,26,75,3399.57,828.8,51520.82,49776.59,0.01023,0.7592,0.0544,0.0843,0.1837,0,2026-06-15,0.09303591400384903,Low Risk,
CID00175,64,Retail,0,16,3,20,122969.11,70154.31,28980.13,31149.82,0.06691,0.5821,0.3861,0.0883,0.0436,0,2026-06-15,0.17032752931118011,Low Risk,
CID00176,91,Retail,4,5,0,4,7242.68,2191.66,42734.67,35479.7,-0.05478,0.321,0.1398,0.54,0.3382,0,2026-06-15,0.24289663136005402,Low Risk,
CID00177,86,Retail,1,3,5,12,13282.03,1354.27,32061.56,28563.54,-0.00341,0.5208,0.1396,0.0941,0.1482,0,2026-06-15,0.18245886266231537,Low Risk,
CID00178,32,Active Trader,16,59,16,60,2022.71,482.24,46499.93,43757.92,0.03095,0.616,0.0293,0.6466,0.3617,0,2026-06-15,0.061168137937784195,Low Risk,
CID00179,46,Retail,7,7,0,2,305.12,49.03,1731.09,2172.19,0.00676,0.3973,0.0845,0.0203,0.0377,1,2026-06-15,0.22924384474754333,Low Risk,
CID00180,80,Active Trader,39,85,15,37,1542049.29,88331.25,1286572.61,1119838.02,-0.01226,0.3298,0.119,0.6943,0.6313,0,2026-06-15,0.14858442544937134,Low Risk,
CID00181,27,Retail,2,5,5,30,7414.59,3505.41,2607.45,1306.67,-0.01354,0.1011,0.112,0.0898,0.0923,0,2026-06-15,0.21182744204998016,Low Risk,
CID00182,35,Retail,1,22,5,8,13938.21,1281.81,66054.81,66194.0,-0.01356,0.2488,0.0461,0.2193,0.0092,0,2026-06-15,0.48998764157295227,Medium Risk,
CID00183,81,Active Trader,19,135,20,64,14744.37,4685.72,54751.61,43158.23,-0.01255,0.2947,0.2461,0.0222,0.0371,0,2026-06-15,0.6565448641777039,Medium Risk,
CID00184,25,Retail,0,1,5,8,21656.89,5684.99,158550.42,130980.71,5e-05,0.4165,0.2014,0.0913,0.126,0,2026-06-15,0.36509066820144653,Low Risk,
CID00185,17,Retail,2,2,3,26,858.34,189.4,2635.12,2874.64,-0.02696,0.398,0.4167,0.5436,0.3713,1,2026-06-15,0.17006583511829376,Low Risk,
CID00186,87,Active Trader,24,179,14,51,25932.22,20641.06,206545.88,189691.89,-0.01518,0.1474,0.056,0.606,0.1233,0,2026-06-15,0.3553832471370697,Low Risk,
CID00187,19,Active Trader,22,38,9,46,24116.14,7970.12,204032.61,134534.63,-0.00328,0.4178,0.3759,0.1056,0.1393,0,2026-06-15,0.2514905333518982,Low Risk,
CID00188,67,HNI,6,19,3,27,649142.13,403434.85,2470630.81,2472471.57,0.01196,0.4104,0.0202,0.0487,0.0476,0,2026-06-15,0.05063800886273384,Low Risk,
CID00189,50,Retail,0,4,4,8,2082.95,472.59,6926.14,6641.77,-0.01579,0.6155,0.4605,0.3714,0.4461,1,2026-06-15,0.15656477212905884,Low Risk,
CID00190,113,HNI,7,10,6,32,12555.93,1353.24,158028.42,137171.15,0.0058,0.5301,0.0231,0.3681,0.6387,0,2026-06-15,0.04249341040849686,Low Risk,
CID00191,48,Active Trader,47,149,18,59,44339.92,3989.82,209944.65,171426.43,-0.042,0.619,0.1215,0.4394,0.2872,0,2026-06-15,0.22461657226085663,Low Risk,
CID00192,160,HNI,0,3,14,34,303132.5,179214.21,1382038.6,1440742.75,0.01613,0.7079,0.049,0.4964,0.4381,0,2026-06-15,0.043604955077171326,Low Risk,
CID00193,29,Retail,1,1,4,29,569525.64,37607.86,226606.82,244168.67,0.01564,0.3926,0.0718,0.6012,0.8306,0,2026-06-15,0.27184051275253296,Low Risk,
CID00194,22,Retail,0,0,9,25,6870.7,2050.29,11052.78,11774.85,0.00072,0.6134,0.0052,0.3704,0.1063,0,2026-06-15,0.19416193664073944,Low Risk,
CID00195,82,Active Trader,42,58,13,36,48650.96,9798.49,117816.11,100792.53,-0.01673,0.1668,0.234,0.3636,0.2008,0,2026-06-15,0.3852349519729614,Low Risk,
CID00196,49,Retail,0,1,1,22,11056.67,5460.34,60419.41,54233.16,0.00146,0.4733,0.1903,0.1296,0.0017,0,2026-06-15,0.143925741314888,Low Risk,
CID00197,39,Active Trader,19,177,11,36,69511.57,28482.18,101352.43,96068.72,0.01954,0.7775,0.3519,0.5623,0.0125,0,2026-06-15,0.26971811056137085,Low Risk,
CID00198,70,Retail,0,3,4,23,4505.62,423.33,19227.75,18195.11,-0.00028,0.3849,0.008,0.5315,0.176,0,2026-06-15,0.09252487868070602,Low Risk,
CID00199,18,Active Trader,31,71,25,64,11272.21,2460.43,25832.3,24985.36,-0.021,0.369,0.4899,0.6485,0.53,0,2026-06-15,0.21364368498325348,Low Risk,
CID00200,126,Active Trader,15,40,6,68,58408.9,4855.1,508095.07,505706.06,-0.0513,0.3605,0.8819,0.1742,0.3241,1,2026-06-15,0.13635754585266113,Low Risk,
CID00201,52,Retail,0,0,6,31,14954.09,2760.32,286199.76,208066.83,-0.0038,0.5229,0.0385,0.0118,0.0206,0,2026-06-15,0.3267916738986969,Low Risk,
CID00202,19,Active Trader,25,109,18,55,15510.01,7993.73,14803.96,13811.13,-0.02784,0.4643,0.0942,0.7288,0.6235,0,2026-06-15,0.13182096183300018,Low Risk,
CID00203,140,HNI,7,30,6,11,430748.76,9078.51,748979.57,541230.8,-0.02731,0.3948,0.4749,0.5253,0.6539,0,2026-06-15,0.1972368210554123,Low Risk,
CID00204,65,Retail,0,1,6,29,11131.04,994.71,52140.13,52954.63,0.00211,0.3766,0.2651,0.602,0.2772,1,2026-06-15,0.088249072432518,Low Risk,
CID00205,79,Active Trader,66,210,16,46,119538.7,5838.44,647768.48,557313.42,0.04799,0.5579,0.262,0.3792,0.164,0,2026-06-15,0.08279703557491302,Low Risk,
CID00206,63,HNI,2,22,13,18,50701.34,6954.8,659339.05,810003.6,-0.00199,0.6062,0.1557,0.591,0.4895,0,2026-06-15,0.0734102800488472,Low Risk,
CID00207,44,Active Trader,22,207,13,58,91751.44,7248.58,175050.04,188753.55,0.0179,0.3094,0.1189,0.288,0.0582,0,2026-06-15,0.21993274986743927,Low Risk,
CID00208,28,Retail,0,8,2,15,35967.12,7914.12,29672.55,28885.02,-0.01127,0.4404,0.09,0.475,0.6039,0,2026-06-15,0.15087658166885376,Low Risk,
CID00209,24,Active Trader,10,169,5,65,3832.88,433.12,180514.17,147732.26,0.02693,0.7751,0.1364,0.6357,0.6487,0,2026-06-15,0.047090090811252594,Low Risk,
CID00210,101,HNI,1,13,6,23,878128.13,186802.97,3013708.17,2498665.83,-0.00061,0.4086,0.2451,0.3676,0.3243,0,2026-06-15,0.10707177966833115,Low Risk,
CID00211,43,Retail,0,3,4,22,481.94,49.51,2418.01,2512.89,0.01507,0.2573,0.0658,0.7374,0.7692,0,2026-06-15,0.15824298560619354,Low Risk,
CID00212,86,Retail,0,12,2,16,3506.13,297.34,8493.36,5723.02,-0.00725,0.3163,0.0476,0.6224,0.6999,0,2026-06-15,0.18283459544181824,Low Risk,
CID00213,31,Active Trader,30,60,19,59,1498450.82,198574.57,723578.86,657408.83,-0.01071,0.7546,0.174,0.3392,0.1865,0,2026-06-15,0.06397507339715958,Low Risk,
CID00214,96,Active Trader,22,155,12,60,24058.42,23037.91,48948.0,48391.59,-0.01312,0.6844,0.7399,0.5209,0.1389,0,2026-06-15,0.22950464487075806,Low Risk,
CID00215,83,Retail,0,22,14,19,3381.57,120.71,7283.16,6161.3,0.0034,0.5425,0.3619,0.7255,0.5519,0,2026-06-15,0.13165104389190674,Low Risk,
CID00216,76,Retail,0,1,0,2,1694.88,356.48,15412.93,10661.46,0.00339,0.56,0.2469,0.7895,0.2428,0,2026-06-15,0.23851606249809265,Low Risk,
CID00217,45,Active Trader,12,115,8,42,42434.74,14019.37,69820.25,65448.03,-0.01806,0.2137,0.4211,0.0272,0.1153,0,2026-06-15,0.29864317178726196,Low Risk,
CID00218,27,Active Trader,33,92,22,42,8113.44,628.73,116580.64,104143.55,-0.04791,0.3911,0.0913,0.0178,0.0524,0,2026-06-15,0.3906136453151703,Low Risk,
CID00219,48,Retail,1,1,3,23,1390.73,347.71,9071.41,7867.99,-0.01039,0.3507,0.0946,0.2365,0.3293,0,2026-06-15,0.2994203567504883,Low Risk,
CID00220,83,Retail,2,18,11,11,4528.67,1691.68,27440.06,19376.67,-0.00623,0.5167,0.1037,0.8459,0.8564,0,2026-06-15,0.1529383659362793,Low Risk,
CID00221,30,Active Trader,25,107,15,88,18765.26,770.26,58254.47,66331.74,0.01579,0.3973,0.5576,0.1727,0.1469,0,2026-06-15,0.1272803097963333,Low Risk,
CID00222,69,Active Trader,28,133,8,65,31897.66,9770.99,106116.01,127204.82,-0.01414,0.3198,0.0497,0.179,0.0684,0,2026-06-15,0.10456990450620651,Low Risk,
CID00223,51,Retail,6,12,0,7,760.19,44.07,12346.02,13203.95,-0.01947,0.6627,0.1491,0.3177,0.0995,0,2026-06-15,0.14252187311649323,Low Risk,
CID00224,82,Active Trader,11,178,4,45,81145.69,9707.53,366407.83,289626.33,0.00124,0.2599,0.5138,0.1318,0.1255,0,2026-06-15,0.2443341165781021,Low Risk,
CID00225,69,Retail,0,0,1,29,758.31,213.96,3600.9,2902.16,-0.01816,0.197,0.0962,0.6144,0.1971,1,2026-06-15,0.2446715235710144,Low Risk,
CID00226,94,HNI,0,1,6,34,2259711.74,113774.34,5368410.36,4899479.52,0.01671,0.2925,0.1073,0.2977,0.0274,0,2026-06-15,0.26262664794921875,Low Risk,
CID00227,62,Retail,5,5,9,30,3409.06,2901.59,28421.24,23488.21,-0.01989,0.0971,0.254,0.6014,0.2209,0,2026-06-15,0.254682332277298,Low Risk,
CID00228,31,Retail,2,18,6,8,9224.3,693.3,5245.29,6514.78,-0.01567,0.5699,0.0343,0.4005,0.3821,0,2026-06-15,0.08633927255868912,Low Risk,
CID00229,20,Retail,0,2,0,18,13908.93,1263.25,11086.33,12964.46,-0.02241,0.3654,0.0702,0.0188,0.0163,0,2026-06-15,0.4349445104598999,Medium Risk,
CID00230,52,Active Trader,48,111,21,74,630873.02,44177.09,968221.62,802190.32,0.03048,0.9392,0.8757,0.7449,0.2869,0,2026-06-15,0.23356638848781586,Low Risk,
CID00231,57,Retail,3,20,8,10,4097.43,260.18,46460.9,51512.34,0.01051,0.6291,0.2294,0.2845,0.4219,0,2026-06-15,0.0904260203242302,Low Risk,
CID00232,48,Retail,3,14,6,26,530.68,90.52,3121.15,2742.83,0.01343,0.7367,0.1077,0.1359,0.0653,0,2026-06-15,0.06564363837242126,Low Risk,
CID00233,42,Active Trader,39,117,15,60,66867.06,9607.0,331892.52,330858.42,8e-05,0.8051,0.2511,0.5348,0.3603,0,2026-06-15,0.06570027023553848,Low Risk,
CID00234,20,Retail,0,6,4,15,6568.89,1316.14,14851.92,12735.43,-0.00291,0.5508,0.0389,0.4639,0.3266,0,2026-06-15,0.20771795511245728,Low Risk,
CID00235,30,Active Trader,17,104,12,27,8973.6,4710.93,36815.11,33936.96,0.02368,0.593,0.0757,0.5253,0.7565,0,2026-06-15,0.09579524397850037,Low Risk,
CID00236,62,Retail,9,10,12,42,10971.83,1819.06,11108.05,7655.39,0.01206,0.6606,0.0858,0.2611,0.1279,0,2026-06-15,0.07983065396547318,Low Risk,
CID00237,18,Retail,10,28,1,5,872.45,338.39,1922.46,1785.96,-0.01021,0.6626,0.0181,0.4478,0.6135,0,2026-06-15,0.07487555593252182,Low Risk,
CID00238,104,HNI,0,5,7,22,2236060.02,26802.52,6168432.45,5561536.17,-0.02046,0.4062,0.1819,0.4516,0.2856,0,2026-06-15,0.09990617632865906,Low Risk,
CID00239,70,Retail,0,0,3,23,786.82,305.47,2643.45,1998.34,-0.00066,0.1203,0.3776,0.2014,0.0332,1,2026-06-15,0.17385737597942352,Low Risk,
CID00240,19,HNI,11,21,13,17,1383728.98,426767.5,576833.86,351215.4,-0.00434,0.3194,0.1223,0.8988,0.2513,0,2026-06-15,0.14722193777561188,Low Risk,
CID00241,46,Retail,0,4,9,12,54785.82,7322.97,210659.79,186270.81,-0.01198,0.1937,0.1065,0.0493,0.0096,1,2026-06-15,0.514922559261322,Medium Risk,
CID00242,49,Retail,1,3,1,9,3135.43,1653.79,16678.83,20285.36,-0.02144,0.5298,0.1809,0.0264,0.0138,0,2026-06-15,0.3612668812274933,Low Risk,
CID00243,29,Retail,0,1,0,13,26249.16,89.03,82459.81,84194.4,-0.03926,0.1711,0.5061,0.2047,0.1392,1,2026-06-15,0.30782103538513184,Low Risk,
CID00244,51,Retail,6,9,9,21,170926.3,24703.2,260723.86,246059.49,-0.00667,0.391,0.0312,0.3467,0.5119,0,2026-06-15,0.07195360213518143,Low Risk,
CID00245,95,Active Trader,54,232,23,100,5433.31,2672.66,94604.78,97406.57,0.03532,0.8053,0.3453,0.4196,0.0304,0,2026-06-15,0.2690478563308716,Low Risk,
CID00246,19,Retail,0,0,3,3,53163.66,13714.29,62356.95,43727.8,0.01408,0.7789,0.0536,0.7458,0.4174,1,2026-06-15,0.2309824526309967,Low Risk,
CID00247,77,HNI,0,25,5,26,214909.4,18470.61,2493965.89,2474086.91,-0.00357,0.1337,0.0984,0.2816,0.3138,0,2026-06-15,0.21279947459697723,Low Risk,
CID00248,63,Retail,0,0,2,24,422.43,153.62,3655.36,3489.52,0.02351,0.1528,0.0519,0.6207,0.2728,1,2026-06-15,0.13088910281658173,Low Risk,
CID00249,92,Retail,0,4,0,10,5990.0,751.39,1007.1,756.47,-0.02372,0.4909,0.0653,0.2423,0.1293,1,2026-06-15,0.10373596847057343,Low Risk,
CID00250,7,Retail,8,9,0,9,845.4,125.86,9215.14,6477.46,-0.00872,0.2968,0.3177,0.1239,0.4447,0,2026-06-15,0.35426342487335205,Low Risk,
CID00251,23,Retail,0,0,4,29,4349.59,1283.23,12445.23,10104.32,0.01082,0.7092,0.0652,0.7794,0.5521,0,2026-06-15,0.13809600472450256,Low Risk,
CID00252,43,Retail,2,32,7,22,126309.38,21050.98,203085.36,214089.55,-0.00905,0.2078,0.0722,0.5775,0.6434,0,2026-06-15,0.2352672964334488,Low Risk,
CID00253,64,Active Trader,21,100,22,59,5409.89,529.97,83986.64,64618.96,0.01808,0.3845,0.1333,0.2483,0.0677,0,2026-06-15,0.1897353082895279,Low Risk,
CID00254,34,HNI,3,11,1,13,7177406.2,1966701.06,12459201.81,11982113.69,6e-05,0.1678,0.0776,0.2931,0.1977,0,2026-06-15,0.14028598368167877,Low Risk,
CID00255,77,Retail,9,9,3,23,39581.09,17628.19,117439.49,113507.15,0.03955,0.7792,0.0572,0.171,0.0477,0,2026-06-15,0.07386980950832367,Low Risk,
CID00256,6,Active Trader,30,182,14,45,91469.26,26329.49,784615.8,807621.48,0.01475,0.727,0.1888,0.4984,0.516,0,2026-06-15,0.09028414636850357,Low Risk,
CID00257,136,Active Trader,9,44,6,33,43689.91,3665.99,70971.28,81475.13,0.01265,0.2389,0.3267,0.0848,0.0751,0,2026-06-15,0.320263534784317,Low Risk,
CID00258,50,Retail,3,6,0,19,5451.85,310.99,6928.2,7930.34,-0.01229,0.5001,0.1465,0.0891,0.0318,0,2026-06-15,0.1444469690322876,Low Risk,
CID00259,49,Active Trader,20,80,14,57,70871.45,21180.4,61729.65,47655.67,0.0042,0.4651,0.088,0.2566,0.0038,0,2026-06-15,0.28130024671554565,Low Risk,
CID00260,55,Active Trader,30,165,21,40,84573.54,13317.71,161721.86,161987.99,-0.00554,0.4623,0.1328,0.1929,0.0102,0,2026-06-15,0.15743958950042725,Low Risk,
CID00261,25,Retail,4,6,2,11,599.44,42.54,2615.27,2857.08,-0.02858,0.3009,0.1033,0.5783,0.799,0,2026-06-15,0.2396417260169983,Low Risk,
CID00262,15,Retail,2,3,1,3,49122.98,8907.01,10661.71,9505.64,-0.01468,0.4799,0.331,0.032,0.0251,0,2026-06-15,0.5491722226142883,Medium Risk,
CID00263,25,Retail,5,10,5,16,5565.34,2299.7,7274.51,7865.1,-0.01952,0.1914,0.1375,0.75,0.7247,0,2026-06-15,0.24071048200130463,Low Risk,
CID00264,38,Active Trader,43,122,12,35,7331.1,2087.53,38873.14,37735.99,0.00543,0.3011,0.6936,0.419,0.7193,0,2026-06-15,0.16070926189422607,Low Risk,
CID00265,96,HNI,7,7,12,20,67396.04,2130.08,1724116.75,1564382.92,-0.04075,0.4355,0.1327,0.1907,0.1225,0,2026-06-15,0.07589385658502579,Low Risk,
CID00266,53,HNI,9,12,4,16,828409.49,213503.28,3974722.22,3037799.63,0.00486,0.7433,0.0529,0.4188,0.1765,0,2026-06-15,0.10351143032312393,Low Risk,
CID00267,60,Retail,0,0,3,21,3383.31,360.19,12427.31,11078.66,0.00607,0.7515,0.2429,0.0802,0.0063,0,2026-06-15,0.1639942228794098,Low Risk,
CID00268,38,HNI,7,38,6,15,88708.76,13012.25,154877.39,139643.27,0.00571,0.4374,0.0455,0.5873,0.224,0,2026-06-15,0.11578383296728134,Low Risk,
CID00269,77,Retail,1,1,5,7,2329.51,492.64,6796.62,6236.35,-0.00086,0.4642,0.1139,0.179,0.1346,0,2026-06-15,0.1885821521282196,Low Risk,
CID00270,104,Active Trader,8,27,7,55,5745.66,1186.09,13030.3,14291.33,-0.01972,0.3043,0.4814,0.6348,0.3019,0,2026-06-15,0.23333069682121277,Low Risk,
CID00271,71,Retail,0,28,1,28,1166.21,103.1,6538.02,5097.35,-0.01757,0.1624,0.0342,0.1146,0.2763,0,2026-06-15,0.30672407150268555,Low Risk,
CID00272,23,Active Trader,28,131,22,57,39198.76,17676.85,75681.98,86060.53,-0.02713,0.482,0.0628,0.4819,0.4093,0,2026-06-15,0.14240650832653046,Low Risk,
CID00273,80,Active Trader,9,137,4,29,300651.76,294922.36,1274675.87,1548652.28,0.02696,0.6923,0.3582,0.6814,0.0413,0,2026-06-15,0.05195212736725807,Low Risk,
CID00274,55,Retail,0,2,8,21,19847.03,4307.25,100796.32,64131.1,-0.01215,0.2594,0.1035,0.2073,0.0253,0,2026-06-15,0.5419278144836426,Medium Risk,
CID00275,38,Active Trader,21,84,17,66,110562.48,63712.35,123501.77,127045.97,-0.01442,0.3501,0.0996,0.0503,0.1138,0,2026-06-15,0.09970320016145706,Low Risk,
CID00276,66,Retail,0,4,2,7,97889.43,3137.28,116530.83,143831.14,-0.03984,0.16,0.2996,0.2427,0.0828,1,2026-06-15,0.3039495646953583,Low Risk,
CID00277,27,Retail,2,10,0,19,740.8,97.48,1969.21,1948.46,-0.00721,0.4445,0.166,0.2988,0.1926,0,2026-06-15,0.05430503189563751,Low Risk,
CID00278,31,Retail,0,5,2,8,28872.84,4518.35,64820.6,59985.76,0.00992,0.5689,0.1027,0.5277,0.3093,0,2026-06-15,0.0872255191206932,Low Risk,
CID00279,110,Retail,5,5,2,5,21515.46,2160.18,14219.11,12782.47,0.02454,0.7043,0.1184,0.191,0.2411,0,2026-06-15,0.15574361383914948,Low Risk,
CID00280,28,Retail,0,1,7,19,2891.62,1370.82,21494.31,22016.81,-0.00584,0.3969,0.0395,0.0299,0.007,0,2026-06-15,0.3222079873085022,Low Risk,
CID00281,50,Retail,3,4,2,8,44099.5,1299.05,51297.93,49102.22,-0.01294,0.6599,0.1336,0.3593,0.2935,0,2026-06-15,0.1518576443195343,Low Risk,
CID00282,37,HNI,0,14,2,6,921705.94,246812.54,1275791.35,1248483.01,0.01032,0.4667,0.0896,0.0524,0.1804,0,2026-06-15,0.11125750094652176,Low Risk,
CID00283,77,Active Trader,120,247,21,50,31742.62,19077.45,643065.61,717332.96,0.01331,0.6818,0.3426,0.4861,0.3566,0,2026-06-15,0.09855706244707108,Low Risk,
CID00284,56,Retail,1,21,1,25,2821.47,297.9,16311.16,18061.34,-0.0051,0.4558,0.1595,0.2842,0.3633,0,2026-06-15,0.07090611755847931,Low Risk,
CID00285,24,Retail,1,3,10,16,758.8,380.77,16349.63,19227.15,-0.04457,0.2341,0.0336,0.1201,0.072,0,2026-06-15,0.49036332964897156,Medium Risk,
CID00286,47,Retail,4,5,3,9,1644.6,939.7,5311.64,6405.19,-0.03709,0.4373,0.0363,0.3465,0.0073,0,2026-06-15,0.15454454720020294,Low Risk,
CID00287,61,HNI,2,10,4,21,3373939.38,808581.3,3175888.33,3364073.36,-0.01813,0.1,0.0446,0.0658,0.259,0,2026-06-15,0.19380150735378265,Low Risk,
CID00288,39,Retail,1,1,9,28,1474.67,233.02,4322.94,3378.39,-0.04738,0.4274,0.053,0.7374,0.3248,0,2026-06-15,0.1585841178894043,Low Risk,
CID00289,76,Active Trader,62,108,21,48,4321.73,2854.66,44608.57,37892.41,-0.01187,0.7542,0.0809,0.2094,0.0288,0,2026-06-15,0.19121891260147095,Low Risk,
CID00290,43,Retail,4,7,1,10,57510.32,27539.12,21383.18,21200.97,-0.00963,0.4694,0.1108,0.2208,0.4061,0,2026-06-15,0.14119137823581696,Low Risk,
CID00291,96,Retail,4,5,1,3,20701.4,1843.29,39007.85,35651.48,0.01406,0.7113,0.1005,0.2248,0.1151,0,2026-06-15,0.21605592966079712,Low Risk,
CID00292,69,Active Trader,17,145,13,38,86617.79,27599.34,104408.58,83939.39,0.01516,0.4078,0.5017,0.5855,0.3309,0,2026-06-15,0.20040325820446014,Low Risk,
CID00293,96,Active Trader,66,168,18,66,15003.17,3970.64,818929.15,502445.09,-0.02922,0.0746,0.1071,0.2845,0.0881,0,2026-06-15,0.35641294717788696,Low Risk,
CID00294,81,HNI,0,39,12,24,628610.1,309916.96,5452728.84,5568670.13,-0.00063,0.1828,0.1225,0.4782,0.4413,0,2026-06-15,0.08567942678928375,Low Risk,
CID00295,34,Active Trader,10,141,15,39,9070.11,956.54,74654.24,54685.1,0.01102,0.5842,0.1292,0.6311,0.0605,0,2026-06-15,0.0969095230102539,Low Risk,
CID00296,79,Active Trader,31,139,8,45,10639.01,6017.63,17494.77,14045.61,-0.02044,0.076,0.1642,0.2583,0.2138,0,2026-06-15,0.1696048378944397,Low Risk,
CID00297,89,Retail,0,3,5,22,351.1,150.26,1992.94,2011.41,0.01977,0.8094,0.0503,0.6675,0.5077,0,2026-06-15,0.056352172046899796,Low Risk,
CID00298,21,Retail,5,9,2,15,1065.57,471.54,14285.6,15575.74,0.01555,0.5354,0.2147,0.0536,0.114,0,2026-06-15,0.21658383309841156,Low Risk,
CID00299,43,Retail,0,3,5,10,1805.7,76.27,42935.45,43596.82,0.01667,0.4246,0.1441,0.3901,0.4668,0,2026-06-15,0.17195099592208862,Low Risk,
CID00300,40,Retail,1,5,3,11,1633.64,140.4,5594.82,4679.9,-0.01111,0.7237,0.1125,0.7982,0.1127,1,2026-06-15,0.2291092574596405,Low Risk,
CID00301,45,Retail,8,8,3,20,2625.13,402.55,1765.77,1784.71,-0.00541,0.3419,0.2823,0.1882,0.0526,0,2026-06-15,0.06148632615804672,Low Risk,
CID00302,36,Active Trader,14,95,14,56,97920.15,34484.36,33244.57,32627.05,-0.00831,0.8637,0.0685,0.1878,0.0311,0,2026-06-15,0.21426479518413544,Low Risk,
CID00303,52,Retail,0,42,7,20,1399.8,195.18,13889.78,13510.79,-0.0201,0.4417,0.1475,0.2047,0.2398,0,2026-06-15,0.12300317734479904,Low Risk,
CID00304,47,Active Trader,42,74,18,42,56852.67,19571.8,105671.74,81077.87,0.03588,0.6476,0.2201,0.3033,0.1225,0,2026-06-15,0.12690652906894684,Low Risk,
CID00305,61,Retail,1,1,2,23,6874.66,1004.49,8650.56,7452.87,-0.00468,0.0556,0.0761,0.4787,0.1227,0,2026-06-15,0.23590043187141418,Low Risk,
CID00306,53,HNI,7,35,7,30,3859750.46,383336.37,20002026.83,18616521.56,-0.04248,0.0862,0.2589,0.3202,0.1602,0,2026-06-15,0.11403549462556839,Low Risk,
CID00307,69,HNI,11,33,14,50,1239706.03,204719.08,7233951.79,7863798.88,0.00152,0.3818,0.2295,0.4918,0.4411,0,2026-06-15,0.13420286774635315,Low Risk,
CID00308,33,Retail,0,1,2,9,744.8,188.8,5519.78,4598.07,0.00947,0.5296,0.1464,0.6475,0.4755,1,2026-06-15,0.08690782636404037,Low Risk,
CID00309,73,HNI,0,1,4,23,375029.42,252511.71,441184.34,456072.39,0.01997,0.5992,0.1523,0.107,0.0965,0,2026-06-15,0.05000147223472595,Low Risk,
CID00310,84,Active Trader,26,115,6,52,14406.87,10266.94,114792.04,115023.84,0.01533,0.5018,0.0155,0.0037,0.0116,0,2026-06-15,0.185632586479187,Low Risk,
CID00311,45,Retail,0,24,0,5,999.38,253.23,10622.9,7366.54,0.02638,0.5599,0.4098,0.2606,0.1729,0,2026-06-15,0.21998468041419983,Low Risk,
CID00312,11,Active Trader,21,161,13,28,10353.79,4545.47,66332.13,62300.18,0.00214,0.6477,0.1766,0.6611,0.4159,0,2026-06-15,0.06291842460632324,Low Risk,
CID00313,81,Active Trader,21,47,14,23,42732.27,16396.14,221115.59,251809.79,0.00128,0.2383,0.0473,0.0906,0.0245,0,2026-06-15,0.29226574301719666,Low Risk,
CID00314,99,Active Trader,4,142,9,42,285318.4,93929.26,228550.95,193777.98,0.02701,0.4443,0.9,0.5723,0.1285,0,2026-06-15,0.09841401129961014,Low Risk,
CID00315,94,Retail,5,6,9,18,2685.53,13.25,4359.55,4172.44,0.03989,0.606,0.0666,0.2501,0.0445,0,2026-06-15,0.07555519789457321,Low Risk,
CID00316,86,Active Trader,10,134,9,35,560858.47,129325.23,269078.66,294184.7,0.00981,0.4069,0.1324,0.5646,0.2538,0,2026-06-15,0.057284120470285416,Low Risk,
CID00317,85,Retail,1,4,3,13,702.05,146.39,2942.16,2454.99,-0.00869,0.8108,0.187,0.6334,0.556,0,2026-06-15,0.07807387411594391,Low Risk,
CID00318,10,Retail,7,10,7,18,3048.03,175.47,7410.7,8238.13,0.01005,0.6306,0.0205,0.6005,0.4548,0,2026-06-15,0.02792065404355526,Low Risk,
CID00319,19,Retail,4,11,5,7,1741.77,506.78,1144.4,899.88,0.05613,0.6175,0.2338,0.357,0.2145,0,2026-06-15,0.20453745126724243,Low Risk,
CID00320,30,Retail,0,4,6,20,17168.98,4465.73,90936.8,99014.42,0.01389,0.653,0.0188,0.546,0.064,0,2026-06-15,0.18049292266368866,Low Risk,
CID00321,37,Retail,8,19,6,11,21231.29,5410.49,131307.17,125194.65,0.02152,0.8451,0.218,0.6068,0.4209,0,2026-06-15,0.11118049919605255,Low Risk,
CID00322,16,Retail,3,20,6,26,1064.93,1058.57,1031.43,820.44,-0.00032,0.2499,0.0523,0.1165,0.4204,0,2026-06-15,0.10350294411182404,Low Risk,
CID00323,73,HNI,4,9,1,34,951551.07,508820.66,3005182.39,3167764.28,0.00412,0.8009,0.0683,0.3838,0.093,0,2026-06-15,0.03286575898528099,Low Risk,
CID00324,14,Retail,1,4,3,18,26538.79,7648.73,39874.92,44797.5,-0.02258,0.1907,0.1428,0.7066,0.7136,0,2026-06-15,0.23821638524532318,Low Risk,
CID00325,75,Active Trader,38,288,12,55,38435.25,11615.84,101825.24,97067.55,0.02053,0.5459,0.0238,0.6126,0.5782,0,2026-06-15,0.09277644008398056,Low Risk,
CID00326,47,Retail,7,7,4,23,36360.61,14902.58,105034.92,113996.66,-0.01307,0.4385,0.0708,0.6647,0.5916,0,2026-06-15,0.10521727800369263,Low Risk,
CID00327,39,Retail,0,1,6,23,18888.86,3532.73,38407.7,28754.24,-0.00345,0.4708,0.1984,0.0696,0.1442,0,2026-06-15,0.30242109298706055,Low Risk,
CID00328,13,Retail,1,10,6,14,473.26,44.56,4418.7,4680.05,-0.02324,0.067,0.2639,0.5666,0.2935,0,2026-06-15,0.3513849973678589,Low Risk,
CID00329,65,Retail,0,1,1,6,3111.98,156.82,2018.9,1806.0,-0.0096,0.4405,0.0057,0.5409,0.3851,0,2026-06-15,0.09222158044576645,Low Risk,
CID00330,16,Retail,0,13,0,10,1441.53,276.52,2018.56,2011.8,-0.0172,0.6976,0.1135,0.0852,0.0087,1,2026-06-15,0.16780860722064972,Low Risk,
CID00331,58,Active Trader,23,103,7,30,3598.29,394.86,80055.26,72410.53,0.02697,0.8433,0.0437,0.0282,0.0693,0,2026-06-15,0.10619346052408218,Low Risk,
CID00332,74,Retail,9,14,7,8,748.45,318.44,3928.48,3855.27,0.00518,0.4536,0.4601,0.0372,0.1133,0,2026-06-15,0.15181699395179749,Low Risk,
CID00333,32,Retail,2,2,1,8,9180.49,1058.87,26823.72,27737.82,0.00901,0.6378,0.0324,0.4531,0.1792,0,2026-06-15,0.1821879893541336,Low Risk,
CID00334,57,HNI,4,41,1,13,1051587.08,141755.92,1738652.42,1796148.43,0.01663,0.3741,0.0289,0.7115,0.6737,0,2026-06-15,0.1742078959941864,Low Risk,
CID00335,13,Retail,0,12,6,8,473.66,115.12,4810.56,3625.62,-0.02786,0.573,0.0801,0.2337,0.134,1,2026-06-15,0.22658538818359375,Low Risk,
CID00336,71,Retail,4,4,0,32,2656.62,809.81,34821.77,33627.6,-0.01438,0.3328,0.192,0.0184,0.0755,1,2026-06-15,0.3030848205089569,Low Risk,
CID00337,73,HNI,9,16,4,29,277833.46,29342.24,697582.5,624320.4,-0.02765,0.5363,0.0993,0.6646,0.4998,0,2026-06-15,0.04139881581068039,Low Risk,
CID00338,90,Retail,10,10,0,8,671.68,210.79,5546.44,5665.08,0.00497,0.4864,0.2738,0.4038,0.0429,0,2026-06-15,0.10409380495548248,Low Risk,
CID00339,61,Active Trader,15,234,20,60,102416.16,19779.79,153828.18,141640.64,0.00487,0.5855,0.0815,0.4708,0.1137,0,2026-06-15,0.18683910369873047,Low Risk,
CID00340,93,Retail,6,10,0,7,6048.14,1279.5,11331.07,12831.54,-0.00658,0.5918,0.0836,0.2172,0.0101,0,2026-06-15,0.13861973583698273,Low Risk,
CID00341,79,Retail,2,3,1,17,5761.13,1164.5,10217.64,8013.73,-0.02991,0.0778,0.0774,0.4189,0.0861,0,2026-06-15,0.28703925013542175,Low Risk,
CID00342,17,Retail,0,3,3,14,424.98,118.64,2583.81,2328.55,0.02109,0.3208,0.0382,0.7242,0.5674,1,2026-06-15,0.13034296035766602,Low Risk,
CID00343,26,Retail,0,0,4,18,2948.48,331.85,9918.02,9826.41,0.02426,0.4934,0.0899,0.5651,0.1172,0,2026-06-15,0.15500947833061218,Low Risk,
CID00344,128,Active Trader,22,83,13,58,114687.5,11223.69,639741.35,509467.84,-0.02218,0.3371,0.2242,0.151,0.0989,0,2026-06-15,0.2411913424730301,Low Risk,
CID00345,124,Active Trader,50,136,9,48,2374.91,869.5,11908.77,12977.23,-0.01017,0.3938,0.3378,0.3029,0.1825,0,2026-06-15,0.2521461248397827,Low Risk,
CID00346,57,Retail,7,13,2,11,17393.36,3793.04,29897.6,28651.35,-0.0029,0.3809,0.1219,0.3467,0.0252,0,2026-06-15,0.1513814926147461,Low Risk,
CID00347,66,Active Trader,15,38,12,58,89800.09,19937.96,87095.98,88009.45,0.01711,0.8856,0.0774,0.1179,0.2182,0,2026-06-15,0.14205217361450195,Low Risk,
CID00348,61,Retail,0,0,3,24,10185.93,2131.26,74773.57,84007.54,-0.01949,0.2439,0.0666,0.4692,0.5953,1,2026-06-15,0.25722429156303406,Low Risk,
CID00349,19,Retail,2,3,3,6,10995.96,1029.48,48550.5,42433.82,0.01948,0.7414,0.1123,0.6399,0.9178,0,2026-06-15,0.08688317239284515,Low Risk,
CID00350,51,Retail,0,22,0,6,41590.88,6808.53,64553.03,46585.36,-0.01654,0.407,0.0281,0.4867,0.6607,0,2026-06-15,0.16841645538806915,Low Risk,
CID00351,55,Retail,1,6,6,25,17381.33,696.18,85044.5,103094.49,-0.01509,0.1464,0.3364,0.3167,0.331,0,2026-06-15,0.21691684424877167,Low Risk,
CID00352,43,Retail,0,0,2,24,6853.85,359.73,14877.28,8723.87,-0.01098,0.0686,0.2135,0.0652,0.1298,0,2026-06-15,0.5421224236488342,Medium Risk,
CID00353,21,Retail,0,22,10,26,1077.56,125.89,4165.1,4609.5,0.01649,0.6218,0.0524,0.1277,0.0102,0,2026-06-15,0.21113359928131104,Low Risk,
CID00354,66,Retail,0,0,4,12,19957.53,3433.05,15603.58,14888.77,0.0239,0.4424,0.0112,0.3554,0.4056,0,2026-06-15,0.12760543823242188,Low Risk,
CID00355,96,Retail,2,2,6,18,6821.78,981.79,38348.74,30452.74,0.00705,0.4651,0.0176,0.1378,0.0772,0,2026-06-15,0.1514173150062561,Low Risk,
CID00356,80,Retail,1,21,4,20,2909.33,53.65,7311.12,5841.64,0.01452,0.834,0.1164,0.263,0.1148,0,2026-06-15,0.1014138013124466,Low Risk,
CID00357,63,HNI,1,12,10,24,1096037.26,678230.01,983943.87,1015249.09,-0.01171,0.5883,0.1671,0.8394,0.4389,0,2026-06-15,0.025150733068585396,Low Risk,
CID00358,31,Retail,0,4,3,9,3589.28,1778.88,99619.1,78689.95,0.00857,0.8302,0.1579,0.5395,0.0768,0,2026-06-15,0.22810614109039307,Low Risk,
CID00359,22,Retail,0,0,3,3,1552.29,171.8,4121.73,3819.28,-0.00402,0.1468,0.2457,0.8377,0.67,1,2026-06-15,0.20817573368549347,Low Risk,
CID00360,18,Retail,6,6,5,9,1792.93,1408.51,19793.14,18920.46,-0.00353,0.0701,0.1945,0.2348,0.3933,0,2026-06-15,0.15299369394779205,Low Risk,
CID00361,54,Active Trader,37,167,10,28,15999.66,1043.45,76902.37,83490.22,-0.03329,0.0947,0.1663,0.1109,0.1074,0,2026-06-15,0.2338690608739853,Low Risk,
CID00362,54,Active Trader,55,120,5,38,7200.24,10.55,48015.01,47574.42,0.02006,0.7435,0.0089,0.1299,0.093,0,2026-06-15,0.04347663000226021,Low Risk,
CID00363,34,Active Trader,57,122,8,26,28814.21,6378.64,176635.06,171550.32,-0.00832,0.7284,0.2085,0.3874,0.2238,0,2026-06-15,0.13016153872013092,Low Risk,
CID00364,36,Retail,2,3,4,22,415.23,130.2,6186.38,5845.75,-0.0038,0.6012,0.0953,0.0345,0.0785,0,2026-06-15,0.1742696911096573,Low Risk,
CID00365,43,Retail,0,0,1,8,6464.57,2074.44,15473.33,15964.36,0.01039,0.1518,0.2007,0.6461,0.4174,0,2026-06-15,0.1723056137561798,Low Risk,
CID00366,62,Retail,0,7,3,12,36631.85,23696.24,54422.32,68221.06,-0.00662,0.742,0.0405,0.1945,0.0542,0,2026-06-15,0.07606222480535507,Low Risk,
CID00367,30,Retail,0,14,1,12,9096.5,4335.62,50634.94,47121.65,0.02322,0.5354,0.0804,0.3391,0.0867,0,2026-06-15,0.10023663938045502,Low Risk,
CID00368,120,Active Trader,28,45,7,46,84890.36,33005.55,498466.81,489926.96,0.00547,0.6933,0.131,0.0827,0.008,0,2026-06-15,0.17373105883598328,Low Risk,
CID00369,46,Retail,0,1,6,28,1859.52,708.04,29115.08,24820.85,0.00143,0.7266,0.1093,0.2366,0.1093,0,2026-06-15,0.16381333768367767,Low Risk,
CID00370,29,Retail,0,3,6,12,3698.68,2237.62,6010.88,3854.68,0.01263,0.2439,0.1338,0.4239,0.0305,0,2026-06-15,0.3354495167732239,Low Risk,
CID00371,122,Active Trader,63,197,12,49,1671.51,54.86,25692.48,25955.25,0.00331,0.5957,0.1032,0.5798,0.5428,0,2026-06-15,0.054535772651433945,Low Risk,
CID00372,4,Retail,0,0,6,6,1365.7,571.29,4198.65,3953.82,-0.01477,0.335,0.0167,0.5309,0.265,1,2026-06-15,0.3087581992149353,Low Risk,
CID00373,28,Retail,0,15,2,7,5803.15,808.13,63776.53,63835.13,-0.00206,0.7445,0.3297,0.4893,0.358,0,2026-06-15,0.12128941714763641,Low Risk,
CID00374,29,Retail,0,2,8,31,102202.43,18272.29,78369.68,95178.25,0.01286,0.5703,0.1812,0.3089,0.3841,0,2026-06-15,0.07914060354232788,Low Risk,
CID00375,75,Retail,1,3,6,38,3797.82,690.18,7999.47,7923.08,-0.03955,0.5935,0.0409,0.1152,0.2967,0,2026-06-15,0.09308378398418427,Low Risk,
CID00376,68,HNI,19,22,9,45,440380.1,209348.57,972328.25,803224.59,-0.0092,0.4728,0.0579,0.6502,0.7882,0,2026-06-15,0.058730367571115494,Low Risk,
CID00377,26,Active Trader,33,116,20,64,32664.82,9096.62,86723.48,75671.82,-0.01716,0.7575,0.0341,0.3059,0.1768,0,2026-06-15,0.22333306074142456,Low Risk,
CID00378,42,Retail,0,17,1,8,7094.23,846.37,10200.98,10893.87,0.01166,0.779,0.0718,0.244,0.2707,0,2026-06-15,0.1329096555709839,Low Risk,
CID00379,21,Active Trader,40,97,8,27,115160.15,106964.23,224455.92,191152.83,-0.01182,0.6234,0.2786,0.4477,0.5382,0,2026-06-15,0.1211196556687355,Low Risk,
CID00380,58,Retail,0,1,1,5,1910.52,601.77,17553.86,18465.4,0.01249,0.4908,0.0407,0.6036,0.2886,1,2026-06-15,0.12232618033885956,Low Risk,
CID00381,20,Retail,1,2,5,14,37677.4,6021.15,28616.11,25208.58,-0.02128,0.6697,0.11,0.5143,0.0529,1,2026-06-15,0.3392283320426941,Low Risk,
CID00382,106,HNI,14,18,3,12,180137.22,53614.27,1548019.21,1607852.94,-0.00639,0.4203,0.123,0.2391,0.0782,0,2026-06-15,0.09031728655099869,Low Risk,
CID00383,15,Retail,6,8,8,28,559.06,404.21,4249.62,3779.67,-0.00869,0.4954,0.4924,0.4955,0.3087,0,2026-06-15,0.1255771815776825,Low Risk,
CID00384,35,Retail,2,8,5,10,633.82,134.86,3684.57,4103.63,-0.00816,0.2981,0.0875,0.2351,0.3039,0,2026-06-15,0.25110334157943726,Low Risk,
CID00385,39,Active Trader,18,27,21,55,11435.51,3425.57,57327.16,64760.1,0.00675,0.6525,0.2536,0.0301,0.0231,0,2026-06-15,0.25015026330947876,Low Risk,
CID00386,18,Retail,1,1,1,21,35766.15,6525.78,146007.35,161278.01,-0.03213,0.1002,0.1043,0.2702,0.3301,0,2026-06-15,0.29308393597602844,Low Risk,
CID00387,22,Retail,0,21,2,18,18118.3,1246.39,44077.88,41370.03,-0.00406,0.2882,0.1599,0.1885,0.251,0,2026-06-15,0.2797253429889679,Low Risk,
CID00388,57,Active Trader,35,228,12,68,9939.01,877.87,93965.71,85579.84,-0.04306,0.3183,0.3374,0.0195,0.0414,0,2026-06-15,0.3660370707511902,Low Risk,
CID00389,167,HNI,0,10,1,21,5907.86,1226.94,43761.5,39742.23,0.0154,0.5327,0.0267,0.1292,0.5027,0,2026-06-15,0.1081395074725151,Low Risk,
CID00390,37,Retail,0,49,6,17,105138.27,39997.19,111065.35,122020.95,0.03244,0.521,0.2332,0.1228,0.1574,0,2026-06-15,0.11278518289327621,Low Risk,
CID00391,42,Active Trader,37,128,13,30,316739.6,123799.4,323727.98,206251.44,-0.00991,0.6558,0.0355,0.5593,0.7062,0,2026-06-15,0.08199606090784073,Low Risk,
CID00392,50,Retail,10,11,1,17,2264.13,149.45,5829.72,5584.71,-0.00108,0.2728,0.0088,0.1965,0.0604,0,2026-06-15,0.16294434666633606,Low Risk,
CID00393,117,Active Trader,50,274,8,60,77123.5,3419.83,262132.31,299284.89,-0.00272,0.3072,0.2168,0.1835,0.6779,0,2026-06-15,0.11464731395244598,Low Risk,
CID00394,14,Retail,2,7,5,16,4674.4,243.15,14074.37,10815.44,0.01672,0.4992,0.2627,0.5344,0.5211,0,2026-06-15,0.12016715854406357,Low Risk,
CID00395,8,Active Trader,36,127,15,44,9836.25,22.03,27655.74,22104.32,0.00646,0.4211,0.1506,0.6249,0.4418,0,2026-06-15,0.08640137314796448,Low Risk,
CID00396,40,Retail,3,4,0,2,4407.8,1524.31,56323.45,37686.57,-0.00463,0.363,0.0338,0.0713,0.1056,0,2026-06-15,0.3022633194923401,Low Risk,
CID00397,34,Retail,0,4,2,6,2973.77,188.43,18757.64,17302.98,0.01296,0.7736,0.0894,0.6601,0.065,0,2026-06-15,0.12238039076328278,Low Risk,
CID00398,13,Retail,4,12,2,16,7004.96,2524.94,61481.8,59822.62,0.01706,0.5875,0.1356,0.4592,0.0491,0,2026-06-15,0.08767490088939667,Low Risk,
CID00399,24,Retail,0,0,7,15,4283.48,477.93,14366.54,14253.04,0.01159,0.5535,0.2364,0.4714,0.2452,1,2026-06-15,0.11539717018604279,Low Risk,
CID00400,41,Active Trader,48,101,23,68,13111.89,4548.01,58991.85,55727.79,0.00219,0.6781,0.066,0.2889,0.2598,0,2026-06-15,0.09743179380893707,Low Risk,
CID00401,86,Active Trader,30,85,9,57,45928.52,7153.5,245478.34,234688.75,0.01789,0.6179,0.2363,0.2818,0.3747,0,2026-06-15,0.12375089526176453,Low Risk,
CID00402,94,Active Trader,24,114,7,29,46279.92,4098.43,101139.76,91445.05,-0.01904,0.2828,0.0849,0.3046,0.1193,0,2026-06-15,0.26394814252853394,Low Risk,
CID00403,34,Active Trader,11,286,13,49,24458.25,7650.86,72089.66,79478.26,0.00207,0.292,0.0453,0.0489,0.0358,0,2026-06-15,0.35132482647895813,Low Risk,
CID00404,49,HNI,4,11,12,31,59927.06,8092.6,217821.62,192950.88,-0.01534,0.3362,0.5363,0.1489,0.0107,0,2026-06-15,0.2353639453649521,Low Risk,
CID00405,18,Retail,3,6,3,22,23447.67,545.56,28138.36,24164.11,0.00981,0.5531,0.1357,0.6425,0.2193,0,2026-06-15,0.04027475044131279,Low Risk,
CID00406,41,Retail,2,8,1,13,28448.25,2624.07,64338.68,52249.89,-0.02823,0.6049,0.4006,0.2423,0.0186,0,2026-06-15,0.275566041469574,Low Risk,
CID00407,121,Active Trader,51,104,19,43,107400.53,44876.84,421343.09,444881.67,-0.00171,0.4604,0.8672,0.5989,0.7812,0,2026-06-15,0.07740934193134308,Low Risk,
CID00408,36,Retail,1,2,3,27,4025.77,2212.94,10656.9,11500.85,-0.01416,0.02,0.1243,0.0323,0.0407,0,2026-06-15,0.2868446707725525,Low Risk,
CID00409,25,Retail,0,2,4,23,118175.15,56915.58,99905.68,89396.8,0.03536,0.8936,0.1758,0.4725,0.0267,0,2026-06-15,0.2231741100549698,Low Risk,
CID00410,82,HNI,4,15,5,19,233837.19,179551.75,1145485.73,1007986.02,-0.02976,0.3094,0.245,0.6527,0.3816,0,2026-06-15,0.06667207181453705,Low Risk,
CID00411,54,Retail,0,4,12,29,675.02,370.37,4725.89,5274.24,-0.02487,0.0419,0.0657,0.1246,0.2045,0,2026-06-15,0.21235765516757965,Low Risk,
CID00412,42,Retail,0,5,8,14,10074.94,4055.83,10639.07,8387.05,-0.01951,0.4724,0.0869,0.0879,0.1842,0,2026-06-15,0.3240894079208374,Low Risk,
CID00413,73,Active Trader,12,26,19,56,47477.16,18784.98,80764.59,71641.68,0.01282,0.4033,0.0923,0.5618,0.1669,0,2026-06-15,0.13174624741077423,Low Risk,
CID00414,101,Retail,0,1,5,24,310.19,146.64,4995.95,4795.99,0.01314,0.7027,0.1038,0.1871,0.3543,0,2026-06-15,0.05779963359236717,Low Risk,
CID00415,57,Retail,8,44,6,8,2682.01,807.75,13170.37,14895.59,-0.00422,0.324,0.0848,0.1535,0.0235,0,2026-06-15,0.31038108468055725,Low Risk,
CID00416,4,Retail,0,0,2,20,938.97,101.54,5123.72,3880.66,0.001,0.6352,0.2915,0.8445,0.2504,0,2026-06-15,0.09781217575073242,Low Risk,
CID00417,103,Active Trader,6,120,1,42,19221.41,4892.97,97069.9,114692.05,-0.01658,0.1408,0.1691,0.4274,0.7338,0,2026-06-15,0.17379465699195862,Low Risk,
CID00418,29,Retail,1,2,2,7,7645.92,3130.8,31560.44,33221.12,0.02335,0.3959,0.1362,0.13,0.1244,0,2026-06-15,0.19633495807647705,Low Risk,
CID00419,52,Retail,1,1,4,4,66033.2,44232.24,48865.58,39620.23,-0.00783,0.7735,0.021,0.4947,0.5561,1,2026-06-15,0.2070707231760025,Low Risk,
CID00420,70,HNI,1,15,13,41,303069.22,18940.77,811304.08,610303.64,-0.01753,0.2728,0.0516,0.2334,0.1241,0,2026-06-15,0.3287881910800934,Low Risk,
CID00421,32,Active Trader,55,64,7,42,38454.63,20485.57,58299.97,50850.67,-0.01397,0.2753,0.5218,0.011,0.096,0,2026-06-15,0.39363229274749756,Low Risk,
CID00422,50,Retail,3,8,4,5,1745.89,1466.05,3263.07,2293.82,0.00327,0.6992,0.1093,0.346,0.203,0,2026-06-15,0.13109855353832245,Low Risk,
CID00423,46,Retail,0,4,3,7,23993.27,7591.51,157387.18,135681.37,0.06398,0.3426,0.0806,0.7976,0.5475,0,2026-06-15,0.1921655237674713,Low Risk,
CID00424,40,Retail,0,0,2,3,1315.75,226.59,1257.29,676.34,0.02994,0.8315,0.1129,0.731,0.5249,1,2026-06-15,0.10956013202667236,Low Risk,
CID00425,15,Retail,0,0,3,26,5897.19,36.07,7354.85,7544.1,0.00141,0.584,0.2519,0.6365,0.6183,0,2026-06-15,0.05408712103962898,Low Risk,
CID00426,43,Retail,17,26,6,12,1805.53,509.73,9540.86,9953.06,-0.00242,0.239,0.4784,0.5234,0.3945,0,2026-06-15,0.22108763456344604,Low Risk,
CID00427,49,Retail,4,4,1,9,4143.31,1230.03,29375.21,18400.99,0.0111,0.6641,0.0519,0.7399,0.7948,0,2026-06-15,0.1473468691110611,Low Risk,
CID00428,79,Retail,0,1,7,29,10057.94,7765.96,62717.58,77609.07,-0.00611,0.4867,0.1109,0.2028,0.0716,0,2026-06-15,0.09998428821563721,Low Risk,
CID00429,56,Retail,1,1,5,12,15519.67,2479.12,12648.58,14784.19,0.03208,0.8728,0.1302,0.1873,0.0929,0,2026-06-15,0.16453450918197632,Low Risk,
CID00430,54,Retail,7,24,7,9,1049.44,113.8,3321.95,2415.56,-0.01856,0.2241,0.3941,0.3058,0.3821,0,2026-06-15,0.37545183300971985,Low Risk,
CID00431,23,Active Trader,9,141,18,72,145164.72,21325.89,726358.23,485602.96,0.00126,0.5766,0.0829,0.6092,0.1968,0,2026-06-15,0.11644874513149261,Low Risk,
CID00432,53,Retail,0,0,0,12,2246.15,611.86,5853.69,5864.33,0.00066,0.6157,0.1228,0.8281,0.6664,0,2026-06-15,0.11273088306188583,Low Risk,
CID00433,53,Active Trader,19,170,9,41,22927.94,837.54,148590.4,115399.12,-0.00681,0.2988,0.56,0.5116,0.0344,1,2026-06-15,0.3077845573425293,Low Risk,
CID00434,122,HNI,0,26,4,15,558578.36,287860.54,8240560.39,7155472.4,0.00543,0.6461,0.053,0.0837,0.0294,0,2026-06-15,0.19715505838394165,Low Risk,
CID00435,68,Retail,2,10,3,26,2029.93,607.49,8046.44,6331.41,0.0089,0.6785,0.0753,0.5152,0.6544,0,2026-06-15,0.07197414338588715,Low Risk,
CID00436,23,Retail,9,9,5,29,3217.64,1150.59,27154.13,31941.5,0.00295,0.3227,0.3754,0.0195,0.1035,0,2026-06-15,0.2342052012681961,Low Risk,
CID00437,48,Retail,0,10,7,7,1994.64,79.38,8726.66,7500.05,0.00556,0.2999,0.0835,0.0235,0.1726,0,2026-06-15,0.3664390742778778,Low Risk,
CID00438,24,Retail,0,2,5,21,41073.68,10498.16,54901.05,49367.93,-0.01106,0.3063,0.0156,0.147,0.0861,0,2026-06-15,0.3593561053276062,Low Risk,
CID00439,30,Active Trader,32,104,20,72,19713.25,10749.36,15346.44,13560.61,0.02211,0.7011,0.0511,0.4584,0.2536,0,2026-06-15,0.09524453431367874,Low Risk,
CID00440,151,HNI,0,37,3,13,1619268.85,456697.84,6125470.36,5974237.52,0.02403,0.5989,0.0703,0.1504,0.2162,0,2026-06-15,0.12849748134613037,Low Risk,
CID00441,78,Retail,1,1,5,21,946.61,75.74,15933.06,13582.87,-0.00428,0.3869,0.1846,0.6102,0.1958,0,2026-06-15,0.18319538235664368,Low Risk,
CID00442,15,Retail,3,14,7,11,22632.83,2151.39,88271.95,87390.03,-0.01408,0.2292,0.0679,0.356,0.4441,0,2026-06-15,0.24679553508758545,Low Risk,
CID00443,91,Active Trader,36,103,12,63,8056.8,3793.73,77839.61,64002.92,-0.00014,0.6019,0.1651,0.6367,0.6103,0,2026-06-15,0.08491399139165878,Low Risk,
CID00444,34,Retail,0,15,5,27,14628.75,1083.65,14002.91,12213.59,0.02184,0.7154,0.0446,0.2547,0.0315,0,2026-06-15,0.13531500101089478,Low Risk,
CID00445,29,Retail,0,26,3,6,698.47,150.66,1448.82,1218.08,0.0147,0.734,0.0444,0.2597,0.1259,0,2026-06-15,0.15674172341823578,Low Risk,
CID00446,52,Retail,3,25,8,26,5870.32,657.62,17708.25,16617.64,-0.00673,0.8449,0.0507,0.8682,0.4568,0,2026-06-15,0.08272814750671387,Low Risk,
CID00447,21,Retail,8,13,2,19,6582.61,3730.35,16767.88,17651.14,0.05456,0.7569,0.1191,0.6541,0.4424,0,2026-06-15,0.04807808995246887,Low Risk,
CID00448,54,HNI,6,8,7,23,155159.86,12514.97,991088.86,913161.31,-0.01724,0.4309,0.0686,0.4524,0.3208,0,2026-06-15,0.1131235733628273,Low Risk,
CID00449,93,Retail,7,19,9,15,20421.76,6683.33,134958.48,115446.98,-0.00095,0.2794,0.2605,0.1679,0.1457,0,2026-06-15,0.26964521408081055,Low Risk,
CID00450,25,Retail,0,2,10,31,20968.31,7157.29,47300.21,40422.38,-0.01275,0.4899,0.0346,0.0579,0.104,0,2026-06-15,0.520134687423706,Medium Risk,
CID00451,18,HNI,4,61,9,23,134999.17,18799.94,280741.29,250846.35,0.0528,0.3355,0.0846,0.6063,0.5968,0,2026-06-15,0.16815534234046936,Low Risk,
CID00452,41,Retail,1,1,2,21,1384.79,810.65,1316.72,1420.71,-0.03345,0.2107,0.1868,0.172,0.4298,0,2026-06-15,0.1265479177236557,Low Risk,
CID00453,127,HNI,0,2,6,25,759648.71,217670.09,868736.44,824727.93,-0.02056,0.325,0.3801,0.34,0.1333,0,2026-06-15,0.14424122869968414,Low Risk,
CID00454,96,Active Trader,19,135,11,53,8138.99,130.52,87321.89,80664.22,0.04073,0.6984,0.3317,0.4845,0.6383,0,2026-06-15,0.0916927382349968,Low Risk,
CID00455,29,Retail,1,8,5,37,28693.44,13015.8,159351.48,119705.78,0.00996,0.4719,0.073,0.0842,0.0916,0,2026-06-15,0.16210271418094635,Low Risk,
CID00456,87,Retail,0,4,0,7,158065.68,9639.83,60756.28,50156.11,-0.00266,0.082,0.2943,0.6008,0.5731,1,2026-06-15,0.25909119844436646,Low Risk,
CID00457,72,Retail,1,1,3,23,1906.76,162.95,19562.65,15961.24,0.01585,0.7001,0.0295,0.4647,0.3832,0,2026-06-15,0.10701622068881989,Low Risk,
CID00458,42,Retail,19,20,3,3,875.0,128.91,7484.26,6280.11,-0.05242,0.3081,0.19,0.641,0.1236,0,2026-06-15,0.3785848021507263,Low Risk,
CID00459,66,Active Trader,32,153,15,30,132390.62,55315.61,148544.05,174250.36,0.02469,0.8773,0.0504,0.6644,0.1831,0,2026-06-15,0.06448744982481003,Low Risk,
CID00460,120,Active Trader,8,92,10,34,93339.79,16861.3,140438.02,101014.98,0.00839,0.689,0.5535,0.1741,0.0107,0,2026-06-15,0.3366304337978363,Low Risk,
CID00461,52,Retail,0,1,4,9,50953.03,3950.67,43574.83,32873.19,-0.00463,0.3872,0.0241,0.1755,0.0186,1,2026-06-15,0.2891101837158203,Low Risk,
CID00462,37,Retail,0,5,0,3,8810.37,1030.67,7244.4,8773.98,0.00263,0.6822,0.0606,0.5486,0.7913,0,2026-06-15,0.08950343728065491,Low Risk,
CID00463,56,Retail,0,1,2,14,1175.39,217.74,24719.39,28788.63,-0.00216,0.5918,0.0926,0.065,0.1881,0,2026-06-15,0.2415533810853958,Low Risk,
CID00464,63,Retail,0,0,6,22,8746.83,256.82,39658.76,41384.26,-0.00862,0.3853,0.1023,0.2536,0.1051,0,2026-06-15,0.13376496732234955,Low Risk,
CID00465,48,Retail,8,14,2,14,45044.24,13931.29,91046.99,88573.22,-0.01614,0.7908,0.0226,0.6618,0.2921,0,2026-06-15,0.10737820714712143,Low Risk,
CID00466,38,Retail,0,0,0,17,3661.09,399.83,14848.95,12771.14,-0.00952,0.3447,0.3404,0.2768,0.3217,1,2026-06-15,0.2502395212650299,Low Risk,
CID00467,23,Active Trader,33,73,17,76,43626.8,1075.88,128097.63,137780.76,0.03398,0.5988,0.0585,0.0284,0.0162,0,2026-06-15,0.15527968108654022,Low Risk,
CID00468,6,Active Trader,31,113,17,56,3181.53,355.68,6581.25,6201.96,0.03653,0.513,0.1431,0.43,0.3581,0,2026-06-15,0.1520262360572815,Low Risk,
CID00469,24,Retail,3,49,7,24,20934.34,13769.88,20117.73,22415.44,-0.0133,0.1549,0.0706,0.264,0.2514,0,2026-06-15,0.2644256353378296,Low Risk,
CID00470,75,HNI,5,13,9,25,3248827.96,1064560.82,9072754.13,7628964.46,0.02002,0.7773,0.0801,0.47,0.0802,0,2026-06-15,0.06626590341329575,Low Risk,
CID00471,67,Retail,0,12,6,36,82368.04,22896.13,87742.9,90650.38,0.02027,0.8133,0.084,0.0749,0.2435,0,2026-06-15,0.14659906923770905,Low Risk,
CID00472,35,Retail,2,2,9,25,21004.75,6496.77,46401.99,48666.04,0.02922,0.7044,0.0563,0.0493,0.075,0,2026-06-15,0.29081207513809204,Low Risk,
CID00473,83,Retail,1,1,8,34,798.66,181.6,7774.27,8757.43,0.02011,0.5245,0.0559,0.5943,0.0698,0,2026-06-15,0.20530568063259125,Low Risk,
CID00474,93,Retail,1,1,7,9,7041.4,2649.6,10859.88,8365.06,-0.02637,0.1911,0.2023,0.2496,0.2595,0,2026-06-15,0.47408607602119446,Medium Risk,
CID00475,84,Active Trader,7,75,11,43,24139.97,5778.99,38100.7,36167.23,-0.02864,0.4457,0.1869,0.1124,0.1479,0,2026-06-15,0.1370653212070465,Low Risk,
CID00476,16,Retail,0,1,7,15,1579.84,222.17,9756.05,10780.3,-0.0086,0.2913,0.1438,0.4145,0.1321,0,2026-06-15,0.4010733664035797,Medium Risk,
CID00477,22,Retail,0,1,0,8,8038.26,1162.78,22288.32,22941.14,0.01075,0.8472,0.2483,0.9083,0.6288,1,2026-06-15,0.09058096259832382,Low Risk,
CID00478,8,Retail,0,5,1,5,53470.86,3495.2,615449.62,742905.78,-0.00432,0.2948,0.0988,0.1031,0.0269,0,2026-06-15,0.5739889144897461,Medium Risk,
CID00479,82,Active Trader,40,138,15,59,15055.81,4038.42,68826.08,81017.34,0.01904,0.7502,0.05,0.2753,0.367,0,2026-06-15,0.12187208980321884,Low Risk,
CID00480,40,Retail,2,12,8,9,1007.46,292.19,11194.09,13183.03,0.01476,0.4852,0.0354,0.535,0.4491,0,2026-06-15,0.14982366561889648,Low Risk,
CID00481,74,Active Trader,54,271,16,55,1975.97,1259.56,12502.47,14455.0,-0.00457,0.1719,0.0671,0.0683,0.0439,0,2026-06-15,0.2265147864818573,Low Risk,
CID00482,9,Retail,0,4,3,25,11061.9,1805.29,2498.42,1990.92,0.01173,0.7518,0.0331,0.7679,0.2951,0,2026-06-15,0.04446880891919136,Low Risk,
CID00483,33,Active Trader,52,86,9,73,7893.69,418.61,52094.15,57348.54,-0.00498,0.6777,0.0867,0.3895,0.0833,0,2026-06-15,0.14183306694030762,Low Risk,
CID00484,47,Retail,0,3,7,30,3192.2,338.12,13971.26,16777.63,-0.02819,0.1333,0.3922,0.1715,0.1858,1,2026-06-15,0.29403552412986755,Low Risk,
CID00485,55,Retail,0,0,2,20,1231.47,172.38,6822.76,5710.01,-0.01461,0.2199,0.074,0.043,0.2823,0,2026-06-15,0.46404945850372314,Medium Risk,
CID00486,28,Retail,0,12,6,9,4265.37,1115.69,13213.62,11420.41,0.00793,0.3177,0.008,0.4021,0.2965,0,2026-06-15,0.3252592980861664,Low Risk,
CID00487,121,HNI,2,17,8,36,288349.26,62868.35,1113301.85,801573.14,-0.0072,0.2947,0.0507,0.1683,0.0859,0,2026-06-15,0.1305777132511139,Low Risk,
CID00488,30,Active Trader,35,168,6,51,77647.96,17903.23,357058.44,402979.26,0.01295,0.5322,0.0625,0.0775,0.0969,0,2026-06-15,0.13747581839561462,Low Risk,
CID00489,92,Active Trader,25,48,18,42,1455.63,101.16,11175.34,12231.92,0.0113,0.8601,0.0923,0.0151,0.0701,0,2026-06-15,0.18634170293807983,Low Risk,
CID00490,48,Active Trader,22,124,16,39,11374.49,855.71,473655.94,470897.45,-0.03815,0.53,0.0799,0.2051,0.1828,0,2026-06-15,0.09047756344079971,Low Risk,
CID00491,42,Retail,1,9,5,8,2854.61,264.04,5271.24,4610.66,-0.02014,0.3009,0.0702,0.5419,0.4006,0,2026-06-15,0.2440982162952423,Low Risk,
CID00492,50,Retail,5,12,7,7,8606.14,78.3,13930.99,11273.67,0.03611,0.9718,0.102,0.4648,0.3426,0,2026-06-15,0.10289844125509262,Low Risk,
CID00493,109,Active Trader,29,71,19,59,16009.79,2555.48,22554.81,21314.03,0.00448,0.625,0.0787,0.3677,0.1648,0,2026-06-15,0.101965993642807,Low Risk,
CID00494,12,Retail,2,2,1,4,60668.08,23502.17,87060.8,79671.12,0.03279,0.6629,0.1459,0.4753,0.4717,0,2026-06-15,0.1028970405459404,Low Risk,
CID00495,32,Retail,0,0,1,7,12697.24,2926.08,42998.73,42980.59,0.03071,0.8629,0.1604,0.7096,0.9017,1,2026-06-15,0.14603079855442047,Low Risk,
CID00496,31,Retail,1,1,2,27,1970.37,618.41,20213.4,21459.59,0.04797,0.7527,0.0819,0.0683,0.0168,0,2026-06-15,0.2626313269138336,Low Risk,
CID00497,92,HNI,11,19,2,23,1308721.31,180853.47,4863621.67,3527595.94,-0.00842,0.4872,0.1397,0.4497,0.4982,0,2026-06-15,0.060111306607723236,Low Risk,
CID00498,48,Retail,0,0,2,29,3157.64,217.89,5559.23,5605.21,0.00612,0.6557,0.1382,0.5722,0.691,1,2026-06-15,0.04266761988401413,Low Risk,
CID00499,87,Active Trader,23,84,9,65,3802.27,1685.18,20280.16,14371.31,-0.00308,0.4209,0.2152,0.4087,0.2375,0,2026-06-15,0.1565023809671402,Low Risk,
CID00500,54,Active Trader,31,63,13,51,86775.04,23347.76,690669.97,653444.41,0.0269,0.8188,0.0477,0.1746,0.449,0,2026-06-15,0.10675005614757538,Low Risk,
CID00501,71,Retail,2,3,8,29,116105.22,3313.04,53739.72,50372.77,-0.01569,0.3703,0.1437,0.1845,0.3258,0,2026-06-15,0.08084956556558609,Low Risk,
CID00502,37,Active Trader,12,106,11,57,9932.18,4013.44,62635.09,55759.45,0.00243,0.4995,0.0954,0.0093,0.0421,0,2026-06-15,0.2645554542541504,Low Risk,
CID00503,115,HNI,0,1,5,14,123002.2,28261.98,797703.2,679363.77,-0.00246,0.4695,0.1225,0.417,0.65,0,2026-06-15,0.19455084204673767,Low Risk,
CID00504,81,Active Trader,39,73,23,86,12881.58,7029.01,77669.94,72241.21,-0.01662,0.4013,0.1863,0.4489,0.7658,0,2026-06-15,0.07974181324243546,Low Risk,
CID00505,27,HNI,5,40,4,25,42209.33,5989.69,86542.23,95748.36,-0.00105,0.4823,0.0208,0.2465,0.5154,0,2026-06-15,0.07740777730941772,Low Risk,
CID00506,11,Retail,0,0,1,19,10980.94,1.8,5913.36,5587.67,-0.01948,0.2675,0.101,0.0719,0.1487,0,2026-06-15,0.3881660997867584,Low Risk,
CID00507,111,Active Trader,6,36,18,35,178826.67,24105.55,263868.97,304204.55,-0.00518,0.2903,0.207,0.4695,0.3304,0,2026-06-15,0.23501674830913544,Low Risk,
CID00508,43,Retail,4,6,8,9,1037.32,218.38,15531.95,17884.85,-0.01486,0.1063,0.1542,0.0929,0.0532,0,2026-06-15,0.3623717129230499,Low Risk,
CID00509,13,Active Trader,6,98,13,55,48749.29,18840.4,325376.18,383434.94,0.01031,0.5911,0.0529,0.2253,0.2297,0,2026-06-15,0.07269221544265747,Low Risk,
CID00510,84,Active Trader,64,154,25,42,17723.88,147.88,49202.28,33781.21,0.00537,0.5167,0.2055,0.4379,0.2011,0,2026-06-15,0.09855276346206665,Low Risk,
CID00511,72,Retail,4,10,7,8,10578.31,1032.36,102597.4,72875.51,0.01208,0.5193,0.0425,0.036,0.3138,0,2026-06-15,0.11041101068258286,Low Risk,
CID00512,14,Retail,24,26,7,28,4369.76,911.29,11843.09,12009.65,0.03294,0.8803,0.1146,0.507,0.4075,0,2026-06-15,0.04936451092362404,Low Risk,
CID00513,60,Active Trader,21,66,13,57,30449.92,11533.55,251582.01,298255.97,-0.00284,0.6278,0.0226,0.1502,0.1328,0,2026-06-15,0.07899060845375061,Low Risk,
CID00514,131,Active Trader,48,88,17,72,41049.88,30219.21,99578.28,86897.52,-0.00911,0.5011,0.1819,0.1221,0.0958,0,2026-06-15,0.12750086188316345,Low Risk,
CID00515,16,Active Trader,46,134,22,78,3171.35,2629.36,46627.92,45140.24,-0.00518,0.7103,0.7016,0.14,0.0621,0,2026-06-15,0.17748568952083588,Low Risk,
CID00516,69,Active Trader,58,124,10,24,39389.71,5691.31,67102.56,52467.16,0.00182,0.7577,0.201,0.5621,0.1167,0,2026-06-15,0.0785132572054863,Low Risk,
CID00517,38,Retail,0,3,1,5,1264.63,31.7,2992.08,3336.93,0.02183,0.6772,0.1024,0.1238,0.0953,0,2026-06-15,0.09832194447517395,Low Risk,
CID00518,77,Retail,0,4,1,5,1589.84,542.59,6560.62,6716.92,0.01898,0.6834,0.1069,0.4832,0.265,1,2026-06-15,0.1234922930598259,Low Risk,
CID00519,46,Active Trader,41,141,11,32,45191.95,20208.51,934585.52,803921.95,-0.00869,0.3053,0.0806,0.2237,0.0971,0,2026-06-15,0.18361321091651917,Low Risk,
CID00520,67,Retail,0,3,3,7,1502.37,52.63,14870.98,17482.72,-0.0137,0.1905,0.189,0.5676,0.0495,1,2026-06-15,0.47611790895462036,Medium Risk,
CID00521,61,Retail,0,1,1,19,3995.34,1719.98,9552.45,9982.11,-0.00908,0.0656,0.0735,0.3796,0.1935,0,2026-06-15,0.207977756857872,Low Risk,
CID00522,40,Retail,1,3,2,15,1034.4,18.96,3804.83,4165.79,-0.00365,0.5558,0.2611,0.0642,0.1313,1,2026-06-15,0.10735044628381729,Low Risk,
CID00523,32,Retail,0,1,0,30,617.78,326.83,1084.2,791.86,-0.04469,0.2702,0.1961,0.7149,0.594,1,2026-06-15,0.21640752255916595,Low Risk,
CID00524,80,Retail,5,11,1,22,11612.51,1859.54,75577.22,71265.62,-0.0288,0.2497,0.097,0.6113,0.4518,0,2026-06-15,0.1390196979045868,Low Risk,
CID00525,19,Retail,0,10,2,22,7711.11,6938.42,20212.56,21091.93,0.00383,0.4958,0.1993,0.0534,0.0448,0,2026-06-15,0.1809358447790146,Low Risk,
CID00526,74,Active Trader,56,191,18,45,120986.37,46060.04,94516.28,78993.09,0.01383,0.7314,0.15,0.3649,0.093,0,2026-06-15,0.09647825360298157,Low Risk,
CID00527,66,Active Trader,54,70,9,68,15196.92,1387.08,104733.23,109564.73,0.02631,0.5754,0.1452,0.0717,0.0477,0,2026-06-15,0.15401795506477356,Low Risk,
CID00528,87,Retail,0,1,7,16,81939.6,30045.94,155998.48,98578.78,-0.00581,0.337,0.4505,0.5655,0.6193,1,2026-06-15,0.24080467224121094,Low Risk,
CID00529,77,Active Trader,27,159,6,27,42602.71,10374.71,70603.92,67241.0,-0.01964,0.763,0.3033,0.5048,0.3978,0,2026-06-15,0.10876630991697311,Low Risk,
CID00530,90,HNI,10,22,5,21,3360077.35,876238.4,719567.34,616165.16,-0.01026,0.2724,0.1644,0.0188,0.0406,0,2026-06-15,0.16952143609523773,Low Risk,
CID00531,46,Retail,0,0,1,26,88120.67,24299.61,41952.17,52188.3,0.07081,0.8855,0.2666,0.7382,0.7598,0,2026-06-15,0.1153271496295929,Low Risk,
CID00532,78,Retail,4,9,0,14,2299.81,605.67,3578.23,2758.87,-0.00536,0.3644,0.2524,0.5396,0.6455,0,2026-06-15,0.08169478178024292,Low Risk,
CID00533,23,Retail,0,3,4,31,52557.66,22442.1,40315.24,41733.95,-0.02181,0.1522,0.1507,0.2529,0.0607,1,2026-06-15,0.2242707759141922,Low Risk,
CID00534,26,Retail,2,17,1,23,959.32,167.97,5937.89,7127.05,0.02023,0.9456,0.0274,0.3537,0.5233,0,2026-06-15,0.06516323983669281,Low Risk,
CID00535,71,Retail,0,0,3,10,3834.2,602.49,9627.03,7426.06,-0.01081,0.4377,0.0252,0.3792,0.2012,0,2026-06-15,0.2715195417404175,Low Risk,
CID00536,18,Retail,0,0,5,7,371.69,92.4,4787.38,4278.24,0.04151,0.5166,0.278,0.5485,0.5795,1,2026-06-15,0.10447905957698822,Low Risk,
CID00537,76,Active Trader,40,167,14,53,52536.98,15554.28,73333.65,69251.33,-0.00151,0.4244,0.0974,0.158,0.0311,0,2026-06-15,0.1593424379825592,Low Risk,
CID00538,54,Retail,2,8,2,10,991.0,682.92,11650.87,12734.11,0.0069,0.7042,0.0432,0.0692,0.0213,0,2026-06-15,0.28949370980262756,Low Risk,
CID00539,67,Retail,1,1,8,35,641.75,76.8,3288.93,3682.1,-0.02106,0.0127,0.1616,0.6243,0.7594,0,2026-06-15,0.1722303181886673,Low Risk,
CID00540,14,Retail,0,4,10,26,15342.92,2072.47,22887.23,25042.22,-0.01976,0.1515,0.0681,0.6039,0.6203,1,2026-06-15,0.2335890829563141,Low Risk,
CID00541,28,Active Trader,2,14,11,56,12745.1,251.45,111544.86,92733.65,-0.00754,0.6273,0.4679,0.4377,0.1766,0,2026-06-15,0.17342814803123474,Low Risk,
CID00542,83,Active Trader,22,101,2,62,34410.2,11197.01,52725.06,43932.84,-0.0223,0.3096,0.0194,0.4163,0.3035,0,2026-06-15,0.21631871163845062,Low Risk,
CID00543,74,Active Trader,42,165,11,48,6074.08,3338.96,59436.48,55914.39,-0.01458,0.4869,0.3057,0.4018,0.3188,0,2026-06-15,0.16191762685775757,Low Risk,
CID00544,68,Retail,1,26,8,16,23038.69,5107.83,28515.96,26751.19,-0.01018,0.5859,0.1073,0.3276,0.1235,0,2026-06-15,0.21120721101760864,Low Risk,
CID00545,89,HNI,5,5,9,33,931405.4,159635.52,2389749.32,2181507.64,0.00196,0.4726,0.2088,0.5616,0.6146,0,2026-06-15,0.09067033976316452,Low Risk,
CID00546,70,Retail,1,1,8,18,1842.84,219.78,6596.81,7234.51,0.02529,0.5232,0.3588,0.2919,0.1786,0,2026-06-15,0.17318008840084076,Low Risk,
CID00547,49,Retail,0,4,0,12,1294.51,647.16,733.87,779.55,0.00903,0.4378,0.1148,0.3819,0.4688,0,2026-06-15,0.04128219932317734,Low Risk,
CID00548,89,Retail,4,4,5,18,1202.97,43.36,500.0,823.63,-0.0127,0.3086,0.0279,0.2811,0.1106,0,2026-06-15,0.2060258686542511,Low Risk,
CID00549,109,HNI,16,84,7,26,859451.0,62154.7,726493.73,665592.14,-0.02945,0.2127,0.0537,0.5294,0.5694,0,2026-06-15,0.3528400957584381,Low Risk,
CID00550,15,Retail,0,0,11,36,8994.76,437.74,9371.46,8611.51,0.00445,0.5918,0.0948,0.5971,0.7487,0,2026-06-15,0.05456438288092613,Low Risk,
CID00551,86,Active Trader,42,98,2,22,50140.35,1646.65,59124.58,49253.45,-0.0128,0.1904,0.1785,0.5188,0.3758,0,2026-06-15,0.24454136192798615,Low Risk,
CID00552,56,Retail,5,10,5,7,622.94,118.1,14415.96,14763.32,0.03442,0.5168,0.5229,0.867,0.352,0,2026-06-15,0.14744789898395538,Low Risk,
CID00553,115,HNI,2,24,5,28,1265499.41,274474.49,4020836.66,3324572.64,-0.00041,0.6005,0.061,0.7385,0.2556,0,2026-06-15,0.0836624875664711,Low Risk,
CID00554,17,Retail,0,9,6,28,37566.08,3166.22,44567.54,46942.4,0.00164,0.5767,0.0221,0.2237,0.0625,0,2026-06-15,0.07068503648042679,Low Risk,
CID00555,10,HNI,4,9,6,20,331485.05,11176.02,1425768.5,1337379.12,-0.01217,0.2943,0.1094,0.7889,0.6456,0,2026-06-15,0.13519059121608734,Low Risk,
CID00556,40,Active Trader,35,109,7,36,109905.32,19018.81,270457.23,294421.26,-0.02005,0.0375,0.8273,0.6557,0.6692,0,2026-06-15,0.17822743952274323,Low Risk,
CID00557,49,Active Trader,24,144,19,37,24542.26,9214.58,417578.03,455671.93,-0.0258,0.1462,0.3474,0.0425,0.0993,0,2026-06-15,0.29579970240592957,Low Risk,
CID00558,64,Retail,3,5,0,4,7064.83,661.17,20947.22,19784.71,0.02233,0.8742,0.1546,0.0412,0.0956,0,2026-06-15,0.2858973741531372,Low Risk,
CID00559,23,Retail,0,0,3,26,3530.21,1209.31,15626.43,11121.19,0.00141,0.5836,0.0656,0.7809,0.2234,0,2026-06-15,0.12157730013132095,Low Risk,
CID00560,60,Retail,6,24,3,14,14943.7,5464.01,15695.77,13634.84,-0.02256,0.1421,0.0424,0.0212,0.0713,0,2026-06-15,0.45601096749305725,Medium Risk,
CID00561,28,Retail,3,12,9,13,39704.31,4094.14,22347.48,23814.49,0.01259,0.8487,0.0664,0.0833,0.2388,0,2026-06-15,0.14088693261146545,Low Risk,
CID00562,13,Active Trader,66,255,12,29,29267.79,16387.86,257646.3,232236.67,0.01444,0.7366,0.1758,0.0726,0.0415,0,2026-06-15,0.19800420105457306,Low Risk,
CID00563,63,Retail,0,1,9,35,4096.71,2323.46,15973.83,16995.0,0.00552,0.676,0.1377,0.1364,0.1538,0,2026-06-15,0.09996198117733002,Low Risk,
CID00564,48,Retail,2,3,6,21,8377.92,1482.14,33823.96,34223.17,-0.00025,0.1414,0.1892,0.1358,0.1006,0,2026-06-15,0.1535971760749817,Low Risk,
CID00565,69,Active Trader,14,67,25,55,96388.6,41075.81,249897.88,280651.1,-0.00388,0.5935,0.2836,0.2711,0.075,0,2026-06-15,0.09298466891050339,Low Risk,
CID00566,66,Active Trader,65,241,13,41,58259.92,4196.76,220549.2,203512.57,0.02272,0.4756,0.1245,0.505,0.4948,0,2026-06-15,0.09719467163085938,Low Risk,
CID00567,112,Active Trader,70,145,18,70,1599.68,764.84,50278.64,40953.72,-0.02676,0.2976,0.1299,0.4947,0.5302,0,2026-06-15,0.30767586827278137,Low Risk,
CID00568,52,HNI,14,42,11,21,24552.85,3961.19,272399.73,317521.8,0.01327,0.7786,0.0657,0.3409,0.1912,0,2026-06-15,0.09900312125682831,Low Risk,
CID00569,67,HNI,0,9,4,29,238685.15,42023.88,628279.7,714794.28,0.00595,0.6519,0.0444,0.1769,0.1894,0,2026-06-15,0.06422779709100723,Low Risk,
CID00570,90,Retail,7,8,7,13,517.09,85.18,1510.11,1843.73,0.02714,0.3617,0.0941,0.0929,0.1296,0,2026-06-15,0.13812680542469025,Low Risk,
CID00571,77,Retail,0,1,7,13,161651.68,46126.14,219667.72,185894.88,0.00936,0.8554,0.1323,0.7601,0.6182,0,2026-06-15,0.1305864155292511,Low Risk,
CID00572,14,Retail,0,25,1,15,97709.89,8877.46,174256.51,154367.53,0.03561,0.4579,0.0864,0.7562,0.666,0,2026-06-15,0.08592530339956284,Low Risk,
CID00573,123,HNI,3,37,2,18,13605.95,8866.67,504838.96,529258.22,0.03002,0.3624,0.0357,0.2081,0.5861,0,2026-06-15,0.062192656099796295,Low Risk,
CID00574,24,Retail,1,15,4,26,7625.39,1876.17,67495.53,60778.39,-0.02386,0.5897,0.058,0.0539,0.1067,0,2026-06-15,0.21811378002166748,Low Risk,
CID00575,57,Retail,4,6,5,11,8288.47,7012.64,63213.32,59539.63,-0.00763,0.3877,0.1963,0.3577,0.0663,0,2026-06-15,0.10711799561977386,Low Risk,
CID00576,66,HNI,0,9,4,30,561917.61,159454.52,535298.66,610737.65,-0.02187,0.2299,0.0476,0.4796,0.0945,0,2026-06-15,0.10711727291345596,Low Risk,
CID00577,47,Retail,3,9,3,11,1594.03,132.96,8487.7,8872.61,-0.00372,0.31,0.0148,0.4448,0.6522,0,2026-06-15,0.14908026158809662,Low Risk,
CID00578,43,Active Trader,17,136,7,33,227686.87,17103.25,577232.22,581047.83,-0.01276,0.1976,0.0161,0.4882,0.2324,0,2026-06-15,0.23768752813339233,Low Risk,
CID00579,37,Active Trader,9,125,6,47,67043.93,18787.19,419025.48,397405.38,0.02906,0.8528,0.167,0.7142,0.362,0,2026-06-15,0.07011208683252335,Low Risk,
CID00580,42,Active Trader,51,110,13,31,24140.48,16429.27,19750.39,17863.35,-0.00112,0.7568,0.1496,0.189,0.3434,0,2026-06-15,0.05019276216626167,Low Risk,
CID00581,107,HNI,5,11,4,22,53991.05,8414.69,612696.29,518330.99,-0.00386,0.4041,0.0893,0.5538,0.1106,0,2026-06-15,0.14718061685562134,Low Risk,
CID00582,33,Active Trader,60,221,9,70,65264.12,36475.57,52231.57,39173.33,0.02978,0.4722,0.477,0.187,0.108,0,2026-06-15,0.17894698679447174,Low Risk,
CID00583,123,HNI,3,16,8,13,513019.12,316459.53,1607220.77,1359090.66,-0.00532,0.2433,0.3142,0.2422,0.1143,0,2026-06-15,0.12741656601428986,Low Risk,
CID00584,58,Retail,0,14,6,18,33158.87,9039.66,95538.55,95944.19,0.01843,0.825,0.1426,0.0125,0.0005,0,2026-06-15,0.3588792681694031,Low Risk,
CID00585,50,Retail,1,2,0,9,3409.21,1714.85,29960.28,32484.77,0.00635,0.5017,0.1529,0.7166,0.5642,0,2026-06-15,0.08207615464925766,Low Risk,
CID00586,38,Active Trader,50,171,17,53,35789.35,2799.04,131771.72,139766.78,0.00564,0.2391,0.1529,0.2903,0.2667,0,2026-06-15,0.2234315276145935,Low Risk,
CID00587,24,Retail,7,8,1,13,3021.24,1058.82,3625.1,3568.26,-0.0103,0.413,0.1793,0.5873,0.7418,0,2026-06-15,0.07131068408489227,Low Risk,
CID00588,116,Active Trader,16,84,14,32,13968.36,3559.24,173713.75,155592.34,-0.02744,0.6291,0.2979,0.5291,0.5984,0,2026-06-15,0.2538912892341614,Low Risk,
CID00589,47,Retail,3,15,7,16,7033.24,88.98,97852.22,118469.36,-0.01531,0.1517,0.0627,0.0475,0.0788,0,2026-06-15,0.30690768361091614,Low Risk,
CID00590,12,Active Trader,38,144,13,45,98435.21,17936.71,112292.92,131968.38,-0.01252,0.7356,0.2018,0.2396,0.0197,0,2026-06-15,0.15146680176258087,Low Risk,
CID00591,36,Retail,3,4,2,22,3271.67,176.3,7130.03,8257.52,-0.05182,0.2629,0.3871,0.078,0.2493,0,2026-06-15,0.4599570333957672,Medium Risk,
CID00592,29,Active Trader,10,66,17,48,47814.21,11917.78,56718.47,65021.75,0.02069,0.9825,0.2636,0.0358,0.0037,0,2026-06-15,0.3865577280521393,Low Risk,
CID00593,31,Retail,1,5,7,12,30488.27,13567.24,120368.26,97034.71,0.00959,0.4437,0.0598,0.1129,0.0164,0,2026-06-15,0.39262911677360535,Low Risk,
CID00594,12,Retail,3,7,2,5,1848.55,91.77,7474.8,7046.81,-0.02835,0.5623,0.0317,0.2296,0.0844,0,2026-06-15,0.10570336133241653,Low Risk,
CID00595,20,Retail,2,5,3,25,20591.83,1911.03,28067.5,22574.05,-0.00218,0.3775,0.0362,0.6226,0.6839,0,2026-06-15,0.08713662624359131,Low Risk,
CID00596,22,Retail,0,31,1,11,497.57,184.95,2900.85,2612.46,-0.04884,0.196,0.1197,0.3747,0.1983,0,2026-06-15,0.416655033826828,Medium Risk,
CID00597,18,Retail,3,13,2,3,10347.7,4728.42,43098.18,50524.6,0.00528,0.6511,0.0351,0.5797,0.1949,0,2026-06-15,0.09142085164785385,Low Risk,
CID00598,60,Retail,2,2,0,13,6731.24,5309.97,11862.25,11337.02,-0.04266,0.0168,0.0669,0.0927,0.0858,1,2026-06-15,0.3369906544685364,Low Risk,
CID00599,40,Retail,4,7,1,10,56477.92,5084.65,106512.1,82657.2,-0.02253,0.693,0.1602,0.1659,0.195,0,2026-06-15,0.14200277626514435,Low Risk,
CID00600,111,Retail,0,11,8,19,5951.86,10.47,14539.68,15530.02,0.00294,0.6149,0.0891,0.6205,0.594,0,2026-06-15,0.06420589983463287,Low Risk,
CID00601,38,Active Trader,22,110,17,48,3623.61,1090.54,69699.49,77289.69,-0.00451,0.3596,0.1615,0.8286,0.5467,0,2026-06-15,0.12908855080604553,Low Risk,
CID00602,95,Retail,4,6,1,10,302.26,91.51,1955.53,1377.34,0.00537,0.7443,0.1072,0.5354,0.503,0,2026-06-15,0.05857829749584198,Low Risk,
CID00603,17,Retail,0,21,11,26,185269.18,4108.45,292009.54,237326.07,-0.04883,0.1011,0.0685,0.5774,0.1157,0,2026-06-15,0.373866468667984,Low Risk,
CID00604,26,Retail,3,33,5,7,2304.15,1118.0,5757.56,4477.64,-0.01835,0.6507,0.1364,0.4189,0.2689,0,2026-06-15,0.2959928512573242,Low Risk,
CID00605,20,Retail,2,2,0,9,9790.3,4839.93,35710.2,27761.37,0.038,0.9154,0.4505,0.3444,0.1424,1,2026-06-15,0.32980942726135254,Low Risk,
CID00606,157,HNI,7,11,1,18,365118.54,192791.76,1328870.65,1145046.28,-0.03997,0.0897,0.1676,0.5497,0.4806,1,2026-06-15,0.05592731758952141,Low Risk,
CID00607,97,HNI,2,3,1,15,355285.28,128197.4,736593.9,761396.96,0.00676,0.5772,0.1144,0.2717,0.204,0,2026-06-15,0.05661657080054283,Low Risk,
CID00608,72,HNI,0,39,6,35,23691.28,17232.64,296452.6,322868.92,0.01076,0.5544,0.0591,0.2491,0.0865,0,2026-06-15,0.06937488168478012,Low Risk,
CID00609,88,HNI,3,4,3,25,38953.4,10813.94,159522.17,170688.64,0.0179,0.4871,0.1222,0.6731,0.6983,0,2026-06-15,0.1036190316081047,Low Risk,
CID00610,112,Active Trader,13,100,12,67,10932.15,996.39,78304.22,86539.02,5e-05,0.2802,0.4264,0.7416,0.4941,0,2026-06-15,0.24956783652305603,Low Risk,
CID00611,97,HNI,4,8,9,31,1058996.87,18148.92,3271965.24,4176451.75,0.00813,0.6935,0.3006,0.2473,0.17,0,2026-06-15,0.12407095730304718,Low Risk,
CID00612,86,Active Trader,14,96,4,39,8026.57,1848.88,75929.33,81039.64,-0.00979,0.3495,0.2754,0.0983,0.0078,0,2026-06-15,0.16485336422920227,Low Risk,
CID00613,55,Active Trader,60,388,14,38,73282.86,15293.66,1067668.3,1070279.43,0.05327,0.6811,0.123,0.2626,0.2681,0,2026-06-15,0.06456173211336136,Low Risk,
CID00614,44,Retail,4,16,4,4,7107.02,3405.7,23490.63,22542.55,-0.03383,0.3397,0.1816,0.5324,0.5757,1,2026-06-15,0.19522225856781006,Low Risk,
CID00615,79,Active Trader,21,151,15,38,219668.73,135834.23,668626.98,524811.11,-0.02318,0.0813,0.4542,0.2494,0.0339,0,2026-06-15,0.12857985496520996,Low Risk,
CID00616,62,Retail,2,2,4,31,2208.09,327.82,11326.03,10841.03,0.01041,0.4922,0.1301,0.0056,0.0263,0,2026-06-15,0.21845169365406036,Low Risk,
CID00617,42,Active Trader,66,215,8,69,3562.74,3651.64,36680.8,38408.1,-0.01269,0.314,0.1454,0.4649,0.5702,0,2026-06-15,0.11848270893096924,Low Risk,
CID00618,67,Retail,0,8,3,34,33624.35,955.4,99069.06,57981.72,-0.00389,0.343,0.0695,0.0328,0.0775,0,2026-06-15,0.12932372093200684,Low Risk,
CID00619,49,Retail,0,0,8,20,58813.96,2750.83,72745.94,79084.3,-0.039,0.184,0.2771,0.2862,0.129,1,2026-06-15,0.2626737654209137,Low Risk,
CID00620,67,Retail,1,10,5,36,44796.16,11526.45,31840.5,34651.1,-0.03123,0.5182,0.0499,0.5064,0.3137,0,2026-06-15,0.09904135018587112,Low Risk,
CID00621,105,Active Trader,28,142,17,41,3130.51,3233.89,105347.92,104516.63,0.01406,0.5496,0.2598,0.0544,0.2761,0,2026-06-15,0.15614059567451477,Low Risk,
CID00622,119,Active Trader,20,158,8,45,28676.96,3690.24,306963.98,299321.37,0.00522,0.5563,0.1125,0.0732,0.0799,0,2026-06-15,0.1749163717031479,Low Risk,
CID00623,50,Retail,7,7,0,0,1631.41,1211.53,12507.86,8560.46,0.00479,0.6493,0.0602,0.359,0.3617,0,2026-06-15,0.11744097620248795,Low Risk,
CID00624,82,Retail,1,23,3,3,3061.2,748.46,1069.6,928.3,-0.02949,0.1115,0.2551,0.1544,0.1106,1,2026-06-15,0.3452528417110443,Low Risk,
CID00625,22,Active Trader,45,207,10,31,70622.03,19093.98,77367.7,58446.07,-0.01444,0.2925,0.3661,0.3682,0.1364,0,2026-06-15,0.5547411441802979,Medium Risk,
CID00626,31,Retail,0,0,3,5,776.79,103.5,1157.06,850.6,-0.0256,0.5248,0.0315,0.4699,0.4102,0,2026-06-15,0.13846957683563232,Low Risk,
CID00627,93,Retail,0,0,4,8,636.55,371.1,1571.41,1178.53,0.00978,0.7212,0.6361,0.6625,0.4999,1,2026-06-15,0.15132209658622742,Low Risk,
CID00628,65,Active Trader,16,90,8,35,20109.97,818.3,101595.4,112189.29,0.02108,0.7258,0.0211,0.0649,0.0159,0,2026-06-15,0.13975763320922852,Low Risk,
CID00629,12,Retail,0,1,9,30,357.76,146.19,15223.07,14030.18,-0.0,0.3757,0.3996,0.2646,0.3193,0,2026-06-15,0.2231237292289734,Low Risk,
CID00630,73,HNI,15,41,14,17,435876.12,114320.86,2084099.0,2288709.49,0.01009,0.4846,0.2234,0.0425,0.0784,0,2026-06-15,0.10414094477891922,Low Risk,
CID00631,101,Retail,0,1,7,10,4847.75,903.29,4945.39,4999.43,0.02093,0.9201,0.1317,0.5115,0.4357,0,2026-06-15,0.10787886381149292,Low Risk,
CID00632,47,Retail,6,23,6,24,30062.93,8129.97,115105.64,105290.07,-0.02312,0.3179,0.3564,0.0888,0.1332,0,2026-06-15,0.2597120404243469,Low Risk,
CID00633,67,Active Trader,18,121,9,29,8000.02,2209.54,11547.21,12045.95,-0.00482,0.5943,0.6185,0.4144,0.715,0,2026-06-15,0.10837005823850632,Low Risk,
CID00634,71,Retail,1,2,6,27,3070.54,1653.97,17145.19,18121.49,0.00182,0.3436,0.3259,0.2994,0.3298,0,2026-06-15,0.2287190854549408,Low Risk,
CID00635,17,Retail,0,1,0,10,842.0,408.29,47104.49,51368.87,-0.00395,0.0698,0.1651,0.0443,0.1219,1,2026-06-15,0.2523323595523834,Low Risk,
CID00636,38,Retail,1,1,1,13,609.18,33.06,10766.24,11698.18,0.02516,0.7819,0.1596,0.026,0.0841,0,2026-06-15,0.4112582504749298,Medium Risk,
CID00637,105,Active Trader,38,61,21,74,479464.75,170989.84,948648.75,982853.05,-0.02443,0.33,0.0526,0.0495,0.1487,0,2026-06-15,0.15845510363578796,Low Risk,
CID00638,67,HNI,1,6,7,34,1291548.82,689144.55,4709474.62,4745944.93,0.00655,0.6971,0.1583,0.028,0.1492,0,2026-06-15,0.06712312251329422,Low Risk,
CID00639,73,Active Trader,46,141,11,36,1097767.1,130992.39,1281956.65,1109762.68,-0.01163,0.4824,0.1785,0.3058,0.2882,0,2026-06-15,0.07769779860973358,Low Risk,
CID00640,110,Retail,0,19,3,21,1190.12,574.13,13626.86,13071.77,-0.02738,0.1821,0.3008,0.3323,0.138,0,2026-06-15,0.33108416199684143,Low Risk,
CID00641,40,Retail,16,71,6,20,1314.86,323.54,16735.74,18469.44,-0.01121,0.7114,0.0756,0.356,0.1669,0,2026-06-15,0.14439977705478668,Low Risk,
CID00642,46,Active Trader,22,76,14,33,5148.31,694.77,69393.81,71453.95,0.02554,0.8706,0.4003,0.2726,0.1193,0,2026-06-15,0.10618387162685394,Low Risk,
CID00643,47,Active Trader,5,202,17,47,43019.43,7604.28,35765.65,37220.06,-0.00452,0.6967,0.0918,0.5338,0.5784,0,2026-06-15,0.06150819733738899,Low Risk,
CID00644,95,HNI,12,23,8,17,45602.48,13173.0,1364176.58,1299155.26,-0.05792,0.397,0.0474,0.1859,0.198,0,2026-06-15,0.12437538057565689,Low Risk,
CID00645,8,Retail,1,2,3,11,198747.76,43143.01,174122.02,163263.86,0.01625,0.3408,0.0832,0.3646,0.0168,0,2026-06-15,0.2745018005371094,Low Risk,
CID00646,77,Active Trader,21,95,4,49,34171.46,10559.95,28144.19,25634.03,0.03702,0.7871,0.0735,0.4773,0.1703,0,2026-06-15,0.14362449944019318,Low Risk,
CID00647,46,Retail,2,2,4,4,7860.56,498.55,20231.48,20480.62,0.02247,0.5469,0.1636,0.1809,0.0853,0,2026-06-15,0.15721014142036438,Low Risk,
CID00648,28,Retail,0,0,8,15,2392.28,313.35,11981.27,9829.99,-0.00921,0.3936,0.116,0.2278,0.3793,0,2026-06-15,0.3056848645210266,Low Risk,
CID00649,54,Active Trader,39,204,16,33,5768.16,9.97,18922.42,13570.8,-0.05149,0.7761,0.2723,0.1715,0.3826,0,2026-06-15,0.100265271961689,Low Risk,
CID00650,65,Active Trader,32,104,13,79,114632.62,6391.98,423081.52,399140.85,-0.00897,0.4784,0.1382,0.6026,0.488,0,2026-06-15,0.08269131928682327,Low Risk,
CID00651,64,Active Trader,27,103,21,44,5541.54,3151.79,95005.67,77434.72,-0.0115,0.265,0.2385,0.2329,0.3261,0,2026-06-15,0.401216596364975,Medium Risk,
CID00652,43,Retail,0,3,3,4,1267.33,268.86,12520.84,14841.26,0.00733,0.7647,0.0474,0.6657,0.4371,0,2026-06-15,0.12489596009254456,Low Risk,
CID00653,52,Active Trader,20,71,10,44,9677.84,855.45,50687.83,46229.22,-0.01994,0.6805,0.1639,0.4782,0.3006,0,2026-06-15,0.07503068447113037,Low Risk,
CID00654,29,Retail,1,17,3,20,32105.2,546.01,46560.49,56602.56,0.01038,0.4562,0.2909,0.5776,0.5818,0,2026-06-15,0.06081180274486542,Low Risk,
CID00655,8,Retail,3,10,4,4,1118.88,52.56,4905.93,4291.18,0.06765,0.7786,0.1188,0.304,0.5193,0,2026-06-15,0.08285894244909286,Low Risk,
CID00656,36,Retail,7,13,0,24,8801.51,6514.74,37720.77,28152.61,0.01497,0.3943,0.2518,0.2781,0.318,0,2026-06-15,0.16235600411891937,Low Risk,
CID00657,6,Retail,2,5,4,5,30953.94,951.49,52625.08,58471.57,0.03247,0.4434,0.0937,0.3335,0.2267,0,2026-06-15,0.0811755508184433,Low Risk,
CID00658,89,Active Trader,43,109,17,89,681.17,183.36,25561.75,25440.68,-0.01733,0.8318,0.1157,0.5051,0.4655,0,2026-06-15,0.09261967241764069,Low Risk,
CID00659,99,Active Trader,24,125,5,34,33985.12,12638.24,80891.06,83669.03,-0.03599,0.3995,0.2709,0.0521,0.0862,0,2026-06-15,0.18905110657215118,Low Risk,
CID00660,43,HNI,1,1,8,38,4579031.75,997347.92,4154999.05,3721886.46,-0.03911,0.373,0.1559,0.0847,0.0139,0,2026-06-15,0.18320652842521667,Low Risk,
CID00661,57,Retail,1,7,10,28,10830.02,6113.49,28516.8,17981.34,-0.00851,0.4877,0.5288,0.3851,0.1425,0,2026-06-15,0.27363643050193787,Low Risk,
CID00662,112,Active Trader,8,108,11,53,579139.84,34583.12,496321.5,461906.34,0.00572,0.5536,0.0741,0.4812,0.4095,0,2026-06-15,0.17412038147449493,Low Risk,
CID00663,82,HNI,6,10,2,34,21152.09,4891.66,45785.72,46317.82,-0.0469,0.3056,0.0434,0.5888,0.3037,0,2026-06-15,0.10308051109313965,Low Risk,
CID00664,15,Retail,0,0,0,4,5676.05,830.67,26833.34,17554.79,0.00445,0.7799,0.126,0.7847,0.4792,0,2026-06-15,0.1380290389060974,Low Risk,
CID00665,4,Retail,0,7,11,36,1581.61,568.63,20304.79,17698.93,-0.00395,0.0517,0.2051,0.1467,0.1573,0,2026-06-15,0.4750838577747345,Medium Risk,
CID00666,82,Retail,0,22,7,24,17572.25,964.3,28442.1,21552.38,-0.02768,0.3284,0.2727,0.2028,0.1242,0,2026-06-15,0.32383736968040466,Low Risk,
CID00667,9,Retail,5,5,5,8,9536.88,7274.45,54250.32,46566.09,-0.03749,0.2782,0.1384,0.8305,0.6042,0,2026-06-15,0.23647566139698029,Low Risk,
CID00668,39,HNI,1,75,11,22,501225.02,149401.96,358266.34,322881.75,0.01315,0.5166,0.2158,0.1561,0.1598,0,2026-06-15,0.04359804093837738,Low Risk,
CID00669,25,Active Trader,9,33,11,33,528057.11,246135.3,271458.34,295641.08,0.02641,0.7398,0.0476,0.3843,0.4438,0,2026-06-15,0.02971557155251503,Low Risk,
CID00670,90,Retail,0,1,2,4,882.32,344.17,5099.5,5486.41,0.00766,0.6937,0.044,0.138,0.1681,1,2026-06-15,0.154266357421875,Low Risk,
CID00671,88,Retail,0,15,0,34,12575.46,5793.59,18363.19,19706.62,0.03079,0.3552,0.438,0.3841,0.4438,0,2026-06-15,0.07091599702835083,Low Risk,
CID00672,87,HNI,7,7,8,15,215206.0,154470.0,4429088.16,3528809.0,-0.03228,0.4418,0.1771,0.6942,0.6993,0,2026-06-15,0.058965038508176804,Low Risk,
CID00673,67,Retail,4,13,0,7,954.7,179.23,5114.7,5414.39,-0.0008,0.5284,0.1964,0.5885,0.2561,0,2026-06-15,0.05435558408498764,Low Risk,
CID00674,19,Retail,0,0,6,13,3042.45,427.53,8447.32,5830.18,0.0056,0.599,0.2454,0.1547,0.019,1,2026-06-15,0.1696980595588684,Low Risk,
CID00675,44,Retail,9,13,0,17,1190.43,258.39,3688.83,4277.75,-0.03269,0.176,0.0631,0.2243,0.1508,0,2026-06-15,0.19518336653709412,Low Risk,
CID00676,21,HNI,7,27,2,8,381801.05,117771.3,1420238.78,1227268.51,0.01469,0.545,0.0586,0.4382,0.6076,0,2026-06-15,0.07638996839523315,Low Risk,
CID00677,26,Retail,0,0,6,9,4061.73,248.38,38172.51,33755.63,0.00949,0.7207,0.0842,0.6861,0.8459,1,2026-06-15,0.11016916483640671,Low Risk,
CID00678,148,HNI,3,21,16,31,395714.95,112847.86,877430.89,833384.56,0.02312,0.9469,0.1137,0.7187,0.724,0,2026-06-15,0.08212783187627792,Low Risk,
CID00679,38,Retail,0,0,1,12,2141.05,980.7,15284.53,17406.39,0.03971,0.0335,0.0867,0.4398,0.4135,0,2026-06-15,0.23791471123695374,Low Risk,
CID00680,65,Retail,1,7,0,13,28586.79,12812.58,85433.63,70701.87,0.00986,0.491,0.2578,0.1763,0.0491,1,2026-06-15,0.08971115201711655,Low Risk,
CID00681,28,Retail,1,11,6,23,2458.17,741.41,35768.66,30178.2,0.01726,0.9042,0.0558,0.3715,0.0294,0,2026-06-15,0.3166484236717224,Low Risk,
CID00682,55,Retail,0,2,8,20,17124.27,3666.62,49550.26,37505.95,-0.00934,0.6562,0.0791,0.178,0.1606,0,2026-06-15,0.19164025783538818,Low Risk,
CID00683,49,Active Trader,26,67,16,45,8002.62,1698.15,44417.42,43558.08,0.00434,0.8164,0.6481,0.0318,0.1265,0,2026-06-15,0.2837408483028412,Low Risk,
CID00684,56,Retail,1,40,2,19,3530.89,15.15,6033.72,5704.59,-0.01989,0.8092,0.5402,0.3727,0.1293,0,2026-06-15,0.16360439360141754,Low Risk,
CID00685,88,HNI,12,27,2,24,1435071.45,129751.67,2254926.81,1997623.46,0.00246,0.2534,0.0698,0.0724,0.2048,0,2026-06-15,0.31789305806159973,Low Risk,
CID00686,36,Retail,0,2,4,11,1164.42,244.75,33966.61,34084.59,-0.0074,0.2964,0.0445,0.2491,0.1404,1,2026-06-15,0.4827955961227417,Medium Risk,
CID00687,37,Active Trader,39,79,9,58,36475.84,8258.11,139494.12,122153.05,-0.00758,0.5233,0.2867,0.1237,0.0538,0,2026-06-15,0.15184181928634644,Low Risk,
CID00688,73,Retail,6,6,6,22,5470.66,1160.99,18511.3,18747.36,-0.00327,0.6446,0.406,0.7598,0.3757,0,2026-06-15,0.11020839214324951,Low Risk,
CID00689,15,Retail,1,6,9,28,27606.0,1716.55,60279.06,56054.24,0.00561,0.7026,0.0899,0.6033,0.2308,0,2026-06-15,0.050187841057777405,Low Risk,
CID00690,69,HNI,0,3,1,23,73015.12,8869.23,542997.34,540606.56,-0.00714,0.5705,0.1044,0.1235,0.1211,0,2026-06-15,0.07921524345874786,Low Risk,
CID00691,88,Retail,0,21,2,9,2800.08,722.8,15995.86,17218.04,5e-05,0.4915,0.0201,0.387,0.4688,0,2026-06-15,0.14358079433441162,Low Risk,
CID00692,93,Retail,0,15,6,8,5258.21,339.96,12181.51,12512.63,-0.0074,0.3592,0.0489,0.1899,0.3029,0,2026-06-15,0.22381548583507538,Low Risk,
CID00693,26,Active Trader,13,42,22,57,169018.2,78228.73,286520.38,282279.89,0.00802,0.4089,0.4177,0.471,0.667,0,2026-06-15,0.0707373172044754,Low Risk,
CID00694,18,Retail,5,14,4,20,17084.15,13089.46,44774.56,37681.25,0.05596,0.8717,0.3508,0.0235,0.2474,0,2026-06-15,0.31485629081726074,Low Risk,
CID00695,95,HNI,23,95,9,36,1867306.43,251031.42,9568211.75,11105315.43,-0.0087,0.5895,0.2696,0.2327,0.0397,0,2026-06-15,0.10927833616733551,Low Risk,
CID00696,69,HNI,10,22,12,23,874032.99,262194.23,1375441.11,1110935.3,0.02311,0.5792,0.1464,0.3226,0.0288,0,2026-06-15,0.07753216475248337,Low Risk,
CID00697,40,Retail,0,1,0,16,13164.02,122.52,91366.11,100484.68,-0.00129,0.2932,0.023,0.3366,0.3524,1,2026-06-15,0.18313714861869812,Low Risk,
CID00698,120,Active Trader,20,219,9,49,21414.2,3464.98,134620.24,144759.64,-0.02206,0.3029,0.178,0.2046,0.0566,0,2026-06-15,0.18421271443367004,Low Risk,
CID00699,78,Retail,1,7,1,4,458.68,173.76,3406.15,3333.8,-0.00519,0.2912,0.2206,0.2901,0.2408,0,2026-06-15,0.1535990983247757,Low Risk,
CID00700,101,Active Trader,25,72,12,51,476294.63,97144.52,1983970.66,1318005.06,0.0433,0.886,0.1342,0.5429,0.2865,0,2026-06-15,0.08304489403963089,Low Risk,
CID00701,91,Active Trader,23,164,6,55,135272.47,98221.61,233779.83,223148.14,0.00611,0.6462,0.1464,0.4903,0.2639,0,2026-06-15,0.03625347837805748,Low Risk,
CID00702,29,Retail,12,12,10,34,3354.86,1380.02,60007.56,68839.2,0.0055,0.4842,0.2689,0.4763,0.1886,0,2026-06-15,0.11808687448501587,Low Risk,
CID00703,14,Active Trader,73,132,11,34,29996.52,6353.11,71141.52,78263.32,-0.02072,0.4526,0.2753,0.6655,0.7004,0,2026-06-15,0.05464305728673935,Low Risk,
CID00704,67,Retail,4,4,2,13,9030.64,1582.13,38988.79,46708.06,-0.00804,0.2929,0.0402,0.1389,0.0243,0,2026-06-15,0.26089268922805786,Low Risk,
CID00705,51,Retail,0,0,0,18,36925.46,6853.64,27404.4,24266.42,-0.02823,0.0973,0.1022,0.42,0.0933,0,2026-06-15,0.4137604832649231,Medium Risk,
CID00706,104,Active Trader,26,102,10,61,15357.13,595.63,24548.6,28534.48,0.01299,0.5175,0.9,0.5259,0.2075,0,2026-06-15,0.10934122651815414,Low Risk,
CID00707,78,HNI,1,4,4,16,2207987.56,672859.34,3579901.38,3595744.24,0.01827,0.4688,0.0722,0.6773,0.5173,0,2026-06-15,0.07590702921152115,Low Risk,
CID00708,53,Retail,4,6,0,1,7223.19,856.55,73776.43,51913.24,-0.00987,0.6917,0.0125,0.0123,0.3159,1,2026-06-15,0.18410545587539673,Low Risk,
CID00709,65,HNI,4,4,13,40,528803.98,82542.14,629760.04,622783.99,0.00807,0.8452,0.0244,0.7133,0.4103,0,2026-06-15,0.0793582946062088,Low Risk,
CID00710,52,Retail,0,11,5,24,2427.51,81.71,102422.41,79078.35,-0.0182,0.4043,0.1327,0.3037,0.3903,0,2026-06-15,0.20712120831012726,Low Risk,
CID00711,79,Retail,0,1,3,18,894.38,51.01,3907.65,2929.71,0.03213,0.5238,0.0547,0.359,0.3793,0,2026-06-15,0.08341437578201294,Low Risk,
CID00712,66,Retail,1,7,1,16,10479.2,832.48,35143.91,31771.62,0.01351,0.6801,0.0207,0.7241,0.5905,0,2026-06-15,0.045549724251031876,Low Risk,
CID00713,113,Retail,4,4,0,21,56062.5,15692.02,128413.76,133599.24,0.01202,0.5655,0.1089,0.3565,0.1014,0,2026-06-15,0.07283012568950653,Low Risk,
CID00714,72,Active Trader,25,169,17,44,134409.9,38507.6,845565.42,831039.7,0.00632,0.4456,0.1623,0.0993,0.0329,0,2026-06-15,0.2623746693134308,Low Risk,
CID00715,21,Retail,0,4,2,26,1754.64,518.72,4188.64,4221.5,0.01247,0.8018,0.1235,0.7621,0.5415,0,2026-06-15,0.04805055260658264,Low Risk,
CID00716,163,HNI,6,6,9,36,313771.91,43725.68,888926.78,996767.51,0.00246,0.7233,0.3528,0.7915,0.5857,0,2026-06-15,0.11252537369728088,Low Risk,
CID00717,90,Retail,0,1,4,13,134.18,29.12,3070.79,3258.14,0.00182,0.6048,0.0633,0.5427,0.4505,0,2026-06-15,0.07449447363615036,Low Risk,
CID00718,53,HNI,3,108,4,7,49824.29,22218.18,930648.88,934512.15,-0.01134,0.2316,0.282,0.662,0.5831,0,2026-06-15,0.12963081896305084,Low Risk,
CID00719,106,HNI,0,29,1,15,303141.77,209788.3,2864092.67,2025107.55,0.00718,0.2977,0.2158,0.4775,0.1013,0,2026-06-15,0.08377690613269806,Low Risk,
CID00720,95,HNI,2,12,12,39,3168810.48,118114.33,4497763.92,4197948.2,0.0352,0.3785,0.0728,0.5888,0.7718,0,2026-06-15,0.10739361494779587,Low Risk,
CID00721,90,Retail,0,25,2,16,3780.27,613.43,39695.86,33937.65,-0.0145,0.6807,0.0696,0.4066,0.1023,0,2026-06-15,0.16634501516819,Low Risk,
CID00722,29,Retail,1,1,8,26,26407.21,10899.52,147556.54,109979.94,0.05302,0.9121,0.8092,0.5854,0.7186,0,2026-06-15,0.26551902294158936,Low Risk,
CID00723,105,HNI,2,22,11,18,2332264.01,235583.49,2054951.14,1894823.75,-0.0299,0.7156,0.0593,0.8455,0.8215,0,2026-06-15,0.13718660175800323,Low Risk,
CID00724,30,Retail,0,0,10,14,8307.22,306.27,2783.98,2972.78,-0.02803,0.1596,0.2082,0.5009,0.0513,1,2026-06-15,0.32425639033317566,Low Risk,
CID00725,45,Active Trader,8,149,16,61,11578.5,1126.0,201934.02,227591.25,-0.02659,0.4283,0.1149,0.0529,0.1044,0,2026-06-15,0.2748048007488251,Low Risk,
CID00726,63,Retail,0,0,4,28,79686.52,5343.7,73859.84,67542.6,0.01731,0.3766,0.0538,0.4208,0.094,0,2026-06-15,0.2456076592206955,Low Risk,
CID00727,61,Retail,2,15,4,4,14405.46,10794.3,77586.45,88145.76,-0.02538,0.4143,0.1001,0.2315,0.121,1,2026-06-15,0.15123729407787323,Low Risk,
CID00728,90,Retail,0,0,0,3,140201.12,9168.92,344395.12,345656.4,0.01746,0.6121,0.2311,0.1173,0.2314,1,2026-06-15,0.3869538903236389,Low Risk,
CID00729,40,Retail,2,12,4,10,903978.21,399492.82,192001.0,128916.42,-0.0131,0.6276,0.0524,0.2895,0.2253,0,2026-06-15,0.08596485108137131,Low Risk,
CID00730,54,Active Trader,12,112,5,46,29449.36,15157.96,89168.68,68421.63,0.02796,0.7739,0.1523,0.0538,0.1084,0,2026-06-15,0.1344708651304245,Low Risk,
CID00731,100,Active Trader,37,104,9,52,26084.96,3650.49,60319.53,68464.31,-0.00275,0.5429,0.2421,0.8976,0.434,0,2026-06-15,0.07971116900444031,Low Risk,
CID00732,25,Retail,3,3,4,21,1687.27,688.05,7062.01,5362.19,-0.0014,0.2581,0.1721,0.6811,0.342,0,2026-06-15,0.23732346296310425,Low Risk,
CID00733,88,Retail,3,7,7,15,7270.19,407.69,27320.02,23178.09,0.01458,0.769,0.0744,0.766,0.5192,0,2026-06-15,0.10097967833280563,Low Risk,
CID00734,114,HNI,1,1,5,30,22469.57,1345.43,134020.37,114171.75,0.00582,0.7501,0.0378,0.4816,0.0606,0,2026-06-15,0.12966109812259674,Low Risk,
CID00735,55,Active Trader,70,146,18,71,12024.39,2394.78,117351.0,102754.61,0.01871,0.5883,0.1073,0.0423,0.0113,0,2026-06-15,0.2475099414587021,Low Risk,
CID00736,24,Retail,0,3,11,16,821.66,207.26,1698.45,2157.94,0.02085,0.5474,0.1123,0.0048,0.0531,0,2026-06-15,0.1929268091917038,Low Risk,
CID00737,57,Active Trader,52,66,16,78,10856.31,236.99,141625.84,125157.67,-0.00527,0.2502,0.115,0.6167,0.4998,0,2026-06-15,0.15201185643672943,Low Risk,
CID00738,109,Retail,2,10,4,16,31107.29,5032.63,121362.9,72882.61,0.01476,0.5777,0.0851,0.3244,0.0277,0,2026-06-15,0.2912749648094177,Low Risk,
CID00739,80,Retail,0,0,3,27,6834.27,314.63,45408.35,53829.58,-0.00285,0.2443,0.2663,0.7246,0.5327,0,2026-06-15,0.16000469028949738,Low Risk,
CID00740,120,HNI,1,2,1,20,261314.58,76392.9,876729.19,896620.25,0.0051,0.574,0.0804,0.748,0.6941,0,2026-06-15,0.07476763427257538,Low Risk,
CID00741,43,Retail,1,6,5,23,7669.18,1548.73,36708.46,30942.27,-0.01687,0.4175,0.1211,0.0392,0.0474,1,2026-06-15,0.354289174079895,Low Risk,
CID00742,83,Retail,1,6,4,13,943.29,246.98,5973.86,5488.6,0.00301,0.682,0.1417,0.4435,0.1078,0,2026-06-15,0.16569525003433228,Low Risk,
CID00743,22,Retail,2,11,3,6,9667.18,3596.28,40989.92,39342.83,0.00567,0.6066,0.1531,0.5927,0.608,0,2026-06-15,0.08510389178991318,Low Risk,
CID00744,26,Retail,0,0,6,22,8069.13,4856.21,73874.7,57145.81,0.01159,0.4578,0.0663,0.2835,0.1819,0,2026-06-15,0.20553281903266907,Low Risk,
CID00745,18,Active Trader,41,203,4,66,17971.26,1722.83,52188.17,47464.77,0.01025,0.584,0.0493,0.8148,0.5486,0,2026-06-15,0.03139493986964226,Low Risk,
CID00746,72,Active Trader,15,101,10,25,1625.25,307.64,8798.4,8581.76,-0.03255,0.0669,0.3999,0.6147,0.216,0,2026-06-15,0.41145607829093933,Medium Risk,
CID00747,109,Retail,14,17,2,20,4468.08,87.08,3293.45,3250.53,0.01422,0.3087,0.0583,0.4338,0.0098,0,2026-06-15,0.14788925647735596,Low Risk,
CID00748,51,Retail,2,2,11,27,983.9,97.18,5949.13,5155.99,0.01473,0.4301,0.0156,0.136,0.1899,0,2026-06-15,0.15567459166049957,Low Risk,
CID00749,25,Active Trader,32,293,11,31,25190.25,5898.93,150680.89,134514.44,0.00226,0.7038,0.0464,0.1765,0.1436,0,2026-06-15,0.08475451171398163,Low Risk,
CID00750,52,Active Trader,21,214,3,30,18715.57,10670.88,60021.15,71958.07,0.02164,0.7702,0.1234,0.2172,0.0142,0,2026-06-15,0.11005480587482452,Low Risk,
CID00751,31,Retail,3,15,3,17,31161.35,11619.99,10662.88,10362.8,-0.00856,0.1539,0.0848,0.2587,0.3476,0,2026-06-15,0.25939419865608215,Low Risk,
CID00752,62,Retail,0,19,5,8,46949.56,11044.43,20436.57,18821.77,0.00559,0.6606,0.168,0.3135,0.299,0,2026-06-15,0.1923857182264328,Low Risk,
CID00753,59,Retail,2,3,0,2,3967.74,2306.69,6254.09,5578.95,0.01608,0.49,0.0834,0.6491,0.5926,0,2026-06-15,0.08966199308633804,Low Risk,
CID00754,50,Retail,4,4,1,12,12944.74,6117.12,29429.2,35215.57,0.00654,0.816,0.1693,0.7706,0.2686,0,2026-06-15,0.10208405554294586,Low Risk,
CID00755,4,Retail,0,15,1,1,844.96,66.02,2069.61,2636.72,-0.00211,0.3834,0.3544,0.1617,0.1467,1,2026-06-15,0.23422878980636597,Low Risk,
CID00756,6,Active Trader,7,45,19,36,3669.94,1287.06,34654.28,30715.23,0.00151,0.7614,0.0414,0.5042,0.437,0,2026-06-15,0.1098562702536583,Low Risk,
CID00757,33,Retail,0,9,1,2,47207.47,14271.91,120326.42,141024.29,0.00808,0.2792,0.2121,0.4689,0.1598,1,2026-06-15,0.35805851221084595,Low Risk,
CID00758,78,Active Trader,6,84,18,29,224804.91,146086.77,133527.97,149021.94,-0.00529,0.4142,0.0762,0.3149,0.4269,0,2026-06-15,0.03788363188505173,Low Risk,
CID00759,71,Active Trader,18,129,8,38,31599.31,4034.5,299460.62,266158.26,-0.00945,0.5075,0.0244,0.5359,0.2763,0,2026-06-15,0.07637466490268707,Low Risk,
CID00760,45,Retail,2,17,4,33,1379.1,458.95,7896.15,6560.26,-0.05363,0.0991,0.0607,0.3865,0.3885,0,2026-06-15,0.3508163094520569,Low Risk,
CID00761,37,Active Trader,29,163,7,58,10273.31,4223.78,24721.35,22483.24,0.04339,0.6685,0.1207,0.2734,0.0002,0,2026-06-15,0.14765624701976776,Low Risk,
CID00762,54,Retail,4,11,7,23,3284.56,714.05,20574.18,21194.24,-0.01353,0.428,0.4522,0.1294,0.1485,0,2026-06-15,0.15337927639484406,Low Risk,
CID00763,18,Retail,5,11,4,25,3574.43,722.8,4715.55,4064.62,-0.02034,0.5582,0.1997,0.3948,0.3092,0,2026-06-15,0.09950381517410278,Low Risk,
CID00764,53,Active Trader,68,111,12,62,91513.95,4303.25,157591.15,134575.89,-0.01787,0.6345,0.073,0.1491,0.0362,0,2026-06-15,0.11979749798774719,Low Risk,
CID00765,80,HNI,5,28,0,7,49622.52,5205.5,349528.24,426481.47,0.0063,0.6401,0.0825,0.4175,0.076,0,2026-06-15,0.11991829425096512,Low Risk,
CID00766,71,HNI,17,60,2,7,404400.65,88908.69,3434915.85,3546355.52,0.00463,0.3046,0.1821,0.4368,0.264,0,2026-06-15,0.0716787725687027,Low Risk,
CID00767,62,Retail,2,13,7,12,9819.11,810.25,21211.26,19278.83,-0.01098,0.2853,0.0913,0.0952,0.022,0,2026-06-15,0.5027897953987122,Medium Risk,
CID00768,135,HNI,7,29,3,22,247146.24,55694.4,1840590.74,1981281.87,0.00036,0.588,0.2113,0.3558,0.1682,0,2026-06-15,0.06022927910089493,Low Risk,
CID00769,37,Retail,5,8,3,9,4778.25,1261.31,7087.4,7723.9,0.00456,0.4735,0.1351,0.1839,0.5464,0,2026-06-15,0.04924933239817619,Low Risk,
CID00770,36,Retail,0,21,1,22,3519.81,56.48,13016.7,13424.19,-0.00418,0.3068,0.0155,0.4056,0.1748,0,2026-06-15,0.20957572758197784,Low Risk,
CID00771,77,Retail,1,2,4,20,4784.17,1313.74,33494.79,29416.16,0.01557,0.5841,0.0383,0.1742,0.0683,0,2026-06-15,0.10513884574174881,Low Risk,
CID00772,162,HNI,7,7,7,17,214239.45,30439.91,2451745.45,2443543.64,0.00475,0.2011,0.416,0.6548,0.2532,0,2026-06-15,0.14806818962097168,Low Risk,
CID00773,38,Retail,11,15,5,13,1794.25,497.21,38397.75,35166.65,0.02301,0.8999,0.0945,0.8312,0.5057,0,2026-06-15,0.11048321425914764,Low Risk,
CID00774,71,HNI,2,40,11,34,339799.46,157171.62,1761108.75,1052825.35,0.02637,0.8946,0.0521,0.6746,0.2787,0,2026-06-15,0.04401760920882225,Low Risk,
CID00775,82,HNI,3,6,12,22,451534.13,17128.32,4443197.97,3566192.18,-0.04981,0.3191,0.0538,0.2831,0.3668,0,2026-06-15,0.1445053666830063,Low Risk,
CID00776,85,HNI,6,21,7,21,520119.16,333747.79,3833170.1,2577247.97,-0.00289,0.2628,0.1275,0.0111,0.1146,0,2026-06-15,0.07054100930690765,Low Risk,
CID00777,35,Retail,5,41,4,8,801.08,14.02,2085.09,1340.58,-0.03848,0.3268,0.0499,0.3301,0.2158,0,2026-06-15,0.3512119948863983,Low Risk,
CID00778,31,Retail,3,3,0,1,172437.54,38340.97,464549.37,392862.52,-0.01411,0.2189,0.0289,0.1572,0.1005,1,2026-06-15,0.36428701877593994,Low Risk,
CID00779,37,Retail,2,5,1,10,2112.78,1205.06,9045.04,8956.46,0.01492,0.7105,0.2533,0.3886,0.0598,0,2026-06-15,0.19633299112319946,Low Risk,
CID00780,66,Retail,3,4,3,26,17256.99,5318.75,56289.8,62781.14,-0.03164,0.4916,0.0907,0.6417,0.815,0,2026-06-15,0.09813431650400162,Low Risk,
CID00781,29,Retail,3,4,8,17,7026.76,939.56,24921.19,29189.52,0.00182,0.3143,0.2664,0.5953,0.4431,0,2026-06-15,0.10363072901964188,Low Risk,
CID00782,25,HNI,5,17,0,13,279137.81,30179.03,3081683.35,3174742.89,0.01025,0.3437,0.1536,0.4965,0.8575,0,2026-06-15,0.11018987745046616,Low Risk,
CID00783,37,Retail,2,25,7,7,18768.06,10588.54,24396.34,18724.07,-0.01577,0.7244,0.0931,0.0658,0.0541,0,2026-06-15,0.31193971633911133,Low Risk,
CID00784,110,Active Trader,41,104,14,37,15887.59,1949.64,35842.57,28132.8,-0.00367,0.1252,0.1191,0.546,0.3175,0,2026-06-15,0.26404181122779846,Low Risk,
CID00785,84,Active Trader,66,97,29,68,268328.69,85372.67,159539.46,154409.53,-0.005,0.3748,0.5932,0.1052,0.0491,0,2026-06-15,0.14150135219097137,Low Risk,
CID00786,49,Active Trader,22,64,13,77,8404.68,307.36,32781.35,34827.21,-0.01282,0.8917,0.0646,0.5469,0.6499,0,2026-06-15,0.11165314167737961,Low Risk,
CID00787,77,Retail,1,7,4,17,62436.78,10893.63,43146.4,42764.68,-0.01047,0.1028,0.076,0.2462,0.0452,0,2026-06-15,0.32969918847084045,Low Risk,
CID00788,84,Retail,1,1,2,26,8435.99,2866.89,23863.81,27346.02,-0.01675,0.3442,0.7276,0.2496,0.0643,0,2026-06-15,0.27005237340927124,Low Risk,
CID00789,42,Retail,9,10,7,24,2576.48,140.43,11665.08,8748.29,0.01077,0.5414,0.0787,0.7304,0.3441,0,2026-06-15,0.07687660306692123,Low Risk,
CID00790,33,Retail,3,3,3,17,11108.83,1557.74,21970.51,23274.45,-0.00062,0.341,0.4656,0.2464,0.1019,0,2026-06-15,0.2146555632352829,Low Risk,
CID00791,29,HNI,2,12,2,14,1702551.3,265366.15,3316781.9,3729597.83,0.02505,0.7806,0.0764,0.465,0.4208,0,2026-06-15,0.1096624955534935,Low Risk,
CID00792,43,Retail,5,5,9,28,1990.8,585.92,41198.06,39478.15,0.01639,0.8507,0.1314,0.0478,0.0395,0,2026-06-15,0.2740882635116577,Low Risk,
CID00793,56,Retail,0,0,3,13,2785.22,370.48,13863.82,11886.25,-0.01561,0.4735,0.0079,0.1698,0.0383,0,2026-06-15,0.21198071539402008,Low Risk,
CID00794,29,Retail,1,1,3,30,10329.04,3188.83,29122.07,26620.04,0.0132,0.8205,0.2371,0.81,0.4205,1,2026-06-15,0.12376202642917633,Low Risk,
CID00795,10,Retail,0,11,6,15,3671.0,1031.16,11228.17,8864.34,-0.00264,0.6069,0.3772,0.2057,0.178,1,2026-06-15,0.23850631713867188,Low Risk,
CID00796,44,Active Trader,22,34,15,62,2314.29,187.18,89250.42,88955.98,0.03178,0.3651,0.3578,0.3662,0.1991,0,2026-06-15,0.14290012419223785,Low Risk,
CID00797,19,Retail,0,0,0,11,39322.84,5053.67,103181.25,113208.35,-0.06245,0.4021,0.1762,0.5133,0.6609,1,2026-06-15,0.1396377831697464,Low Risk,
CID00798,51,Retail,0,4,0,26,229.22,109.12,6568.48,7163.79,-0.00499,0.6434,0.0601,0.6867,0.5334,1,2026-06-15,0.05229663476347923,Low Risk,
CID00799,26,Active Trader,60,94,9,51,19373.0,494.81,115262.41,91072.83,0.01706,0.3889,0.39,0.4227,0.3787,0,2026-06-15,0.20932194590568542,Low Risk,
CID00800,102,HNI,10,25,5,16,1223627.3,235413.22,1167491.67,1170755.37,-0.01382,0.332,0.3055,0.0518,0.0353,0,2026-06-15,0.2322961986064911,Low Risk,
CID00801,10,Retail,2,39,1,18,757.7,396.59,7532.36,8287.66,0.00293,0.4409,0.1488,0.0596,0.0303,0,2026-06-15,0.17096616327762604,Low Risk,
CID00802,81,Active Trader,15,260,12,71,14809.72,3934.16,40263.43,35216.98,-0.01215,0.4717,0.4306,0.6571,0.6315,0,2026-06-15,0.2194717675447464,Low Risk,
CID00803,42,Retail,0,2,3,29,559.52,20.43,7664.86,8296.02,-0.00568,0.5487,0.0651,0.587,0.1539,0,2026-06-15,0.12295009940862656,Low Risk,
CID00804,114,HNI,4,26,3,11,252273.06,126525.63,2386744.54,2386610.1,-0.0036,0.3147,0.03,0.4956,0.0685,0,2026-06-15,0.08318183571100235,Low Risk,
CID00805,11,Active Trader,54,188,22,46,2301.77,392.39,71318.96,80121.09,-0.01572,0.1654,0.0458,0.1416,0.0888,0,2026-06-15,0.33570826053619385,Low Risk,
CID00806,31,Active Trader,12,35,7,24,26432.82,12423.56,151080.26,88752.64,0.0259,0.0996,0.1993,0.1967,0.0473,0,2026-06-15,0.1655355542898178,Low Risk,
CID00807,107,Active Trader,41,56,14,61,24709.31,8301.83,220710.7,185951.15,-0.00014,0.3462,0.0718,0.3664,0.2844,0,2026-06-15,0.19350065290927887,Low Risk,
CID00808,7,Active Trader,26,118,8,36,39415.25,11008.15,169133.95,134070.96,0.03456,0.9885,0.0998,0.3084,0.1377,0,2026-06-15,0.16248860955238342,Low Risk,
CID00809,96,Active Trader,21,116,18,76,65145.98,33060.69,326760.91,337571.59,0.02066,0.7347,0.1062,0.7975,0.5991,0,2026-06-15,0.08407121151685715,Low Risk,
CID00810,29,Retail,2,5,7,17,3974.54,968.68,37201.96,27665.42,-0.00361,0.2789,0.4053,0.1225,0.1682,1,2026-06-15,0.3564527630805969,Low Risk,
CID00811,47,Retail,3,8,3,15,5296.18,3392.15,9055.14,7124.91,-0.0302,0.3663,0.1434,0.2109,0.4397,1,2026-06-15,0.1927328109741211,Low Risk,
CID00812,142,HNI,1,2,12,25,2038765.59,735270.76,1371097.63,1454585.49,0.02772,0.6991,0.0567,0.3528,0.1013,0,2026-06-15,0.1648254096508026,Low Risk,
CID00813,136,HNI,2,4,3,19,398371.29,40357.47,1488686.59,1633788.22,-0.01341,0.6515,0.1736,0.5568,0.6075,0,2026-06-15,0.06680620461702347,Low Risk,
CID00814,21,Active Trader,18,61,8,59,2887.23,716.28,60518.6,67486.32,-0.00617,0.1233,0.0751,0.3907,0.2136,0,2026-06-15,0.4299186170101166,Medium Risk,
CID00815,49,Retail,0,3,13,14,1210.57,2.99,7513.65,7716.81,-0.00913,0.2787,0.1126,0.5351,0.346,0,2026-06-15,0.3136518895626068,Low Risk,
CID00816,61,Retail,3,7,5,19,5164.61,638.65,12575.2,14282.8,-0.00176,0.3247,0.0641,0.7206,0.2827,0,2026-06-15,0.11706725507974625,Low Risk,
CID00817,68,Active Trader,26,194,15,48,16598.34,8715.95,82983.77,71260.76,0.01551,0.6961,0.2153,0.327,0.2431,0,2026-06-15,0.15602216124534607,Low Risk,
CID00818,54,Active Trader,7,92,16,43,98145.61,15285.82,165502.73,162498.8,-0.00654,0.2574,0.1501,0.8891,0.4554,0,2026-06-15,0.20181716978549957,Low Risk,
CID00819,10,Retail,0,0,7,23,2767.14,191.5,3812.03,4021.95,0.00284,0.6604,0.1624,0.2431,0.0935,0,2026-06-15,0.06944714486598969,Low Risk,
CID00820,39,Active Trader,53,131,13,80,1577.39,44.74,40761.73,39189.24,-0.04536,0.2154,0.1098,0.1648,0.0033,0,2026-06-15,0.29366615414619446,Low Risk,
CID00821,103,Active Trader,15,77,9,43,18553.53,14008.62,33203.29,39671.95,0.0059,0.842,0.19,0.237,0.0032,0,2026-06-15,0.15244242548942566,Low Risk,
CID00822,23,Active Trader,21,79,11,46,88793.9,13362.58,138643.82,116884.28,-0.01056,0.369,0.0466,0.4291,0.1186,0,2026-06-15,0.3096138536930084,Low Risk,
CID00823,23,Retail,5,7,8,21,801.69,31.89,37077.68,41837.28,-0.01777,0.5262,0.0663,0.6025,0.5627,0,2026-06-15,0.08847755938768387,Low Risk,
CID00824,11,Retail,1,2,5,18,87265.81,4720.38,37953.82,28410.49,-0.03526,0.1568,0.1644,0.1901,0.0251,1,2026-06-15,0.48423096537590027,Medium Risk,
CID00825,61,HNI,2,11,1,27,77771.51,14076.0,215905.55,174618.7,-0.00541,0.1812,0.0355,0.0175,0.1498,0,2026-06-15,0.2590506076812744,Low Risk,
CID00826,30,Active Trader,28,93,9,30,1305.56,107.44,33456.21,26265.25,0.00341,0.0468,0.0921,0.2017,0.1005,0,2026-06-15,0.25133833289146423,Low Risk,
CID00827,64,Retail,1,23,8,8,2046.32,731.25,2476.12,1963.66,-0.02977,0.6191,0.2882,0.1338,0.1688,1,2026-06-15,0.2159673422574997,Low Risk,
CID00828,32,Retail,3,8,5,20,7586.81,561.88,43447.8,42316.5,-0.00926,0.2451,0.2095,0.1789,0.0392,0,2026-06-15,0.16560052335262299,Low Risk,
CID00829,90,Retail,1,1,9,16,135701.8,49005.12,120874.08,135180.11,0.00549,0.5562,0.1738,0.392,0.7652,0,2026-06-15,0.12679946422576904,Low Risk,
CID00830,49,Active Trader,13,36,14,41,55695.82,17762.23,187378.9,190433.38,-0.00384,0.5316,0.1723,0.432,0.1717,0,2026-06-15,0.11931771039962769,Low Risk,
CID00831,19,Retail,0,34,3,19,4942.91,1110.02,69691.25,61695.07,0.01036,0.5354,0.0724,0.7212,0.4528,0,2026-06-15,0.07661060243844986,Low Risk,
CID00832,30,Retail,1,4,4,12,804.83,328.19,8912.17,6898.15,0.00506,0.7623,0.1758,0.1109,0.0277,0,2026-06-15,0.26381197571754456,Low Risk,
CID00833,19,Retail,0,25,4,23,3452.8,3374.32,24000.31,23136.91,-0.00505,0.8638,0.1806,0.0572,0.0944,0,2026-06-15,0.16632288694381714,Low Risk,
CID00834,41,Retail,5,9,3,16,1844.97,526.27,3501.66,2833.93,0.02663,0.6826,0.0214,0.5494,0.235,0,2026-06-15,0.08161572366952896,Low Risk,
CID00835,15,Retail,0,7,5,23,7279.72,1681.46,790.77,1173.75,-0.01559,0.4673,0.202,0.5055,0.3227,0,2026-06-15,0.07359201461076736,Low Risk,
CID00836,97,Retail,0,0,4,12,9387.61,1304.32,60988.5,67004.58,0.02275,0.6689,0.0713,0.1188,0.0133,0,2026-06-15,0.3736114501953125,Low Risk,
CID00837,33,HNI,1,5,7,34,114765.91,30358.99,528530.88,542885.59,-0.01633,0.1198,0.192,0.7974,0.3153,0,2026-06-15,0.17789429426193237,Low Risk,
CID00838,33,Active Trader,21,73,12,43,497.44,32.18,107073.15,76392.52,-0.00803,0.0922,0.6322,0.1382,0.0302,0,2026-06-15,0.501961350440979,Medium Risk,
CID00839,136,HNI,10,19,1,27,100247.86,10292.18,189378.55,168015.84,-0.04962,0.5455,0.0525,0.5501,0.205,0,2026-06-15,0.07425235956907272,Low Risk,
CID00840,51,Active Trader,56,143,18,50,29333.59,4086.75,114799.63,85874.21,-0.00274,0.3524,0.3958,0.4027,0.0997,0,2026-06-15,0.3116346001625061,Low Risk,
CID00841,43,Retail,5,6,4,10,4436.82,1282.57,7153.06,7788.42,-0.02734,0.2362,0.2268,0.0353,0.3843,0,2026-06-15,0.16986428201198578,Low Risk,
CID00842,58,Retail,4,6,7,26,19262.3,1085.71,70421.34,79927.63,0.01051,0.9281,0.125,0.0481,0.1037,0,2026-06-15,0.14788489043712616,Low Risk,
CID00843,62,Retail,1,1,7,23,16157.67,5151.67,27999.42,27813.37,-0.03273,0.4795,0.1218,0.0292,0.0856,0,2026-06-15,0.4063953161239624,Medium Risk,
CID00844,70,Retail,6,9,6,9,1133.82,320.93,5705.39,6528.2,-0.02084,0.1336,0.267,0.2079,0.1672,0,2026-06-15,0.24249005317687988,Low Risk,
CID00845,14,Retail,0,1,1,8,6878.44,1752.45,10700.84,8595.02,-0.00404,0.563,0.1624,0.2174,0.0598,0,2026-06-15,0.248680979013443,Low Risk,
CID00846,31,Retail,5,6,8,14,64578.82,8947.65,118666.29,112734.11,-0.03415,0.2925,0.065,0.0379,0.1364,0,2026-06-15,0.3305750787258148,Low Risk,
CID00847,36,Active Trader,56,235,22,42,77535.89,3994.41,176701.48,152780.53,-0.00032,0.1832,0.0297,0.3485,0.28,0,2026-06-15,0.3028126060962677,Low Risk,
CID00848,59,Retail,0,1,0,1,5807.54,195.58,8302.73,5332.15,0.00469,0.6099,0.1584,0.2255,0.2489,0,2026-06-15,0.13887088000774384,Low Risk,
CID00849,36,HNI,2,28,7,29,320022.04,67022.09,320808.63,345818.28,0.03014,0.1643,0.1236,0.2985,0.0768,0,2026-06-15,0.10785149037837982,Low Risk,
CID00850,30,Active Trader,11,325,8,35,247775.12,9416.18,83439.0,75188.54,0.01587,0.5964,0.0394,0.5919,0.528,0,2026-06-15,0.04858939349651337,Low Risk,
CID00851,47,Active Trader,23,48,22,59,41259.76,2479.11,95440.23,107652.04,0.03464,0.2435,0.23,0.7764,0.4305,0,2026-06-15,0.17912304401397705,Low Risk,
CID00852,77,HNI,0,7,10,41,51130.2,4133.8,79434.45,76030.96,0.04264,0.7158,0.1553,0.4207,0.0025,0,2026-06-15,0.1541741043329239,Low Risk,
CID00853,104,Retail,0,8,0,23,1663.0,1258.59,7697.93,5861.56,0.00709,0.8669,0.21,0.0481,0.0323,0,2026-06-15,0.24654033780097961,Low Risk,
CID00854,16,Retail,1,1,2,15,8514.05,1340.51,18746.16,23429.0,-0.01919,0.2555,0.1015,0.683,0.4092,0,2026-06-15,0.3331672251224518,Low Risk,
CID00855,92,HNI,1,1,9,24,836858.25,127239.58,1008028.21,1154398.87,-0.00997,0.3033,0.1043,0.6322,0.514,0,2026-06-15,0.2356695532798767,Low Risk,
CID00856,57,Retail,0,3,5,18,479.48,114.26,1843.07,997.77,0.0123,0.3538,0.059,0.4765,0.3461,0,2026-06-15,0.11697757989168167,Low Risk,
CID00857,46,Retail,0,6,3,7,15220.74,6050.37,57844.55,59204.68,0.0078,0.1693,0.0907,0.8117,0.4533,0,2026-06-15,0.20540393888950348,Low Risk,
CID00858,21,Active Trader,50,120,5,25,70073.27,8541.16,31351.1,27914.45,0.01603,0.6839,0.2739,0.4582,0.2094,0,2026-06-15,0.09355469793081284,Low Risk,
CID00859,21,Retail,0,1,2,4,584.15,305.51,11588.25,9147.38,-0.03215,0.4589,0.2291,0.6522,0.3318,1,2026-06-15,0.387453556060791,Low Risk,
CID00860,50,Retail,4,9,1,9,2707.44,613.04,4370.85,3364.63,-0.02444,0.4946,0.1914,0.6636,0.5925,1,2026-06-15,0.12840719521045685,Low Risk,
CID00861,58,HNI,14,25,4,20,516649.74,49205.98,2308812.57,2848188.53,-0.01199,0.4788,0.1568,0.0765,0.0102,0,2026-06-15,0.14310294389724731,Low Risk,
CID00862,47,Retail,2,5,4,15,18326.37,947.2,8204.38,8590.49,0.00038,0.5327,0.1696,0.0181,0.0177,0,2026-06-15,0.20221610367298126,Low Risk,
CID00863,149,HNI,0,5,7,35,13023.36,424.46,323193.17,308998.89,0.00724,0.2771,0.3675,0.2892,0.6362,0,2026-06-15,0.12513332068920135,Low Risk,
CID00864,25,Retail,0,3,1,14,1511.03,1371.93,910.2,839.97,0.04129,0.6105,0.1034,0.2737,0.2674,1,2026-06-15,0.05138728767633438,Low Risk,
CID00865,38,Retail,0,0,3,12,29485.02,189.07,25068.37,23201.46,-0.03072,0.3105,0.3428,0.4159,0.331,1,2026-06-15,0.3389778733253479,Low Risk,
CID00866,44,Retail,7,11,4,14,2303.39,1183.78,4989.9,4343.95,0.04558,0.4796,0.2357,0.5348,0.2245,1,2026-06-15,0.08831973373889923,Low Risk,
CID00867,38,Retail,4,4,1,14,1426.64,326.9,11063.16,13198.51,-0.0088,0.3348,0.0168,0.1581,0.0059,0,2026-06-15,0.19204077124595642,Low Risk,
CID00868,83,Retail,0,1,0,6,1951.09,1115.03,4021.33,3127.84,-0.03358,0.1523,0.3898,0.4271,0.0592,1,2026-06-15,0.27083736658096313,Low Risk,
CID00869,29,Retail,4,4,6,13,2128.75,986.62,43917.64,38928.99,-0.02128,0.18,0.2795,0.2383,0.0538,1,2026-06-15,0.3146704137325287,Low Risk,
CID00870,25,Retail,1,2,6,12,17693.92,178.29,66068.97,64002.89,0.00106,0.6179,0.3262,0.0962,0.0392,0,2026-06-15,0.2507871687412262,Low Risk,
CID00871,55,Retail,0,1,11,12,6301.08,517.06,27385.63,23826.17,0.0053,0.507,0.2031,0.1508,0.0563,0,2026-06-15,0.2131044566631317,Low Risk,
CID00872,59,Active Trader,18,124,10,52,2844.97,377.56,19478.46,20311.14,-0.03055,0.7875,0.1482,0.4094,0.2922,0,2026-06-15,0.10865658521652222,Low Risk,
CID00873,56,HNI,9,50,1,12,264020.52,36793.82,259667.06,236030.28,0.04099,0.7715,0.0064,0.0851,0.0076,0,2026-06-15,0.2250986397266388,Low Risk,
CID00874,60,Active Trader,24,119,10,50,316980.25,41971.93,296100.84,304345.34,-0.02521,0.4034,0.1153,0.0558,0.1996,0,2026-06-15,0.10638045519590378,Low Risk,
CID00875,50,Retail,0,42,7,18,9632.93,1673.63,24580.61,20007.23,0.01841,0.6223,0.0806,0.8794,0.7572,0,2026-06-15,0.1393415480852127,Low Risk,
CID00876,50,Active Trader,10,110,8,44,76498.8,25575.48,81715.93,52497.27,-0.01853,0.6862,0.2607,0.1373,0.0028,0,2026-06-15,0.28107115626335144,Low Risk,
CID00877,54,Retail,2,3,4,13,2605.79,720.44,4202.17,3163.91,0.01174,0.7017,0.3252,0.7343,0.2813,0,2026-06-15,0.12777456641197205,Low Risk,
CID00878,17,Retail,0,8,8,15,11487.72,1052.82,35052.87,38595.1,0.01124,0.661,0.2511,0.5254,0.2342,0,2026-06-15,0.0824507474899292,Low Risk,
CID00879,113,HNI,1,1,7,13,60329.98,1879.78,1727816.54,1601669.63,-0.02099,0.4486,0.2145,0.0159,0.0812,0,2026-06-15,0.4012431800365448,Medium Risk,
CID00880,34,Retail,2,22,1,7,14047.19,4173.29,22387.15,20075.8,-0.01547,0.4437,0.1416,0.6668,0.6373,0,2026-06-15,0.19325795769691467,Low Risk,
CID00881,22,Retail,1,3,8,18,11590.47,2241.47,30108.23,31905.62,0.00988,0.863,0.0439,0.5133,0.2101,0,2026-06-15,0.14661957323551178,Low Risk,
CID00882,117,Active Trader,44,137,14,38,1004000.79,38329.47,912871.29,902437.21,0.01509,0.9766,0.5069,0.4196,0.3573,0,2026-06-15,0.2161855250597,Low Risk,
CID00883,78,Retail,2,8,8,25,6373.16,184.93,31451.41,26264.05,-0.01649,0.6077,0.0422,0.4313,0.0911,0,2026-06-15,0.0909358337521553,Low Risk,
CID00884,35,Retail,0,1,14,28,6743.17,2774.61,114391.84,98191.1,-0.04177,0.5054,0.011,0.3843,0.5271,0,2026-06-15,0.26238587498664856,Low Risk,
CID00885,85,Retail,8,12,4,21,3312.01,1194.46,17015.98,18195.69,-0.01562,0.353,0.0295,0.3909,0.3369,0,2026-06-15,0.17455045878887177,Low Risk,
CID00886,43,Retail,2,2,3,17,19237.05,9264.66,158290.54,160537.75,-0.02998,0.5827,0.184,0.0306,0.126,0,2026-06-15,0.368259072303772,Low Risk,
CID00887,20,Retail,1,3,4,10,657.3,28.06,2826.09,2002.13,0.03623,0.3951,0.061,0.6016,0.3251,0,2026-06-15,0.09498193860054016,Low Risk,
CID00888,80,HNI,1,61,5,10,927979.17,324675.6,1329850.85,1416095.4,-0.03359,0.0268,0.2347,0.087,0.0055,0,2026-06-15,0.21917776763439178,Low Risk,
CID00889,73,Retail,0,3,9,18,32198.48,2999.2,41739.8,30026.72,0.00454,0.5559,0.1297,0.5115,0.5763,0,2026-06-15,0.11509916931390762,Low Risk,
CID00890,126,Active Trader,42,88,11,48,81486.16,38732.05,337872.62,366293.99,-0.00914,0.55,0.2162,0.5927,0.6499,0,2026-06-15,0.06509267538785934,Low Risk,
CID00891,18,Retail,0,0,3,14,1034.25,85.22,22686.63,17715.06,0.01797,0.5427,0.1717,0.5577,0.4783,0,2026-06-15,0.14294938743114471,Low Risk,
CID00892,63,Retail,6,6,3,7,15820.22,8810.66,32913.29,36127.34,-0.01399,0.7755,0.1654,0.4741,0.2048,0,2026-06-15,0.12880732119083405,Low Risk,
CID00893,121,Active Trader,23,96,11,45,6470.34,65.03,53551.32,62619.83,0.02122,0.3743,0.1119,0.4175,0.3466,0,2026-06-15,0.11544087529182434,Low Risk,
CID00894,73,Retail,0,0,0,3,4262.17,1213.84,12473.34,9970.05,-0.02029,0.264,0.0158,0.1552,0.0697,1,2026-06-15,0.41900309920310974,Medium Risk,
CID00895,129,HNI,0,28,0,13,116461.01,18834.52,984435.99,857490.18,0.01603,0.7583,0.1065,0.5179,0.5368,0,2026-06-15,0.09818095713853836,Low Risk,
CID00896,54,Active Trader,41,176,10,59,33402.0,7830.69,347151.98,245694.78,0.00178,0.2565,0.1843,0.578,0.1561,0,2026-06-15,0.24233409762382507,Low Risk,
CID00897,50,Active Trader,18,51,6,68,32385.3,18646.17,87146.44,67823.39,0.0151,0.5525,0.0125,0.5955,0.5218,0,2026-06-15,0.08036131411790848,Low Risk,
CID00898,100,Retail,0,2,3,31,35949.67,5769.66,41578.84,43095.8,0.02734,0.7608,0.1344,0.0463,0.0811,0,2026-06-15,0.22721965610980988,Low Risk,
CID00899,89,Active Trader,23,115,9,30,113013.13,9699.42,504269.46,567485.9,-0.01053,0.706,0.0513,0.4595,0.6138,0,2026-06-15,0.0837114155292511,Low Risk,
CID00900,27,Retail,0,1,0,9,1007.98,434.42,1279.42,1340.26,0.00641,0.6381,0.2429,0.1992,0.093,0,2026-06-15,0.04882397502660751,Low Risk,
CID00901,48,Retail,7,7,1,3,262723.57,26296.94,196905.23,237660.21,-0.01656,0.129,0.092,0.7689,0.455,1,2026-06-15,0.2627551853656769,Low Risk,
CID00902,84,Active Trader,19,111,13,65,3214.37,1207.78,4634.45,4180.66,0.01577,0.5269,0.1019,0.2721,0.2219,0,2026-06-15,0.102350614964962,Low Risk,
CID00903,74,HNI,18,21,5,8,361679.31,124731.1,1481115.72,1051188.87,-0.00121,0.5293,0.1529,0.6779,0.8111,0,2026-06-15,0.06725084036588669,Low Risk,
CID00904,19,Active Trader,36,166,7,26,77844.04,64714.42,219445.54,141637.06,-0.01557,0.4706,0.1741,0.7753,0.3618,0,2026-06-15,0.1789444535970688,Low Risk,
CID00905,105,Active Trader,18,88,28,48,30546.37,13255.51,48496.55,43369.73,0.00489,0.5022,0.2142,0.8178,0.7417,0,2026-06-15,0.1567729264497757,Low Risk,
CID00906,7,Retail,4,5,11,24,7076.69,1232.29,41404.28,33984.77,-0.00779,0.4278,0.0812,0.2125,0.053,0,2026-06-15,0.19542144238948822,Low Risk,
CID00907,51,Active Trader,29,258,26,62,48044.23,5467.16,289724.08,255167.16,0.00228,0.759,0.0683,0.7505,0.5969,0,2026-06-15,0.09463796019554138,Low Risk,
CID00908,42,Retail,1,2,7,11,3351.4,396.34,10226.47,12015.64,-0.00954,0.5994,0.1622,0.1946,0.0509,0,2026-06-15,0.1082581952214241,Low Risk,
CID00909,76,Retail,11,11,0,17,10880.94,1311.68,17934.79,12958.25,-0.04175,0.2711,0.179,0.3049,0.3869,0,2026-06-15,0.21735334396362305,Low Risk,
CID00910,22,Retail,14,42,6,14,4725.62,908.75,5691.82,5399.85,0.01156,0.4469,0.0453,0.1349,0.011,0,2026-06-15,0.27027130126953125,Low Risk,
CID00911,43,Retail,5,5,2,19,15995.59,8183.87,13148.69,12887.11,-0.02005,0.4857,0.0188,0.1982,0.1687,1,2026-06-15,0.10158728808164597,Low Risk,
CID00912,107,HNI,4,4,6,16,132082.47,16868.45,1742141.01,1617776.29,0.00763,0.503,0.1538,0.5558,0.6583,0,2026-06-15,0.1035270094871521,Low Risk,
CID00913,37,Retail,0,7,7,20,2955.43,250.22,15142.18,12889.46,-0.00493,0.1345,0.071,0.1998,0.2836,0,2026-06-15,0.33041131496429443,Low Risk,
CID00914,123,HNI,2,32,2,16,65842664.15,3989660.04,11046240.8,8038468.87,-0.0103,0.3784,0.0844,0.5951,0.3321,0,2026-06-15,0.15598903596401215,Low Risk,
CID00915,43,Retail,2,9,8,9,111278.51,2717.69,236846.56,202230.28,-0.00174,0.2987,0.1004,0.1763,0.2358,0,2026-06-15,0.13952378928661346,Low Risk,
CID00916,68,Active Trader,9,98,17,41,218585.08,31286.71,415201.39,408869.27,-0.00156,0.759,0.1874,0.1599,0.0904,0,2026-06-15,0.04815613105893135,Low Risk,
CID00917,53,Active Trader,41,60,11,81,5404.16,1800.08,52824.01,48943.15,0.01903,0.6717,0.0797,0.3923,0.1086,0,2026-06-15,0.09564778953790665,Low Risk,
CID00918,88,Retail,0,25,6,15,2490.12,556.86,46472.47,36127.23,0.0168,0.4609,0.101,0.1289,0.2719,0,2026-06-15,0.22670188546180725,Low Risk,
CID00919,18,Retail,0,1,3,28,4403.51,1121.1,10607.41,10799.98,-0.01192,0.656,0.2126,0.0985,0.0661,0,2026-06-15,0.2617884576320648,Low Risk,
CID00920,12,Retail,1,5,5,12,29700.21,21723.58,28067.41,22546.42,-0.01793,0.3781,0.0883,0.7056,0.53,1,2026-06-15,0.22303453087806702,Low Risk,
CID00921,47,Active Trader,41,124,11,57,81513.58,26089.96,120964.97,99466.88,0.03653,0.7449,0.031,0.6212,0.2533,0,2026-06-15,0.13369841873645782,Low Risk,
CID00922,60,Retail,0,7,5,11,2001.78,10.88,7436.38,8138.82,-0.00559,0.5672,0.224,0.4163,0.1784,0,2026-06-15,0.1455264687538147,Low Risk,
CID00923,65,Active Trader,33,184,22,59,754712.24,277792.21,587443.35,550871.87,0.00881,0.6053,0.4311,0.0006,0.0057,0,2026-06-15,0.22360830008983612,Low Risk,
CID00924,17,Retail,1,1,10,33,1161.12,92.4,2546.11,2747.92,0.01596,0.4246,0.0303,0.5804,0.2194,0,2026-06-15,0.10041194409132004,Low Risk,
CID00925,11,Active Trader,12,89,19,63,34790.47,9144.92,186141.26,173396.76,0.00953,0.3699,0.0572,0.1394,0.1139,0,2026-06-15,0.15923330187797546,Low Risk,
CID00926,13,Active Trader,45,116,25,50,10489.72,1488.32,16099.42,17717.2,-0.01531,0.2965,0.2618,0.063,0.0732,0,2026-06-15,0.40151581168174744,Medium Risk,
CID00927,13,Active Trader,75,165,21,55,7565.34,1917.14,93907.62,88472.82,0.01901,0.7324,0.1933,0.2485,0.1991,0,2026-06-15,0.12324749678373337,Low Risk,
CID00928,6,Retail,0,4,0,6,33631.07,12479.07,24024.73,20041.61,-0.01905,0.1236,0.1213,0.2843,0.2907,1,2026-06-15,0.44711658358573914,Medium Risk,
CID00929,19,Retail,0,15,4,24,18936.22,1404.82,87288.25,95931.34,-0.02105,0.3011,0.5294,0.4376,0.1244,0,2026-06-15,0.3548044264316559,Low Risk,
CID00930,63,HNI,9,18,9,37,20193.72,7177.03,214108.76,160413.23,0.01714,0.7635,0.1441,0.1377,0.2408,0,2026-06-15,0.11013605445623398,Low Risk,
CID00931,28,Retail,1,5,12,33,879.74,620.89,5176.95,5426.06,-0.02109,0.7058,0.0123,0.3484,0.329,0,2026-06-15,0.07387682050466537,Low Risk,
CID00932,47,Retail,0,3,2,24,195.77,28.54,4182.62,4217.12,0.05424,0.6228,0.2075,0.1988,0.0253,1,2026-06-15,0.0773438811302185,Low Risk,
CID00933,34,Retail,0,4,9,45,714.24,299.28,3361.12,2474.12,-0.00033,0.8328,0.133,0.0373,0.417,0,2026-06-15,0.1052752137184143,Low Risk,
CID00934,61,Retail,6,54,0,19,1066.91,297.16,4972.7,4453.32,-0.01413,0.5424,0.0764,0.2618,0.0036,0,2026-06-15,0.08219502121210098,Low Risk,
CID00935,60,Retail,0,8,2,23,2505.8,1320.45,6304.17,5457.4,-0.0023,0.4157,0.0873,0.0818,0.0773,0,2026-06-15,0.16735248267650604,Low Risk,
CID00936,49,Retail,0,0,6,22,5988.76,727.64,12166.58,10787.94,0.03617,0.8941,0.098,0.8108,0.5814,0,2026-06-15,0.12200506031513214,Low Risk,
CID00937,22,Retail,0,64,3,25,15632.67,2331.36,20112.88,21934.87,-0.00433,0.3638,0.0659,0.2636,0.4362,0,2026-06-15,0.14068534970283508,Low Risk,
CID00938,113,Active Trader,23,106,12,41,66261.63,55501.13,475401.08,570983.86,-0.01519,0.3355,0.0858,0.3534,0.2696,0,2026-06-15,0.17598681151866913,Low Risk,
CID00939,61,Retail,4,15,8,18,1549.67,106.11,14584.14,11589.17,-0.02014,0.5982,0.0204,0.6236,0.1564,0,2026-06-15,0.14614354074001312,Low Risk,
CID00940,58,Active Trader,30,168,5,56,772898.78,548112.64,631946.86,782693.08,-0.00531,0.4089,0.0589,0.0973,0.0239,0,2026-06-15,0.09091520309448242,Low Risk,
CID00941,17,Retail,1,5,3,8,8423.57,2076.94,9084.88,10072.37,-0.00918,0.4407,0.0743,0.2663,0.1351,0,2026-06-15,0.14320601522922516,Low Risk,
CID00942,47,Retail,4,4,0,2,4012.57,137.07,25611.84,23361.79,0.01477,0.7148,0.4044,0.0723,0.3798,0,2026-06-15,0.24877601861953735,Low Risk,
CID00943,17,Retail,0,0,1,10,903.88,94.73,9474.43,7265.65,0.00238,0.472,0.1026,0.1793,0.0866,0,2026-06-15,0.0982872024178505,Low Risk,
CID00944,55,Retail,0,3,3,7,658.17,14.97,943.52,878.61,0.0157,0.6753,0.0436,0.0736,0.0244,0,2026-06-15,0.2143818587064743,Low Risk,
CID00945,124,HNI,2,4,5,20,36812.61,153.27,487021.0,577380.57,-0.00512,0.3732,0.1796,0.0767,0.135,0,2026-06-15,0.16037753224372864,Low Risk,
CID00946,21,Retail,0,5,5,28,479259.32,126494.05,522103.51,417195.82,0.02314,0.7027,0.3409,0.2921,0.3177,0,2026-06-15,0.10471343249082565,Low Risk,
CID00947,80,Active Trader,49,225,10,59,57382.38,9765.53,70671.04,65231.58,-0.00637,0.8285,0.1902,0.1713,0.2204,0,2026-06-15,0.06875809282064438,Low Risk,
CID00948,34,Active Trader,25,220,14,41,19415.26,3825.82,456614.7,368565.8,-0.01384,0.7452,0.0304,0.0195,0.0459,0,2026-06-15,0.27644476294517517,Low Risk,
CID00949,53,Active Trader,10,60,11,40,12555.14,354.88,65359.57,60449.75,0.01077,0.8151,0.1562,0.1726,0.1346,0,2026-06-15,0.03981129825115204,Low Risk,
CID00950,27,Retail,0,0,5,6,663.45,91.52,4733.03,5328.52,-0.01462,0.5315,0.0847,0.3041,0.4961,0,2026-06-15,0.1260915845632553,Low Risk,
CID00951,47,Retail,0,4,8,19,27347.94,3104.4,22782.61,21940.73,-0.01311,0.73,0.3701,0.6589,0.5279,1,2026-06-15,0.10333994030952454,Low Risk,
CID00952,76,Retail,0,6,4,17,25297.97,6125.02,38290.92,31807.49,-0.00196,0.4303,0.1294,0.0649,0.135,0,2026-06-15,0.24193517863750458,Low Risk,
CID00953,103,Active Trader,56,86,18,48,14254.74,1758.52,124680.43,110355.3,-0.00388,0.4531,0.4306,0.7234,0.2363,0,2026-06-15,0.13787217438220978,Low Risk,
CID00954,117,Active Trader,5,58,17,75,20920.79,7449.54,29673.94,26490.05,0.00643,0.3479,0.3451,0.2052,0.0647,0,2026-06-15,0.17046429216861725,Low Risk,
CID00955,75,Retail,6,10,4,21,11076.8,3917.46,13233.68,15416.9,0.05007,0.5687,0.373,0.2716,0.0519,0,2026-06-15,0.11762498319149017,Low Risk,
CID00956,79,Retail,4,6,2,26,2144.06,31.61,4127.58,3672.21,-0.02599,0.7163,0.0434,0.2924,0.0383,0,2026-06-15,0.06871066242456436,Low Risk,
CID00957,7,Retail,1,1,5,33,950.99,296.35,4616.15,4203.13,0.00175,0.3938,0.2697,0.6032,0.5374,0,2026-06-15,0.09939766675233841,Low Risk,
CID00958,21,Retail,0,43,7,30,2299.58,1023.97,16809.14,19107.62,0.00602,0.8245,0.0367,0.1358,0.0576,0,2026-06-15,0.1504937708377838,Low Risk,
CID00959,114,HNI,3,20,1,26,970357.65,244543.27,1086612.51,1235826.82,0.00196,0.4375,0.1334,0.6885,0.5505,0,2026-06-15,0.06804917752742767,Low Risk,
CID00960,27,Active Trader,19,138,11,31,81477.98,28066.23,226183.45,197686.13,-0.01862,0.4418,0.5328,0.1858,0.0158,0,2026-06-15,0.3408506214618683,Low Risk,
CID00961,71,Active Trader,27,146,10,37,48214.0,18495.63,554326.16,530066.49,0.01156,0.4916,0.4076,0.515,0.7168,0,2026-06-15,0.08076950162649155,Low Risk,
CID00962,52,Retail,1,1,2,8,1166.22,748.45,5694.95,4814.29,-0.00118,0.1477,0.0826,0.6047,0.5407,0,2026-06-15,0.18969738483428955,Low Risk,
CID00963,21,Retail,1,13,9,10,1873.36,972.92,25873.66,25344.34,-0.02037,0.6239,0.0957,0.7033,0.2499,0,2026-06-15,0.20897817611694336,Low Risk,
CID00964,25,Retail,8,18,1,6,1630.33,54.14,21317.03,18360.58,0.00478,0.666,0.2192,0.5884,0.4643,0,2026-06-15,0.08500253409147263,Low Risk,
CID00965,100,HNI,10,17,6,29,1301513.09,222142.21,2111454.98,1648054.46,0.00034,0.6155,0.228,0.2544,0.0497,0,2026-06-15,0.09043486416339874,Low Risk,
CID00966,44,Active Trader,78,162,4,25,134805.22,11631.11,221072.87,240168.99,-0.00449,0.5672,0.2861,0.1651,0.1236,0,2026-06-15,0.06643633544445038,Low Risk,
CID00967,62,Active Trader,20,100,14,47,71787.15,11712.57,144460.6,125892.98,-0.02577,0.4479,0.0486,0.5707,0.5648,0,2026-06-15,0.14583998918533325,Low Risk,
CID00968,24,Retail,1,12,2,17,1292.4,51.9,4100.24,3350.09,-0.02503,0.0874,0.1824,0.1132,0.334,0,2026-06-15,0.4047507345676422,Medium Risk,
CID00969,60,Active Trader,27,160,20,46,6452.92,643.88,111416.14,111287.61,0.00348,0.5226,0.0491,0.3026,0.0336,0,2026-06-15,0.09112847596406937,Low Risk,
CID00970,80,Active Trader,30,157,12,40,21294.24,4218.5,114453.81,114470.15,0.00904,0.5437,0.1277,0.2301,0.3503,0,2026-06-15,0.1345401108264923,Low Risk,
CID00971,50,Retail,0,0,3,13,6006.63,1622.79,2502.34,2128.73,-0.0098,0.2066,0.073,0.4521,0.4105,1,2026-06-15,0.3495672643184662,Low Risk,
CID00972,22,Active Trader,52,132,7,49,212675.93,150526.61,368385.87,294718.11,0.00591,0.628,0.3709,0.54,0.1817,0,2026-06-15,0.11682579666376114,Low Risk,
CID00973,66,HNI,4,12,12,24,639367.05,154704.47,515689.99,630991.04,0.01504,0.8337,0.0733,0.2086,0.0266,0,2026-06-15,0.09924142062664032,Low Risk,
CID00974,19,Retail,0,6,1,14,7947.81,1774.45,12012.48,9612.66,0.0133,0.4182,0.1454,0.5893,0.5961,0,2026-06-15,0.1007935181260109,Low Risk,
CID00975,41,Retail,1,4,0,13,1262.53,443.68,7569.45,4992.25,-0.00244,0.6102,0.0468,0.5376,0.5555,0,2026-06-15,0.058898068964481354,Low Risk,
CID00976,114,HNI,1,5,8,18,32579.21,11192.98,220783.93,193410.88,-0.02753,0.0641,0.1831,0.8314,0.5554,0,2026-06-15,0.4183124601840973,Medium Risk,
CID00977,38,Retail,1,1,0,25,21848.68,4685.93,48164.39,44479.25,0.00054,0.3379,0.088,0.263,0.2368,0,2026-06-15,0.16377966105937958,Low Risk,
CID00978,17,Retail,0,6,6,7,16794.15,7233.95,37991.95,34751.01,-0.0223,0.8511,0.1084,0.0094,0.0131,1,2026-06-15,0.4495435357093811,Medium Risk,
CID00979,49,Retail,0,0,9,10,10507.1,1202.11,11075.23,11465.49,-0.01672,0.4099,0.2275,0.1064,0.0166,1,2026-06-15,0.40022799372673035,Medium Risk,
CID00980,53,Retail,0,0,2,12,15582.68,1888.34,38649.39,44218.43,0.05386,0.3167,0.0299,0.2011,0.0603,1,2026-06-15,0.15981751680374146,Low Risk,
CID00981,55,Retail,2,4,3,8,2538.46,418.46,7980.47,9861.15,-0.00372,0.461,0.1681,0.5018,0.2471,0,2026-06-15,0.1364203840494156,Low Risk,
CID00982,52,Active Trader,28,90,18,43,6176.05,1903.34,21912.96,19388.78,-0.02664,0.0734,0.3753,0.6105,0.5496,0,2026-06-15,0.3841753304004669,Low Risk,
CID00983,77,Retail,3,5,2,11,1899.92,821.17,23068.56,23419.0,-0.05529,0.2964,0.0546,0.3055,0.0309,1,2026-06-15,0.25885289907455444,Low Risk,
CID00984,93,HNI,1,10,6,32,105098.03,8018.25,599750.29,595215.61,0.02249,0.4539,0.2264,0.8348,0.6539,0,2026-06-15,0.08467555791139603,Low Risk,
CID00985,88,Retail,2,4,5,30,12012.77,6673.94,22708.9,23445.28,0.00254,0.4814,0.032,0.155,0.0754,0,2026-06-15,0.07038293033838272,Low Risk,
CID00986,99,Active Trader,43,79,19,43,8704.28,154.18,119296.86,130631.2,-0.0514,0.1562,0.0977,0.6232,0.7924,0,2026-06-15,0.2707631289958954,Low Risk,
CID00987,44,Active Trader,47,89,3,60,150478.41,7168.18,384917.46,403827.19,0.01874,0.5496,0.1287,0.5244,0.4498,0,2026-06-15,0.1239645853638649,Low Risk,
CID00988,6,Active Trader,46,49,7,32,69260.29,4809.49,132066.2,137700.86,-0.00496,0.6066,0.0872,0.4015,0.0821,0,2026-06-15,0.15794865787029266,Low Risk,
CID00989,65,Active Trader,6,55,9,34,66777.87,8429.19,101841.11,111933.49,-0.00223,0.4315,0.1301,0.0262,0.0696,0,2026-06-15,0.19314789772033691,Low Risk,
CID00990,49,Active Trader,61,130,6,51,1726.69,498.03,55338.44,48203.13,-0.00706,0.3708,0.1604,0.0602,0.0592,0,2026-06-15,0.16522438824176788,Low Risk,
CID00991,22,Active Trader,33,52,16,49,148480.37,43333.38,292295.07,181995.95,-0.00646,0.8748,0.2624,0.0211,0.071,0,2026-06-15,0.2976129651069641,Low Risk,
CID00992,100,Active Trader,60,133,20,76,23816.08,4134.87,74815.79,73210.4,-0.02171,0.15,0.0827,0.7071,0.4011,0,2026-06-15,0.23594501614570618,Low Risk,
CID00993,166,HNI,0,7,15,24,789705.23,134863.61,1332778.94,1307767.21,-0.00978,0.4182,0.0779,0.0217,0.0712,0,2026-06-15,0.2529105544090271,Low Risk,
CID00994,50,Retail,1,9,2,22,3395.42,375.0,12213.19,13978.24,0.03982,0.5073,0.0449,0.1491,0.0158,0,2026-06-15,0.12363405525684357,Low Risk,
CID00995,31,Retail,4,4,0,16,1554.66,24.33,9788.59,9759.95,0.0001,0.6312,0.0383,0.1728,0.0362,0,2026-06-15,0.0769430547952652,Low Risk,
CID00996,70,Active Trader,38,72,6,53,62576.77,38873.8,408599.49,307657.11,-0.00774,0.4398,0.1241,0.1188,0.0109,0,2026-06-15,0.1075131744146347,Low Risk,
CID00997,28,Active Trader,31,157,22,55,16609.93,1276.69,280806.35,256541.73,-0.03693,0.0293,0.3086,0.4943,0.3364,0,2026-06-15,0.49967047572135925,Medium Risk,
CID00998,71,HNI,0,4,3,6,152266.08,7125.76,1284181.92,1057580.33,0.02573,0.1961,0.066,0.1434,0.0662,0,2026-06-15,0.2067093551158905,Low Risk,
CID00999,79,Retail,45,48,4,25,69917.83,1457.85,80491.24,80510.37,-0.06477,0.2039,0.1618,0.0693,0.1858,0,2026-06-15,0.27611109614372253,Low Risk,
CID01000,22,Retail,2,3,3,9,1093.27,258.94,10784.72,9480.16,0.01359,0.6581,0.1351,0.669,0.4862,1,2026-06-15,0.11224215477705002,Low Risk,
CID01001,27,Active Trader,5,69,24,64,163427.52,12203.93,159345.06,165883.91,0.00876,0.7086,0.6421,0.0588,0.051,0,2026-06-15,0.33576157689094543,Low Risk,
CID01002,3,Active Trader,46,132,9,53,297367.16,82397.98,830817.03,814810.68,0.00192,0.6284,0.1272,0.5673,0.3934,0,2026-06-15,0.05211795121431351,Low Risk,
CID01003,38,Active Trader,42,94,15,30,6449.62,2292.62,44856.9,36884.21,-0.05064,0.4648,0.1831,0.347,0.3584,0,2026-06-15,0.20237962901592255,Low Risk,
CID01004,45,Active Trader,17,82,10,68,579550.05,35742.55,337997.43,332110.37,0.00779,0.3796,0.1173,0.062,0.0599,0,2026-06-15,0.24403995275497437,Low Risk,
CID01005,42,Active Trader,25,142,16,36,3045.41,411.83,31604.99,31906.31,0.00881,0.3285,0.1561,0.7041,0.4728,0,2026-06-15,0.14120249450206757,Low Risk,
CID01006,10,Active Trader,17,106,14,67,70562.35,14738.27,2050576.92,2002600.57,0.00127,0.5514,0.152,0.5397,0.113,0,2026-06-15,0.13105171918869019,Low Risk,
CID01007,74,Active Trader,38,165,8,45,189128.88,20752.84,92291.85,81815.81,0.00184,0.342,0.2334,0.2874,0.1537,0,2026-06-15,0.09495769441127777,Low Risk,
CID01008,41,HNI,0,6,0,24,66800.22,12770.38,532391.19,540278.04,-0.00888,0.4882,0.2695,0.2461,0.4846,1,2026-06-15,0.053774259984493256,Low Risk,
CID01009,85,Active Trader,13,29,18,32,46172.31,9573.37,275074.63,328431.04,-0.02517,0.01,0.113,0.1728,0.0809,0,2026-06-15,0.2230171412229538,Low Risk,
CID01010,8,Active Trader,20,70,10,54,14374.98,2214.31,41310.74,36236.32,0.01006,0.4202,0.3081,0.1728,0.0127,0,2026-06-15,0.2143993079662323,Low Risk,
CID01011,109,HNI,5,20,6,8,349701.73,17906.88,904151.66,1034289.52,-0.03748,0.171,0.0434,0.7054,0.5526,1,2026-06-15,0.3708850145339966,Low Risk,
CID01012,18,Active Trader,38,222,16,37,42417.66,944.72,161871.24,143344.2,-0.02914,0.3853,0.1789,0.4425,0.3707,0,2026-06-15,0.12858082354068756,Low Risk,
CID01013,28,Retail,0,6,4,11,274.26,91.02,2379.37,2246.3,-0.00061,0.724,0.0914,0.6539,0.1143,0,2026-06-15,0.06480251252651215,Low Risk,
CID01014,103,Retail,0,11,3,15,11785.13,1848.15,32591.21,36649.7,0.00264,0.3567,0.2137,0.0397,0.0039,1,2026-06-15,0.34947124123573303,Low Risk,
CID01015,29,Retail,1,1,2,8,13822.75,4009.06,122055.78,119458.14,0.00031,0.4116,0.3054,0.6489,0.8257,0,2026-06-15,0.1765814572572708,Low Risk,
CID01016,83,Active Trader,32,155,5,43,628.06,46.73,5290.53,5222.38,-0.00015,0.3916,0.0652,0.0674,0.0297,0,2026-06-15,0.1787768304347992,Low Risk,
CID01017,41,Retail,17,18,0,22,7719.79,5586.74,5485.59,6026.68,-0.00043,0.3157,0.1193,0.7883,0.4998,0,2026-06-15,0.058887433260679245,Low Risk,
CID01018,66,Retail,1,2,5,27,14302.72,2298.25,22464.97,23840.19,0.01631,0.6594,0.0956,0.0486,0.1152,0,2026-06-15,0.24238042533397675,Low Risk,
CID01019,12,Active Trader,14,48,10,43,37172.12,17493.67,86663.17,88362.82,-0.02339,0.1545,0.0397,0.0386,0.0093,0,2026-06-15,0.3698968291282654,Low Risk,
CID01020,13,Active Trader,20,160,18,70,9862.4,5157.47,69643.64,57275.34,0.00563,0.4119,0.1817,0.3829,0.0419,0,2026-06-15,0.2554164528846741,Low Risk,
CID01021,58,HNI,7,15,6,37,333492.9,55068.37,761463.83,796159.9,0.00421,0.675,0.0279,0.3663,0.371,0,2026-06-15,0.05654064565896988,Low Risk,
CID01022,46,Active Trader,26,168,10,49,6805.46,1889.56,68046.45,60650.07,0.0157,0.9017,0.0413,0.5326,0.2987,0,2026-06-15,0.14315176010131836,Low Risk,
CID01023,54,Retail,0,2,2,16,34125.27,5077.67,29041.69,25127.89,0.01997,0.7052,0.0953,0.0994,0.3383,0,2026-06-15,0.2638111114501953,Low Risk,
CID01024,38,HNI,5,14,2,20,995904.91,49389.14,921035.6,941227.22,0.02029,0.7633,0.1412,0.4575,0.1709,0,2026-06-15,0.1525184065103531,Low Risk,
CID01025,69,Active Trader,6,36,12,66,376650.18,224696.23,333511.21,273525.98,-0.0031,0.0603,0.1137,0.5322,0.2382,0,2026-06-15,0.06570512801408768,Low Risk,
CID01026,76,Active Trader,20,171,6,21,100132.58,5719.8,383953.84,281173.88,-0.02053,0.5253,0.0247,0.0465,0.0034,0,2026-06-15,0.2759722173213959,Low Risk,
CID01027,60,Retail,0,1,3,24,1257.5,15.86,2615.31,2509.93,-0.00864,0.3494,0.1626,0.5325,0.12,1,2026-06-15,0.1417253017425537,Low Risk,
CID01028,25,Retail,0,5,2,27,2327.91,950.48,14955.47,12167.25,-0.02751,0.0144,0.1078,0.1191,0.2628,1,2026-06-15,0.44484615325927734,Medium Risk,
CID01029,98,Retail,0,0,1,14,17553.05,2913.83,24995.61,25657.58,-0.0139,0.291,0.6404,0.355,0.1561,1,2026-06-15,0.39020949602127075,Low Risk,
CID01030,73,Retail,1,7,1,7,19107.1,1277.18,44343.33,43715.28,-0.00428,0.0777,0.1339,0.1798,0.1151,0,2026-06-15,0.1884748786687851,Low Risk,
CID01031,43,Active Trader,34,90,9,45,121733.38,28648.39,186155.28,207586.7,0.00408,0.253,0.2489,0.3713,0.1738,0,2026-06-15,0.17859525978565216,Low Risk,
CID01032,21,Active Trader,35,297,17,77,5784.64,622.88,21400.96,16782.17,-0.01006,0.2756,0.1769,0.4156,0.2218,0,2026-06-15,0.6048743724822998,Medium Risk,
CID01033,67,Active Trader,18,90,17,40,7396.65,948.45,17442.31,21160.42,0.04615,0.1158,0.1683,0.8624,0.4646,0,2026-06-15,0.14476443827152252,Low Risk,
CID01034,61,Retail,0,0,3,23,4141.9,1392.38,55013.95,44740.85,0.04525,0.7951,0.0859,0.1391,0.0355,0,2026-06-15,0.346733957529068,Low Risk,
CID01035,75,Retail,0,10,2,29,21200.52,6875.4,29700.83,30634.46,0.00386,0.3781,0.02,0.5384,0.0263,0,2026-06-15,0.15912790596485138,Low Risk,
CID01036,54,Active Trader,34,156,14,40,3365.26,408.64,7448.21,7787.36,-0.06442,0.3633,0.1608,0.3724,0.2479,0,2026-06-15,0.144497811794281,Low Risk,
CID01037,10,Retail,0,2,6,19,3102.17,1795.36,23580.43,24574.47,-0.00558,0.0734,0.1058,0.0402,0.2167,1,2026-06-15,0.2272729128599167,Low Risk,
CID01038,8,Retail,10,14,2,7,800.09,226.61,7894.08,8166.86,0.00972,0.5491,0.1624,0.1668,0.1509,0,2026-06-15,0.06247454509139061,Low Risk,
CID01039,68,Retail,1,1,7,27,1076.51,306.67,13310.05,12890.79,0.01681,0.6426,0.2878,0.1399,0.1327,0,2026-06-15,0.21461467444896698,Low Risk,
CID01040,44,Retail,0,0,0,13,13271.7,1400.78,39926.71,32649.45,0.01223,0.1288,0.1376,0.3704,0.5699,1,2026-06-15,0.20889724791049957,Low Risk,
CID01041,9,Retail,1,11,0,18,3946.13,298.92,17705.5,17322.62,-0.00959,0.7439,0.1005,0.0225,0.036,1,2026-06-15,0.13677112758159637,Low Risk,
CID01042,113,HNI,1,15,3,26,127289.06,9030.18,1706591.48,1760284.46,0.01844,0.4282,0.0423,0.1106,0.0781,0,2026-06-15,0.2174232453107834,Low Risk,
CID01043,61,Active Trader,33,259,5,54,20999.14,4691.58,45822.94,43707.78,0.02052,0.304,0.2186,0.2859,0.0667,0,2026-06-15,0.09231531620025635,Low Risk,
CID01044,39,HNI,1,2,5,29,364711.48,55012.59,8780205.02,7272907.74,0.04114,0.7034,0.1219,0.6766,0.5565,0,2026-06-15,0.07351259887218475,Low Risk,
CID01045,29,Active Trader,34,172,12,26,44840.0,19079.59,42915.84,46816.05,-0.00132,0.4404,0.1436,0.3585,0.2187,0,2026-06-15,0.11193949729204178,Low Risk,
CID01046,41,HNI,7,21,5,25,392745.92,38538.81,462303.75,430956.36,-0.00454,0.6042,0.0299,0.3624,0.107,0,2026-06-15,0.06214423105120659,Low Risk,
CID01047,9,Retail,0,8,4,33,18733.2,3670.63,44369.05,50004.94,0.00447,0.702,0.1017,0.434,0.5565,1,2026-06-15,0.0519365519285202,Low Risk,
CID01048,64,Retail,0,0,6,7,8773.11,4635.02,15748.77,13477.79,0.02771,0.6136,0.0732,0.2348,0.6439,0,2026-06-15,0.16759958863258362,Low Risk,
CID01049,14,Retail,0,16,2,7,12283.34,373.01,26868.08,25792.25,-0.00642,0.7343,0.1966,0.4101,0.0982,0,2026-06-15,0.09215865284204483,Low Risk,
CID01050,46,Active Trader,61,78,23,75,100043.94,36260.55,251411.54,240025.24,0.02873,0.4052,0.0622,0.6263,0.8519,0,2026-06-15,0.13379161059856415,Low Risk,
CID01051,33,Retail,1,4,4,29,2788.23,1220.74,1796.33,2158.6,-0.01871,0.4744,0.1741,0.6109,0.7558,0,2026-06-15,0.06268081814050674,Low Risk,
CID01052,156,HNI,6,90,2,23,50705.66,21608.13,779361.48,756247.83,0.01337,0.5817,0.0642,0.3581,0.1139,0,2026-06-15,0.054490283131599426,Low Risk,
CID01053,62,Retail,0,0,6,25,5688.0,928.87,37791.73,37153.96,0.02218,0.5391,0.1078,0.3442,0.247,0,2026-06-15,0.14669248461723328,Low Risk,
CID01054,21,Active Trader,37,61,12,70,79585.53,4773.22,427285.11,446855.32,-0.02636,0.5858,0.1853,0.0399,0.1278,0,2026-06-15,0.2588966488838196,Low Risk,
CID01055,10,Retail,0,1,0,4,7691.95,1816.31,10472.01,12046.85,-0.01048,0.1424,0.084,0.1473,0.0871,1,2026-06-15,0.46163541078567505,Medium Risk,
CID01056,64,Active Trader,18,170,8,31,9185.2,1137.86,37609.95,35019.24,-0.00055,0.9648,0.2013,0.4659,0.4278,0,2026-06-15,0.05655156821012497,Low Risk,
CID01057,30,Active Trader,19,159,17,35,3490.22,367.46,24970.37,24196.63,0.02041,0.4573,0.2537,0.0435,0.2104,0,2026-06-15,0.12469325214624405,Low Risk,
CID01058,94,Active Trader,24,94,11,52,19160.33,1727.99,63825.52,52090.61,-0.00399,0.318,0.2018,0.4474,0.2885,0,2026-06-15,0.16076980531215668,Low Risk,
CID01059,59,Retail,0,17,3,26,1992.75,382.33,10665.99,6334.59,-0.04038,0.2177,0.0646,0.225,0.2478,0,2026-06-15,0.3678904175758362,Low Risk,
CID01060,22,Retail,0,0,9,9,8005.97,1344.45,15918.29,16903.55,0.05528,0.9148,0.0964,0.4338,0.1309,0,2026-06-15,0.2818710505962372,Low Risk,
CID01061,36,Retail,3,11,5,29,13865.16,2177.76,25119.43,25179.08,-0.02004,0.6684,0.2795,0.1218,0.0029,0,2026-06-15,0.16332481801509857,Low Risk,
CID01062,27,Retail,0,2,5,20,1077.96,327.23,2503.98,2444.35,0.01003,0.3452,0.129,0.4729,0.3552,0,2026-06-15,0.14328303933143616,Low Risk,
CID01063,50,Retail,1,3,5,10,910.37,432.12,3640.6,3523.74,0.02179,0.5849,0.0347,0.0196,0.0493,1,2026-06-15,0.12045539170503616,Low Risk,
CID01064,97,Retail,1,16,2,12,3989.73,177.04,25787.23,26386.46,-0.01011,0.6708,0.0678,0.1072,0.1634,0,2026-06-15,0.20233385264873505,Low Risk,
CID01065,71,HNI,0,11,6,15,1274498.64,220236.27,3217883.84,3497268.71,-7e-05,0.3095,0.1336,0.2044,0.2522,0,2026-06-15,0.14361824095249176,Low Risk,
CID01066,76,Retail,1,1,2,9,3815.62,1805.49,873.05,362.99,0.00788,0.7831,0.4052,0.4569,0.7536,0,2026-06-15,0.16680747270584106,Low Risk,
CID01067,31,Retail,2,14,4,4,1464.12,536.21,2469.37,3371.58,0.00104,0.6524,0.1281,0.57,0.3736,0,2026-06-15,0.06876849383115768,Low Risk,
CID01068,23,Active Trader,22,52,17,53,3257.82,54.01,5976.37,5394.27,-0.00459,0.6723,0.0855,0.6894,0.155,0,2026-06-15,0.07532013952732086,Low Risk,
CID01069,44,Retail,0,20,4,11,9030.19,267.43,89496.01,85579.49,-0.01344,0.3641,0.4081,0.6781,0.0745,1,2026-06-15,0.15413349866867065,Low Risk,
CID01070,16,Retail,2,2,8,17,1522.47,476.92,11284.74,11610.98,-0.01858,0.0689,0.1294,0.0308,0.0357,0,2026-06-15,0.5197744369506836,Medium Risk,
CID01071,99,Active Trader,67,106,9,36,10587.11,4847.08,54865.77,51855.12,-0.00843,0.1954,0.1778,0.1343,0.4319,0,2026-06-15,0.0709802433848381,Low Risk,
CID01072,27,Active Trader,3,32,15,54,11579.4,1811.92,26162.14,28503.0,-0.03777,0.3884,0.7779,0.1116,0.1627,0,2026-06-15,0.2585415840148926,Low Risk,
CID01073,71,Retail,4,4,6,22,146.02,38.08,3276.3,3405.66,-0.04891,0.4718,0.1004,0.0184,0.1035,1,2026-06-15,0.19252640008926392,Low Risk,
CID01074,21,Retail,1,1,8,26,4719.62,1204.03,26492.32,27051.5,0.03963,0.2278,0.1376,0.485,0.0487,0,2026-06-15,0.3439577519893646,Low Risk,
CID01075,22,Retail,1,4,6,28,41822.26,10848.5,47014.86,45578.7,-0.00129,0.5224,0.0354,0.1363,0.06,0,2026-06-15,0.13461393117904663,Low Risk,
CID01076,123,HNI,6,24,4,42,93602.07,20261.44,515032.29,612975.83,0.03722,0.5725,0.1147,0.6541,0.4243,0,2026-06-15,0.05828634276986122,Low Risk,
CID01077,41,Active Trader,44,233,19,47,282578.7,85807.16,316630.82,324754.49,0.00686,0.3633,0.3392,0.6225,0.6202,0,2026-06-15,0.05684444308280945,Low Risk,
CID01078,81,Active Trader,18,173,10,60,58658.13,584.89,273924.56,252649.16,0.01559,0.5989,0.1774,0.3426,0.002,0,2026-06-15,0.1013609990477562,Low Risk,
CID01079,87,Retail,0,7,4,26,819.18,251.63,6608.54,7857.2,0.01461,0.7272,0.1107,0.1975,0.164,0,2026-06-15,0.10511206835508347,Low Risk,
CID01080,83,HNI,2,36,2,20,794800.18,103639.22,1071461.93,1046495.24,-0.02739,0.3537,0.1548,0.1193,0.0338,0,2026-06-15,0.17252248525619507,Low Risk,
CID01081,45,Retail,0,9,3,7,44329.93,12672.77,31804.78,31306.62,-0.00416,0.3966,0.2839,0.2597,0.0085,0,2026-06-15,0.2581433951854706,Low Risk,
CID01082,25,Retail,0,0,0,28,1349.84,700.64,22639.99,23396.08,-0.01457,0.4692,0.032,0.0733,0.3002,1,2026-06-15,0.21477042138576508,Low Risk,
CID01083,74,Active Trader,20,58,8,19,100392.27,13761.97,147384.77,134756.3,-0.00072,0.4604,0.1996,0.1267,0.0081,0,2026-06-15,0.1825762838125229,Low Risk,
CID01084,45,Active Trader,23,93,6,38,70198.06,29189.07,662411.64,630637.72,0.00147,0.6771,0.151,0.6899,0.5577,0,2026-06-15,0.04431622847914696,Low Risk,
CID01085,73,Active Trader,16,84,6,42,7545.16,2632.24,7069.35,6395.9,0.00707,0.5399,0.3978,0.6452,0.1501,0,2026-06-15,0.10509403795003891,Low Risk,
CID01086,84,Active Trader,53,130,5,38,75822.72,8975.23,347552.35,321914.91,-0.03442,0.3834,0.0272,0.3125,0.0368,0,2026-06-15,0.13065974414348602,Low Risk,
CID01087,21,Retail,0,2,2,18,3614.32,1793.77,3887.21,3657.01,0.01149,0.3606,0.064,0.2697,0.0759,1,2026-06-15,0.1153932586312294,Low Risk,
CID01088,67,Active Trader,22,119,22,45,4516.42,465.17,16770.2,16032.5,0.01431,0.5115,0.1026,0.0424,0.0584,0,2026-06-15,0.13256388902664185,Low Risk,
CID01089,59,Active Trader,36,108,7,61,9169.91,4362.49,17579.44,16903.0,0.01545,0.5643,0.0892,0.1065,0.3078,0,2026-06-15,0.1035735085606575,Low Risk,
CID01090,62,Retail,0,1,12,16,788.75,305.58,1975.85,1510.0,-0.00469,0.2424,0.137,0.1482,0.0311,0,2026-06-15,0.28668347001075745,Low Risk,
CID01091,26,Retail,0,8,3,9,3955.95,349.69,6575.49,7135.38,0.0003,0.6272,0.0499,0.6706,0.2657,0,2026-06-15,0.08124496042728424,Low Risk,
CID01092,40,Retail,6,7,10,18,27848.29,5953.74,32420.86,39545.76,0.02032,0.7638,0.0821,0.2084,0.0723,0,2026-06-15,0.12027319520711899,Low Risk,
CID01093,66,HNI,7,24,5,12,270869.1,83002.92,232162.07,242221.62,-0.00036,0.293,0.176,0.076,0.1005,0,2026-06-15,0.1226324811577797,Low Risk,
CID01094,32,Retail,9,14,6,20,4714.66,880.16,8076.94,7486.66,0.01479,0.7367,0.1106,0.3582,0.1605,0,2026-06-15,0.09442920982837677,Low Risk,
CID01095,12,Active Trader,16,65,9,41,34717.68,12556.63,123095.08,118561.66,-0.02653,0.4314,0.438,0.6379,0.4501,0,2026-06-15,0.12642492353916168,Low Risk,
CID01096,36,Retail,2,15,4,24,2017.03,292.09,21661.13,21047.74,-0.01456,0.6822,0.1557,0.5823,0.4269,0,2026-06-15,0.07822588831186295,Low Risk,
CID01097,150,HNI,0,20,8,27,4546115.98,2088816.09,3888861.2,4014340.83,0.02032,0.8263,0.1829,0.1245,0.0835,0,2026-06-15,0.11097585409879684,Low Risk,
CID01098,39,Retail,4,5,3,8,17097.05,1515.24,66730.99,53463.22,0.00287,0.5267,0.0899,0.4833,0.7453,0,2026-06-15,0.1070900410413742,Low Risk,
CID01099,84,Retail,2,2,1,24,1206.71,240.36,10432.73,9911.82,0.02549,0.99,0.1703,0.1918,0.1682,0,2026-06-15,0.09164571762084961,Low Risk,
CID01100,23,Retail,3,8,7,13,5107.7,49.0,51778.89,50469.77,-0.05349,0.0432,0.0516,0.196,0.0493,0,2026-06-15,0.2332737296819687,Low Risk,
CID01101,49,Retail,0,8,1,1,2970.03,254.37,3394.53,2459.66,0.04394,0.8961,0.1514,0.8476,0.6158,1,2026-06-15,0.12135174125432968,Low Risk,
CID01102,164,HNI,2,55,2,11,199883.2,66986.52,895122.35,762399.84,0.06164,0.2817,0.0079,0.0081,0.3724,0,2026-06-15,0.2724340856075287,Low Risk,
CID01103,61,HNI,3,24,8,16,349684.39,66998.51,13647393.1,14223092.7,-0.00021,0.434,0.4492,0.6055,0.178,0,2026-06-15,0.08995034545660019,Low Risk,
CID01104,20,Retail,0,0,1,24,3962.87,628.51,27021.94,28063.38,-0.00313,0.3217,0.0828,0.5107,0.1048,0,2026-06-15,0.23464486002922058,Low Risk,
CID01105,165,HNI,0,15,9,14,702701.13,120277.5,1819901.81,1473363.53,0.01519,0.404,0.2744,0.2107,0.0435,0,2026-06-15,0.2748333513736725,Low Risk,
CID01106,26,Retail,2,2,9,36,4115.52,65.42,2550.0,2248.19,0.03948,0.4549,0.363,0.0548,0.0128,0,2026-06-15,0.19677028059959412,Low Risk,
CID01107,11,Active Trader,16,165,16,56,3693.16,435.09,33452.27,34668.01,0.0041,0.6758,0.1634,0.0567,0.059,0,2026-06-15,0.15137672424316406,Low Risk,
CID01108,32,Retail,2,23,6,36,5327.67,857.62,72450.13,51992.9,0.01029,0.5933,0.4345,0.1502,0.1346,0,2026-06-15,0.1424010843038559,Low Risk,
CID01109,25,Retail,1,5,5,10,2608.89,2094.04,639.58,972.84,0.00569,0.5599,0.0584,0.2629,0.1033,0,2026-06-15,0.08908390998840332,Low Risk,
CID01110,8,Retail,0,1,5,23,4320.74,1212.12,20112.16,16926.98,0.0318,0.8656,0.072,0.09,0.284,0,2026-06-15,0.1716158092021942,Low Risk,
CID01111,63,Active Trader,93,142,19,60,16601.83,6933.83,52038.65,51910.54,0.00298,0.4004,0.2088,0.4249,0.2872,0,2026-06-15,0.09027574956417084,Low Risk,
CID01112,15,Retail,0,2,11,15,22688.5,8099.14,45673.05,36040.34,-0.00508,0.6576,0.1062,0.507,0.4702,0,2026-06-15,0.18531456589698792,Low Risk,
CID01113,28,Active Trader,38,72,2,33,14102.26,70.51,52380.44,48340.97,-0.03054,0.7258,0.0355,0.0412,0.0113,0,2026-06-15,0.10538873076438904,Low Risk,
CID01114,7,Retail,3,5,1,14,4930.59,1236.54,10500.96,10273.41,0.01892,0.7486,0.2021,0.2869,0.2951,0,2026-06-15,0.15628713369369507,Low Risk,
CID01115,23,Retail,3,4,9,38,829.26,16.75,3350.51,4332.91,-0.00704,0.2563,0.1115,0.1683,0.1244,1,2026-06-15,0.14786627888679504,Low Risk,
CID01116,55,Active Trader,13,110,10,37,4633.27,2958.35,47633.33,50542.72,-0.00375,0.3861,0.0297,0.288,0.4244,0,2026-06-15,0.087365061044693,Low Risk,
CID01117,84,Retail,1,3,2,29,179.95,33.9,13222.22,12809.68,0.00268,0.3803,0.0775,0.0597,0.0768,0,2026-06-15,0.1628292202949524,Low Risk,
CID01118,38,Retail,4,12,5,27,1614.03,40.15,4325.97,5289.52,-0.0391,0.3186,0.1567,0.4561,0.4455,0,2026-06-15,0.17758014798164368,Low Risk,
CID01119,77,Retail,0,2,7,25,1398.77,393.97,5163.04,4623.07,-0.00775,0.7158,0.1595,0.4429,0.0095,0,2026-06-15,0.1568859964609146,Low Risk,
CID01120,53,HNI,9,17,2,19,164548.64,2090.27,842263.46,840766.22,-0.00234,0.4649,0.271,0.0907,0.0277,0,2026-06-15,0.14873088896274567,Low Risk,
CID01121,91,Retail,0,0,1,18,415.73,78.88,3134.69,2041.27,-0.0264,0.0313,0.0494,0.5104,0.4606,1,2026-06-15,0.3096763491630554,Low Risk,
CID01122,98,Active Trader,17,140,10,73,251008.42,48157.02,230043.93,215094.2,0.00137,0.5844,0.0538,0.1617,0.2119,0,2026-06-15,0.07981953024864197,Low Risk,
CID01123,25,Retail,1,13,3,17,31913.71,11049.25,12610.52,10861.27,0.03262,0.743,0.0371,0.1866,0.2285,0,2026-06-15,0.11669323593378067,Low Risk,
CID01124,33,Retail,5,5,0,28,67692.66,7953.21,203394.2,228177.61,-0.0267,0.0139,0.4014,0.2357,0.3896,1,2026-06-15,0.21578195691108704,Low Risk,
CID01125,31,Retail,3,17,3,14,5991.27,4995.51,24600.18,22551.16,0.00325,0.4967,0.1263,0.3688,0.3427,0,2026-06-15,0.09529808908700943,Low Risk,
CID01126,42,Retail,0,0,3,6,32981.4,15305.15,85857.18,90303.76,0.03552,0.4732,0.0312,0.6381,0.829,0,2026-06-15,0.1584257185459137,Low Risk,
CID01127,23,Retail,0,0,4,20,3497.84,454.41,8242.52,7133.9,-0.03636,0.6523,0.3308,0.3599,0.2335,0,2026-06-15,0.32093819975852966,Low Risk,
CID01128,56,Retail,3,5,4,21,1649.62,703.06,7007.63,6654.01,-0.01677,0.6574,0.0862,0.0933,0.0092,0,2026-06-15,0.14340071380138397,Low Risk,
CID01129,58,Retail,0,8,2,6,11207.75,576.56,169709.4,166551.91,0.01261,0.5635,0.109,0.3984,0.5288,0,2026-06-15,0.09861554205417633,Low Risk,
CID01130,123,HNI,4,12,9,18,500095.07,149771.93,2252664.19,1525820.6,-0.00932,0.1772,0.1634,0.5774,0.17,0,2026-06-15,0.1864490807056427,Low Risk,
CID01131,34,Active Trader,29,40,12,64,8948.66,773.93,23271.43,22956.61,-0.00553,0.0766,0.1778,0.2205,0.2217,0,2026-06-15,0.2642553746700287,Low Risk,
CID01132,12,Retail,4,10,5,18,1048.58,226.87,2362.45,1692.56,0.01115,0.2078,0.2224,0.2129,0.1382,0,2026-06-15,0.21493080258369446,Low Risk,
CID01133,35,Active Trader,23,62,11,57,72623.1,529.52,54745.36,33719.34,0.04137,0.8084,0.5417,0.75,0.4334,0,2026-06-15,0.1731633096933365,Low Risk,
CID01134,16,Retail,1,3,5,14,3663.17,634.67,8161.1,7065.09,-0.02686,0.3604,0.0813,0.5285,0.0958,0,2026-06-15,0.3085257411003113,Low Risk,
CID01135,46,Retail,0,7,4,7,958.4,809.27,2868.84,3564.62,-0.01991,0.5285,0.2468,0.0381,0.1183,1,2026-06-15,0.15287858247756958,Low Risk,
CID01136,24,Retail,1,8,6,15,8112.01,2317.28,34273.91,34119.54,0.01214,0.5056,0.1168,0.6572,0.6457,0,2026-06-15,0.09599997103214264,Low Risk,
CID01137,125,HNI,2,2,2,20,72772.65,31606.08,803562.9,759286.16,0.00341,0.6269,0.0615,0.0262,0.1094,0,2026-06-15,0.2928146421909332,Low Risk,
CID01138,52,Retail,0,2,1,9,681.6,211.46,777.28,901.69,-0.0065,0.7802,0.038,0.0484,0.0701,1,2026-06-15,0.2894112467765808,Low Risk,
CID01139,84,HNI,4,91,2,7,477344.03,173842.81,893474.6,774718.94,-0.00968,0.2987,0.0698,0.6784,0.4943,0,2026-06-15,0.1097608357667923,Low Risk,
CID01140,48,Retail,0,1,6,12,11906.9,1800.84,184014.61,194240.81,-0.00071,0.3923,0.1867,0.5754,0.3295,0,2026-06-15,0.16302962601184845,Low Risk,
CID01141,91,Retail,1,1,7,28,15259.0,4256.88,27319.94,30623.48,-0.00015,0.4308,0.3124,0.0684,0.0384,0,2026-06-15,0.43089425563812256,Medium Risk,
CID01142,27,Retail,0,3,6,12,301099.01,117812.26,275813.37,291113.63,0.01102,0.7455,0.0722,0.5323,0.2771,1,2026-06-15,0.04802913963794708,Low Risk,
CID01143,27,Active Trader,26,161,5,24,87795.18,43456.45,290714.49,249793.27,0.0212,0.3972,0.1712,0.3642,0.2561,0,2026-06-15,0.16780519485473633,Low Risk,
CID01144,41,Active Trader,39,111,6,44,8985.85,949.68,60859.59,66714.04,0.02291,0.4716,0.3293,0.1375,0.0597,0,2026-06-15,0.10596827417612076,Low Risk,
CID01145,23,Retail,0,11,4,10,689.17,96.01,13015.92,10474.76,-0.09176,0.2222,0.1085,0.3377,0.5565,0,2026-06-15,0.5966793298721313,Medium Risk,
CID01146,61,Retail,2,5,6,8,600.4,514.37,1361.37,1293.8,-0.00589,0.4784,0.1309,0.4404,0.3566,1,2026-06-15,0.061696141958236694,Low Risk,
CID01147,46,Retail,11,16,1,13,2560.53,325.29,4037.17,4490.11,0.06459,0.6056,0.1448,0.6214,0.6696,0,2026-06-15,0.039876796305179596,Low Risk,
CID01148,31,Retail,1,1,0,23,4179.33,2302.53,757.46,169.18,-0.01949,0.3162,0.0945,0.2332,0.2318,1,2026-06-15,0.24720418453216553,Low Risk,
CID01149,26,Retail,0,3,7,10,1125.5,43.26,3113.79,2440.56,0.06548,0.4856,0.3141,0.2093,0.0393,1,2026-06-15,0.16318678855895996,Low Risk,
CID01150,28,Retail,0,0,5,8,6520.33,1223.65,37608.89,34516.77,-0.07356,0.4437,0.1875,0.0736,0.1611,1,2026-06-15,0.44746288657188416,Medium Risk,
CID01151,66,Retail,0,0,6,32,8619.92,2955.72,32347.45,35297.25,-0.01012,0.7572,0.1666,0.3608,0.6212,0,2026-06-15,0.11811315268278122,Low Risk,
CID01152,32,Retail,0,0,8,27,12609.03,5125.42,11298.28,10834.1,0.01109,0.7829,0.1355,0.2224,0.3331,0,2026-06-15,0.21807515621185303,Low Risk,
CID01153,113,HNI,1,3,14,43,32251.66,5110.26,573401.38,489573.87,-0.02155,0.1004,0.0686,0.0161,0.0125,1,2026-06-15,0.5143415331840515,Medium Risk,
CID01154,145,HNI,1,34,7,22,435671.19,422705.3,4440225.85,3354966.11,-0.04944,0.546,0.0927,0.3572,0.0352,0,2026-06-15,0.09038975089788437,Low Risk,
CID01155,98,HNI,2,11,6,17,43108.81,5962.34,995328.02,1062397.21,-0.01016,0.0883,0.1195,0.2818,0.2818,0,2026-06-15,0.2666943073272705,Low Risk,
CID01156,33,Retail,0,0,1,25,1518.02,212.89,18137.26,16821.78,-0.01649,0.0864,0.1511,0.136,0.0352,0,2026-06-15,0.38582050800323486,Low Risk,
CID01157,75,HNI,9,17,9,14,4591211.53,433219.66,2964603.76,3353032.83,0.00665,0.4311,0.034,0.1721,0.2367,0,2026-06-15,0.1083727553486824,Low Risk,
CID01158,52,Retail,1,35,7,27,35094.23,2821.56,86536.37,93964.42,-0.0104,0.3211,0.2378,0.5725,0.4291,0,2026-06-15,0.18533958494663239,Low Risk,
CID01159,37,Active Trader,46,113,10,28,3520.48,2790.94,14014.72,9643.13,-0.02159,0.4639,0.0385,0.1114,0.0062,0,2026-06-15,0.2983676493167877,Low Risk,
CID01160,87,HNI,0,7,2,24,854555.97,103316.53,6042793.48,5276319.22,-0.00344,0.3264,0.3023,0.0239,0.2111,0,2026-06-15,0.2169867902994156,Low Risk,
CID01161,69,Retail,4,10,0,2,780.58,317.84,1895.62,1853.9,0.00355,0.6949,0.053,0.507,0.7456,0,2026-06-15,0.059131771326065063,Low Risk,
CID01162,114,Retail,1,1,7,21,5782.48,1241.25,16683.26,17417.8,-0.05019,0.4576,0.1166,0.1819,0.0491,0,2026-06-15,0.23342852294445038,Low Risk,
CID01163,13,Retail,1,10,1,11,9998.38,905.77,10802.15,8628.68,-0.00099,0.6199,0.2474,0.6857,0.3271,0,2026-06-15,0.09112253040075302,Low Risk,
CID01164,93,Active Trader,26,98,14,41,3631.7,3260.09,32053.8,31142.0,-0.02637,0.7189,0.1191,0.5303,0.8317,0,2026-06-15,0.06563486158847809,Low Risk,
CID01165,95,HNI,5,15,3,15,88836.03,3154.87,38554.81,33932.69,0.01343,0.1694,0.0858,0.0084,0.0096,0,2026-06-15,0.31428444385528564,Low Risk,
CID01166,13,Retail,0,4,6,14,3014.65,130.88,10290.96,9375.48,0.00032,0.4033,0.0248,0.129,0.1917,1,2026-06-15,0.11504561454057693,Low Risk,
CID01167,25,Retail,0,0,8,17,12182.9,3251.84,76101.73,77811.93,-0.00448,0.0685,0.1993,0.1227,0.1527,0,2026-06-15,0.2789662480354309,Low Risk,
CID01168,28,Retail,0,0,2,24,668.5,217.66,48315.26,41146.79,-0.00935,0.3796,0.2857,0.023,0.128,0,2026-06-15,0.4007827937602997,Medium Risk,
CID01169,34,Active Trader,20,56,16,41,77868.61,14490.05,159367.58,179821.61,-0.00853,0.6252,0.1507,0.6307,0.7359,0,2026-06-15,0.08768503367900848,Low Risk,
CID01170,93,HNI,0,33,6,8,575743.19,4186.51,9657999.44,8788387.22,-0.02739,0.3358,0.127,0.6319,0.3264,0,2026-06-15,0.2873533368110657,Low Risk,
CID01171,107,Active Trader,17,57,5,35,214118.49,5019.89,188184.34,184423.36,0.02109,0.3572,0.0727,0.5397,0.179,0,2026-06-15,0.12237099558115005,Low Risk,
CID01172,129,Active Trader,26,43,19,40,24605.63,7119.91,26253.78,27924.39,-0.01779,0.2741,0.0635,0.4036,0.1189,0,2026-06-15,0.44088277220726013,Medium Risk,
CID01173,88,Retail,2,29,4,27,1525.01,55.06,9385.64,10589.29,-0.02453,0.3369,0.0997,0.1982,0.0083,0,2026-06-15,0.30334946513175964,Low Risk,
CID01174,80,Retail,0,24,7,28,22233.38,16270.34,26641.43,25672.84,-0.0184,0.1234,0.2854,0.3353,0.1976,0,2026-06-15,0.18266414105892181,Low Risk,
CID01175,26,Retail,4,4,0,5,3134.09,1690.81,14280.25,15545.39,-0.00472,0.4578,0.0919,0.4742,0.8067,1,2026-06-15,0.10076954960823059,Low Risk,
CID01176,37,Retail,0,0,2,3,4034.03,588.24,5199.23,5999.01,-0.02542,0.247,0.149,0.4966,0.4385,1,2026-06-15,0.23729752004146576,Low Risk,
CID01177,63,Retail,1,1,2,22,4489.67,368.34,13924.76,13525.48,0.01904,0.7602,0.248,0.2797,0.4679,0,2026-06-15,0.09862205386161804,Low Risk,
CID01178,14,Retail,0,8,3,9,14177.58,517.91,38408.96,34445.87,8e-05,0.0922,0.2928,0.6439,0.4958,0,2026-06-15,0.18124321103096008,Low Risk,
CID01179,120,Active Trader,57,68,23,63,133947.87,35207.96,142305.76,159809.05,-0.03399,0.0743,0.1542,0.4276,0.7241,0,2026-06-15,0.2012263834476471,Low Risk,
CID01180,106,Active Trader,8,109,17,60,11994.41,3265.66,102366.29,114061.9,-0.0218,0.4388,0.2483,0.0212,0.0259,0,2026-06-15,0.3800790011882782,Low Risk,
CID01181,100,Active Trader,47,143,14,36,329486.4,14577.65,388212.04,403641.9,-0.06639,0.1546,0.1387,0.2992,0.1147,0,2026-06-15,0.2149016410112381,Low Risk,
CID01182,9,Retail,0,3,6,23,46190.49,6251.99,54173.96,57576.33,-0.03784,0.0566,0.2672,0.3569,0.0758,1,2026-06-15,0.26268088817596436,Low Risk,
CID01183,128,Active Trader,40,159,20,50,19031.75,9520.11,161893.25,138381.68,-0.01007,0.415,0.5753,0.2153,0.01,0,2026-06-15,0.4074903726577759,Medium Risk,
CID01184,84,Retail,0,16,1,17,3758.06,780.45,3789.98,3902.61,0.03526,0.5984,0.3457,0.2528,0.0248,0,2026-06-15,0.0992017388343811,Low Risk,
CID01185,63,Retail,0,4,2,16,2738.65,96.99,1973.78,1510.08,0.0124,0.7126,0.2462,0.6829,0.1773,0,2026-06-15,0.052457310259342194,Low Risk,
CID01186,18,Retail,3,18,2,9,5610.73,282.06,6870.86,5815.33,0.0048,0.5628,0.0818,0.2237,0.2006,0,2026-06-15,0.1411915421485901,Low Risk,
CID01187,69,HNI,6,10,3,42,86458.86,5601.22,373024.07,420433.6,0.03226,0.5566,0.075,0.0149,0.0306,0,2026-06-15,0.18985067307949066,Low Risk,
CID01188,76,Retail,0,1,7,22,1617.05,23.06,12181.01,10869.1,0.01762,0.4764,0.0548,0.0301,0.1019,0,2026-06-15,0.15450195968151093,Low Risk,
CID01189,51,Active Trader,32,76,7,56,42557.01,6074.61,90903.19,68545.24,0.04241,0.7809,0.0627,0.8282,0.3041,0,2026-06-15,0.11758428812026978,Low Risk,
CID01190,59,Active Trader,16,97,3,38,118336.88,15631.02,99231.78,97765.67,-0.00617,0.1324,0.0775,0.2173,0.252,0,2026-06-15,0.16370569169521332,Low Risk,
CID01191,16,Retail,7,15,5,9,1203.62,146.61,13643.81,11981.38,0.02102,0.3933,0.0485,0.0509,0.0195,0,2026-06-15,0.25922244787216187,Low Risk,
CID01192,118,HNI,16,51,8,13,233722.28,60415.61,625677.95,499761.95,-0.0127,0.5737,0.0278,0.2458,0.3871,0,2026-06-15,0.1444135159254074,Low Risk,
CID01193,109,Retail,0,1,5,17,435.09,387.14,5159.03,5630.67,-0.00072,0.6126,0.0818,0.3167,0.0399,0,2026-06-15,0.09482532739639282,Low Risk,
CID01194,45,Active Trader,46,228,6,31,245556.98,8081.83,509048.8,463819.38,-0.00275,0.4311,0.0953,0.3706,0.638,0,2026-06-15,0.05253193527460098,Low Risk,
CID01195,66,Retail,2,2,6,6,29386.37,5200.26,147925.91,144343.38,0.00335,0.5285,0.0482,0.3292,0.0401,1,2026-06-15,0.2411876916885376,Low Risk,
CID01196,58,Retail,16,16,0,4,5073.57,1514.94,49399.61,52932.34,0.02482,0.3691,0.0524,0.6024,0.1565,0,2026-06-15,0.11950191110372543,Low Risk,
CID01197,18,Retail,0,0,6,21,63070.28,18623.67,134425.68,89593.4,-0.00511,0.2829,0.098,0.1997,0.033,0,2026-06-15,0.3847832679748535,Low Risk,
CID01198,62,Active Trader,10,78,13,35,5081.4,1554.85,76261.96,83361.5,0.0068,0.6444,0.0617,0.8119,0.8243,0,2026-06-15,0.0659327581524849,Low Risk,
CID01199,96,Active Trader,18,28,8,31,160700.5,52258.26,122479.26,132297.78,0.0185,0.6418,0.1109,0.417,0.6381,0,2026-06-15,0.05550432950258255,Low Risk,
CID01200,70,Retail,17,20,2,26,19245.83,5796.39,57769.46,63234.29,-0.00369,0.3539,0.1526,0.157,0.171,0,2026-06-15,0.0655493512749672,Low Risk,
CID01201,37,Retail,4,4,5,24,7188.9,1184.08,9086.8,7594.96,-0.0066,0.2208,0.0847,0.0375,0.0414,0,2026-06-15,0.27487894892692566,Low Risk,
CID01202,64,Active Trader,18,34,7,41,2608.24,514.05,16973.04,18463.47,-0.00842,0.151,0.0612,0.2394,0.1221,0,2026-06-15,0.2024698108434677,Low Risk,
CID01203,80,Active Trader,32,50,15,42,996.98,85.0,7445.23,6436.24,-0.01392,0.447,0.4985,0.4751,0.6085,0,2026-06-15,0.14688698947429657,Low Risk,
CID01204,14,Retail,0,0,1,19,830.4,72.58,6103.23,5868.14,0.0385,0.74,0.034,0.3269,0.1765,0,2026-06-15,0.10626370459794998,Low Risk,
CID01205,22,Retail,0,0,4,9,669.72,696.39,9797.45,7492.63,0.02023,0.6718,0.0845,0.097,0.0137,0,2026-06-15,0.35209912061691284,Low Risk,
CID01206,60,Active Trader,59,277,19,56,50645.26,20524.07,220126.87,220918.85,0.02034,0.6012,0.1681,0.0182,0.0557,0,2026-06-15,0.13265299797058105,Low Risk,
CID01207,114,Active Trader,36,94,14,64,6593.9,610.93,40240.89,29283.92,0.04385,0.5207,0.4178,0.294,0.3037,0,2026-06-15,0.299298495054245,Low Risk,
CID01208,38,Retail,8,9,4,18,7533.26,299.09,15742.28,17985.58,0.0246,0.5938,0.2619,0.6112,0.6964,0,2026-06-15,0.04539573937654495,Low Risk,
CID01209,68,Retail,1,7,10,33,122.57,64.39,5039.86,5290.66,-0.01246,0.3776,0.1387,0.0197,0.0722,0,2026-06-15,0.19550864398479462,Low Risk,
CID01210,57,Active Trader,61,190,20,57,56342.39,5851.75,473335.05,517044.29,-0.02981,0.4723,0.7156,0.0269,0.2414,0,2026-06-15,0.2378569394350052,Low Risk,
CID01211,40,Retail,1,10,2,20,6746.06,2624.14,13181.03,13399.01,-0.00605,0.5931,0.0458,0.3021,0.277,0,2026-06-15,0.08855801075696945,Low Risk,
CID01212,50,Retail,0,16,7,17,17272.81,1635.12,60362.47,58192.28,0.02296,0.753,0.1867,0.0355,0.0081,0,2026-06-15,0.24613304436206818,Low Risk,
CID01213,51,Retail,2,6,5,16,99625.93,11228.43,199542.35,179486.33,-0.01781,0.4777,0.0507,0.4456,0.1427,0,2026-06-15,0.1653165966272354,Low Risk,
CID01214,35,Active Trader,36,43,16,65,17612.43,2896.5,28179.0,26576.7,-0.00278,0.7022,0.2215,0.3604,0.1607,0,2026-06-15,0.12832972407341003,Low Risk,
CID01215,88,HNI,5,18,10,21,278296.35,94155.48,1087871.88,1071138.38,0.00448,0.7889,0.1584,0.1404,0.0825,0,2026-06-15,0.06028725579380989,Low Risk,
CID01216,72,Active Trader,17,201,9,33,49563.7,17014.28,132042.52,147658.54,0.00451,0.4751,0.2876,0.3101,0.4046,0,2026-06-15,0.06968626379966736,Low Risk,
CID01217,61,Retail,0,3,5,8,1409.64,389.55,7247.33,8268.32,0.03864,0.7128,0.1106,0.1326,0.0485,1,2026-06-15,0.23095548152923584,Low Risk,
CID01218,53,Retail,0,0,7,19,4139.92,303.91,18280.6,17540.14,-0.0064,0.1305,0.1631,0.2497,0.6456,0,2026-06-15,0.1483858823776245,Low Risk,
CID01219,81,Active Trader,15,92,7,41,44682.85,902.94,38107.78,30425.55,-0.00421,0.4396,0.0636,0.2124,0.1983,0,2026-06-15,0.07880888134241104,Low Risk,
CID01220,87,Active Trader,45,66,17,70,19851.64,2826.82,120013.06,124942.2,0.00529,0.8165,0.0565,0.4584,0.6917,0,2026-06-15,0.08497119694948196,Low Risk,
CID01221,32,Active Trader,43,60,21,76,3523.43,310.76,51369.51,40124.84,0.00471,0.5977,0.1156,0.1118,0.1316,0,2026-06-15,0.10439231991767883,Low Risk,
CID01222,66,Retail,0,1,0,25,9198.8,975.77,53437.81,47762.3,-0.01032,0.5511,0.0084,0.4199,0.243,0,2026-06-15,0.13523705303668976,Low Risk,
CID01223,65,Retail,1,2,9,27,1172.24,49.81,4983.46,5216.26,-0.02393,0.8818,0.1079,0.6088,0.1537,0,2026-06-15,0.10339031368494034,Low Risk,
CID01224,56,Retail,1,2,6,39,3521.93,409.84,17643.71,16186.18,0.01585,0.6342,0.2456,0.1877,0.0422,0,2026-06-15,0.06634620577096939,Low Risk,
CID01225,29,Retail,0,1,7,17,35605.68,2870.58,68266.68,76465.04,-0.00305,0.4949,0.2091,0.6664,0.1612,0,2026-06-15,0.12133858352899551,Low Risk,
CID01226,61,Retail,1,1,5,28,322.27,4.06,10527.52,11828.43,-0.00729,0.3076,0.3698,0.0273,0.1187,0,2026-06-15,0.3079524338245392,Low Risk,
CID01227,48,Retail,0,0,3,14,11451.39,48.47,14020.53,12767.83,-0.00334,0.5907,0.1966,0.4339,0.5013,1,2026-06-15,0.09006500989198685,Low Risk,
CID01228,87,Retail,0,1,0,2,3241.91,902.39,31514.69,31572.55,0.05469,0.6951,0.0821,0.6167,0.2994,0,2026-06-15,0.12957026064395905,Low Risk,
CID01229,33,Retail,4,5,3,5,1696.55,71.19,13531.69,15267.63,0.00758,0.5756,0.0476,0.3945,0.326,0,2026-06-15,0.11723560839891434,Low Risk,
CID01230,103,Retail,0,2,2,10,1656.97,383.41,14929.42,12388.55,0.00204,0.1957,0.3208,0.2818,0.1543,0,2026-06-15,0.42970702052116394,Medium Risk,
CID01231,31,HNI,5,5,2,30,234295.31,13524.87,794255.96,638575.48,-0.00921,0.6684,0.0271,0.3216,0.2078,0,2026-06-15,0.08938849717378616,Low Risk,
CID01232,52,Retail,0,3,3,16,3957.25,654.19,6804.89,6306.16,-0.06048,0.4469,0.121,0.2662,0.0088,1,2026-06-15,0.1619952917098999,Low Risk,
CID01233,57,Active Trader,38,272,8,66,1415.9,710.57,9517.11,9132.18,0.03859,0.9087,0.145,0.4366,0.1183,0,2026-06-15,0.08710890263319016,Low Risk,
CID01234,61,Retail,1,1,2,5,3498.78,1914.26,40987.87,30579.13,-0.00681,0.5724,0.1005,0.1102,0.5006,0,2026-06-15,0.30063295364379883,Low Risk,
CID01235,9,Retail,1,29,3,33,3077.34,127.82,12101.9,10444.19,0.00787,0.6664,0.1141,0.8005,0.5705,0,2026-06-15,0.07605386525392532,Low Risk,
CID01236,96,Retail,2,3,0,3,3847.24,206.15,23958.34,25867.08,0.01221,0.7427,0.0036,0.4987,0.4874,0,2026-06-15,0.07432018965482712,Low Risk,
CID01237,3,Active Trader,22,139,12,43,15794.55,2237.88,21199.99,17626.01,-0.00317,0.2829,0.0558,0.0797,0.0432,0,2026-06-15,0.4817958474159241,Medium Risk,
CID01238,117,HNI,5,5,6,23,736816.39,567538.94,7907630.16,7582223.23,-0.02769,0.2377,0.1452,0.5512,0.8291,0,2026-06-15,0.059269603341817856,Low Risk,
CID01239,100,Active Trader,34,116,12,33,268891.08,113034.78,600701.54,657191.21,0.02104,0.6532,0.2854,0.0808,0.0347,0,2026-06-15,0.15946534276008606,Low Risk,
CID01240,69,Retail,0,1,6,23,1225.94,92.74,3693.75,4604.08,0.00874,0.2775,0.0408,0.8375,0.7066,0,2026-06-15,0.20823289453983307,Low Risk,
CID01241,11,HNI,10,18,10,13,164480.24,97103.9,913890.13,798612.36,0.01444,0.0604,0.026,0.3074,0.3538,0,2026-06-15,0.07969292998313904,Low Risk,
CID01242,158,HNI,14,15,4,30,303587.84,116628.82,1549119.23,1441488.38,0.01215,0.7729,0.1461,0.0939,0.025,0,2026-06-15,0.144156351685524,Low Risk,
CID01243,88,Active Trader,34,84,5,58,67056.43,6013.92,349370.63,390134.17,0.0256,0.4731,0.2836,0.7467,0.5053,0,2026-06-15,0.0918646901845932,Low Risk,
CID01244,10,Retail,26,32,5,24,52391.41,33166.51,89350.59,88656.49,-0.00495,0.4628,0.1152,0.0145,0.137,0,2026-06-15,0.1128261610865593,Low Risk,
CID01245,24,Retail,1,2,2,18,2174.7,93.22,69025.09,65598.94,-0.00381,0.7235,0.1964,0.1339,0.1264,0,2026-06-15,0.1634322851896286,Low Risk,
CID01246,31,Retail,0,0,9,16,2596.2,2066.75,31860.44,35231.37,-0.00189,0.4748,0.052,0.3942,0.0152,0,2026-06-15,0.3985588252544403,Low Risk,
CID01247,59,Retail,0,3,1,10,26742.36,7596.33,96121.46,109834.11,0.01891,0.7275,0.087,0.6708,0.401,0,2026-06-15,0.1075713261961937,Low Risk,
CID01248,12,Retail,3,31,0,0,13678.45,6061.36,37437.5,33067.74,0.00315,0.5834,0.26,0.6338,0.6759,0,2026-06-15,0.09985008835792542,Low Risk,
CID01249,14,Active Trader,21,151,12,31,11146.31,2002.06,41424.06,42949.54,0.03185,0.8326,0.2228,0.0473,0.0265,0,2026-06-15,0.41361069679260254,Medium Risk,
CID01250,31,Retail,1,3,3,14,137063.51,86097.3,69876.21,73458.06,0.04305,0.2972,0.2278,0.5007,0.5784,0,2026-06-15,0.08334371447563171,Low Risk,
CID01251,59,Retail,0,1,5,28,13173.53,1468.58,10393.43,10240.5,-0.00412,0.2935,0.1256,0.8705,0.116,1,2026-06-15,0.17184828221797943,Low Risk,
CID01252,56,HNI,28,35,4,26,282722.23,25114.12,1179841.92,1212892.61,-0.00875,0.6814,0.1842,0.3733,0.1037,0,2026-06-15,0.07453886419534683,Low Risk,
CID01253,49,Active Trader,43,106,8,25,3794.57,1577.38,33707.77,26277.76,-0.01823,0.4794,0.0793,0.3605,0.0065,0,2026-06-15,0.2946418523788452,Low Risk,
CID01254,94,HNI,9,28,13,39,180644.75,28393.25,337701.14,355093.34,0.01405,0.8099,0.1226,0.5374,0.5256,0,2026-06-15,0.09187149256467819,Low Risk,
CID01255,141,HNI,1,20,6,16,86527.55,41286.13,469973.42,458341.27,-0.00758,0.5959,0.1472,0.1848,0.3879,0,2026-06-15,0.06612090766429901,Low Risk,
CID01256,43,Retail,0,0,14,31,3944.28,1589.95,14212.12,13822.27,-0.04418,0.036,0.3602,0.1934,0.0833,1,2026-06-15,0.29157817363739014,Low Risk,
CID01257,31,Retail,0,1,8,12,4633.67,1690.52,8486.7,8311.36,0.03979,0.3284,0.0411,0.0814,0.0109,0,2026-06-15,0.2924782633781433,Low Risk,
CID01258,124,Active Trader,16,49,18,60,4078.17,1049.31,15961.42,16340.77,-0.02006,0.34,0.1609,0.368,0.4482,0,2026-06-15,0.2719429135322571,Low Risk,
CID01259,71,Retail,0,5,9,13,9979.29,469.51,111627.88,91144.36,0.02224,0.646,0.0595,0.6428,0.2971,0,2026-06-15,0.11563976109027863,Low Risk,
CID01260,56,Active Trader,13,151,23,39,13951.3,68.54,58618.77,41402.78,-0.0246,0.0144,0.1028,0.3602,0.1738,0,2026-06-15,0.3919941782951355,Low Risk,
CID01261,55,Retail,0,0,5,31,1412.16,415.67,11437.41,12895.84,0.01949,0.8177,0.0848,0.1232,0.0091,0,2026-06-15,0.2680738568305969,Low Risk,
CID01262,126,Active Trader,22,39,9,43,79520.84,8625.77,127673.63,106810.36,0.00321,0.2362,0.0444,0.2917,0.1157,0,2026-06-15,0.19295473396778107,Low Risk,
CID01263,26,Retail,2,2,12,18,8081.06,1890.52,20337.97,18045.6,0.00584,0.6951,0.0469,0.5687,0.5944,0,2026-06-15,0.14615722000598907,Low Risk,
CID01264,27,Retail,3,5,4,25,7056.5,542.89,24727.1,22338.14,-0.00628,0.5679,0.2206,0.8463,0.8202,0,2026-06-15,0.05704813078045845,Low Risk,
CID01265,45,Retail,6,7,7,14,23526.66,5539.2,212646.34,219510.07,-0.00577,0.1412,0.0649,0.2017,0.4084,0,2026-06-15,0.14493320882320404,Low Risk,
CID01266,37,Retail,1,1,2,12,16607.54,5641.88,62700.48,55364.39,-0.0358,0.2691,0.1031,0.3128,0.3091,1,2026-06-15,0.5377686023712158,Medium Risk,
CID01267,73,HNI,7,23,13,32,116809.05,61667.08,212454.07,198243.4,-0.02276,0.4728,0.0583,0.0064,0.1386,0,2026-06-15,0.12333852052688599,Low Risk,
CID01268,101,Active Trader,22,52,10,69,13835.63,358.15,53314.6,53762.34,-0.01374,0.3237,0.2369,0.0092,0.1042,0,2026-06-15,0.3017670512199402,Low Risk,
CID01269,14,Retail,3,3,3,5,2162.46,1103.79,106737.46,114623.32,-0.02269,0.0215,0.2601,0.7333,0.3721,1,2026-06-15,0.25359952449798584,Low Risk,
CID01270,65,Retail,2,4,4,17,988.01,140.24,8108.31,7677.54,-0.00874,0.6659,0.0332,0.0621,0.0025,0,2026-06-15,0.13166864216327667,Low Risk,
CID01271,24,Active Trader,16,83,18,88,6731.25,462.78,15628.24,15056.11,-0.00362,0.3299,0.5786,0.1027,0.0144,0,2026-06-15,0.3783126473426819,Low Risk,
CID01272,47,Retail,1,1,10,24,20627.19,8000.01,49701.03,40608.59,-0.00913,0.4208,0.1936,0.2846,0.1151,1,2026-06-15,0.36943259835243225,Low Risk,
CID01273,101,Retail,2,2,9,22,6160.3,1923.88,3332.28,2236.24,0.01113,0.4291,0.2299,0.7272,0.8329,0,2026-06-15,0.11919106543064117,Low Risk,
CID01274,100,Retail,4,5,6,16,5710.34,641.73,8908.6,8232.63,0.00903,0.4502,0.0671,0.4881,0.3336,0,2026-06-15,0.0908648818731308,Low Risk,
CID01275,8,Retail,4,14,3,16,951.97,54.27,2779.44,3535.89,-0.02344,0.8052,0.16,0.5482,0.5201,0,2026-06-15,0.0502927228808403,Low Risk,
CID01276,78,Active Trader,14,204,12,32,8497.72,4176.74,103470.95,106851.98,0.0037,0.7126,0.1464,0.0034,0.037,0,2026-06-15,0.15866918861865997,Low Risk,
CID01277,34,Retail,10,13,3,25,3727.86,591.46,29018.27,29587.07,-0.0092,0.4363,0.2319,0.0532,0.0112,0,2026-06-15,0.13132832944393158,Low Risk,
CID01278,76,HNI,4,5,13,21,5423604.6,1765674.89,1207961.59,1167465.85,0.00245,0.4262,0.129,0.0397,0.0563,0,2026-06-15,0.10743766278028488,Low Risk,
CID01279,40,Active Trader,21,94,7,52,7169.67,843.3,87397.16,82572.08,0.02398,0.7196,0.0671,0.4756,0.2287,0,2026-06-15,0.06079944968223572,Low Risk,
CID01280,67,Active Trader,8,83,12,30,21491.85,2191.46,68862.04,82484.15,-0.02347,0.0871,0.2451,0.5143,0.3212,0,2026-06-15,0.3159016966819763,Low Risk,
CID01281,83,Retail,0,0,3,26,5915.73,609.6,31850.29,30529.78,-0.00967,0.1821,0.0802,0.4618,0.4533,1,2026-06-15,0.233767569065094,Low Risk,
CID01282,35,Retail,0,4,5,7,3466.39,432.44,17569.77,19278.11,0.0349,0.7166,0.1276,0.6033,0.13,0,2026-06-15,0.13648833334445953,Low Risk,
CID01283,5,Retail,0,1,1,11,5185.69,1309.29,15537.67,18095.77,-0.00088,0.5341,0.0613,0.0763,0.1739,0,2026-06-15,0.28182893991470337,Low Risk,
CID01284,26,Active Trader,41,114,20,63,12395.88,3688.61,315939.63,358520.09,0.03726,0.6847,0.1473,0.273,0.2163,0,2026-06-15,0.11285298317670822,Low Risk,
CID01285,45,Retail,0,2,6,7,3364.94,2500.86,9091.01,7110.05,0.01363,0.8915,0.0617,0.5077,0.5108,0,2026-06-15,0.15974389016628265,Low Risk,
CID01286,19,Retail,1,1,9,17,545.98,363.7,1548.02,1591.2,0.0057,0.7725,0.1309,0.1036,0.0005,0,2026-06-15,0.1689487248659134,Low Risk,
CID01287,33,HNI,7,28,6,15,139103.29,36902.84,1989104.59,2009598.0,-0.00408,0.3518,0.3636,0.4419,0.5271,0,2026-06-15,0.15152712166309357,Low Risk,
CID01288,64,Retail,1,1,6,21,1777.67,168.89,1928.2,1742.93,0.01543,0.2966,0.6489,0.7989,0.7948,0,2026-06-15,0.17303547263145447,Low Risk,
CID01289,24,Retail,5,5,4,5,588.27,205.33,7993.81,8070.22,-0.01775,0.3051,0.4403,0.6473,0.3286,1,2026-06-15,0.23463451862335205,Low Risk,
CID01290,14,Retail,3,21,6,29,12865.75,4523.37,15375.38,17121.83,0.00097,0.5225,0.2346,0.0153,0.0364,0,2026-06-15,0.24842669069766998,Low Risk,
CID01291,60,HNI,1,15,4,20,2503177.72,577026.97,3763278.56,3543378.18,-0.0247,0.4029,0.103,0.3501,0.4814,0,2026-06-15,0.06481435149908066,Low Risk,
CID01292,55,Retail,0,4,3,26,895.83,54.45,18891.2,16003.7,0.00202,0.5973,0.8307,0.7213,0.5926,1,2026-06-15,0.10178351402282715,Low Risk,
CID01293,99,Active Trader,18,29,7,51,17492.3,2664.14,231877.72,242873.87,0.01996,0.7288,0.0677,0.5797,0.3414,0,2026-06-15,0.07794831693172455,Low Risk,
CID01294,17,Active Trader,39,126,7,51,13460.53,4535.44,38910.58,35234.58,-0.02501,0.7658,0.4966,0.0438,0.0714,0,2026-06-15,0.3623104989528656,Low Risk,
CID01295,116,Active Trader,73,165,12,43,648967.96,24111.46,310176.17,307040.76,-0.01335,0.3865,0.1859,0.7222,0.6009,0,2026-06-15,0.11583159863948822,Low Risk,
CID01296,97,Active Trader,25,104,10,37,64950.14,12356.98,120155.73,115594.53,-0.00291,0.1743,0.4471,0.4165,0.3243,0,2026-06-15,0.22742274403572083,Low Risk,
CID01297,28,Active Trader,26,176,11,34,61037.0,19569.92,113570.4,125554.24,-0.0241,0.1477,0.0817,0.0415,0.016,0,2026-06-15,0.4812381863594055,Medium Risk,
CID01298,61,HNI,6,6,5,33,442278.51,44881.31,1517311.82,1556720.85,-0.03329,0.3241,0.2879,0.1973,0.0867,0,2026-06-15,0.07485247403383255,Low Risk,
CID01299,63,Retail,5,5,1,7,4264.9,1023.96,18372.03,18624.77,-0.03036,0.3143,0.0968,0.5691,0.2828,1,2026-06-15,0.21885687112808228,Low Risk,
CID01300,12,Retail,1,1,0,5,269275.18,31964.89,822239.66,1041787.41,-0.01539,0.2149,0.0321,0.6887,0.6308,0,2026-06-15,0.3022763133049011,Low Risk,
CID01301,75,Retail,1,14,0,24,4816.63,2294.69,19962.67,21506.35,-0.00182,0.7971,0.1715,0.2708,0.2034,0,2026-06-15,0.0691160261631012,Low Risk,
CID01302,105,Active Trader,44,111,16,48,28552.07,10681.77,30824.79,26826.41,-0.01127,0.5616,0.0515,0.377,0.4229,0,2026-06-15,0.2396472841501236,Low Risk,
CID01303,52,Retail,1,6,9,23,10527.88,5607.44,14979.9,12810.55,0.02385,0.6443,0.1356,0.3785,0.4192,0,2026-06-15,0.10182569921016693,Low Risk,
CID01304,63,Retail,2,6,3,6,10058.95,1431.42,5250.07,4725.37,0.0111,0.6808,0.0794,0.3901,0.2397,0,2026-06-15,0.10987802594900131,Low Risk,
CID01305,80,Retail,0,14,4,9,45668.83,35501.41,78410.19,88723.95,-0.01294,0.191,0.1373,0.0639,0.128,0,2026-06-15,0.22293753921985626,Low Risk,
CID01306,16,Retail,0,0,2,18,2614.41,811.57,5816.32,5373.49,-0.00259,0.6544,0.0619,0.4986,0.4837,0,2026-06-15,0.08832958340644836,Low Risk,
CID01307,47,Retail,0,1,2,30,5763.37,241.5,52239.49,42790.15,0.0286,0.3576,0.0172,0.3071,0.1561,0,2026-06-15,0.11490166187286377,Low Risk,
CID01308,53,Active Trader,40,60,17,61,5357.96,1255.01,11177.02,12592.83,0.02137,0.6125,0.0918,0.5003,0.3757,0,2026-06-15,0.08059513568878174,Low Risk,
CID01309,40,Active Trader,39,113,6,21,192803.63,24266.89,88422.71,103150.99,0.01493,0.7506,0.0065,0.3995,0.301,0,2026-06-15,0.08999155461788177,Low Risk,
CID01310,38,Retail,4,8,4,28,1486.47,181.36,13298.41,14896.76,-0.00465,0.1247,0.0991,0.4363,0.1981,0,2026-06-15,0.2855210602283478,Low Risk,
CID01311,47,Retail,0,9,10,20,25412.66,2918.73,19183.51,19967.91,-0.00365,0.5598,0.1587,0.4743,0.2862,0,2026-06-15,0.11869253218173981,Low Risk,
CID01312,98,HNI,3,13,9,21,1135687.42,31283.91,2762963.93,2626282.55,-0.00781,0.6193,0.3357,0.4367,0.0533,0,2026-06-15,0.14250414073467255,Low Risk,
CID01313,70,Active Trader,49,177,16,56,47337.78,9977.51,291070.68,328887.36,0.00107,0.5308,0.0969,0.2537,0.4157,0,2026-06-15,0.10554485768079758,Low Risk,
CID01314,46,Active Trader,24,120,9,65,311336.56,24500.63,445677.75,436164.11,-0.0078,0.5105,0.1652,0.2297,0.254,0,2026-06-15,0.0832374170422554,Low Risk,
CID01315,100,Retail,0,1,2,24,13915.55,13436.42,96046.02,108018.47,-0.01943,0.4101,0.1136,0.0495,0.0563,0,2026-06-15,0.2924216389656067,Low Risk,
CID01316,9,Retail,8,14,6,21,584.33,127.41,798.66,1051.54,-0.01042,0.2039,0.1718,0.1793,0.4669,0,2026-06-15,0.15897910296916962,Low Risk,
CID01317,28,Retail,8,27,7,25,19017.72,8736.07,26486.85,33617.33,-0.00012,0.6465,0.0354,0.3235,0.7427,0,2026-06-15,0.054224997758865356,Low Risk,
CID01318,81,Retail,1,1,2,8,1598.61,547.41,5551.49,4517.86,0.00252,0.5931,0.0983,0.6286,0.3095,0,2026-06-15,0.06441842764616013,Low Risk,
CID01319,45,Retail,1,10,3,11,7968.32,4135.57,4270.75,3725.26,-0.00599,0.6895,0.1335,0.0444,0.3153,0,2026-06-15,0.10953022539615631,Low Risk,
CID01320,51,HNI,6,10,2,9,155066.54,11979.4,390819.37,290189.42,-0.00487,0.6163,0.4088,0.554,0.2382,0,2026-06-15,0.19560633599758148,Low Risk,
CID01321,26,Active Trader,15,46,10,45,149687.69,77911.44,254851.72,257158.52,0.00385,0.7148,0.2992,0.0937,0.0213,0,2026-06-15,0.3119944930076599,Low Risk,
CID01322,61,Retail,0,7,3,25,38590.15,11041.56,69239.22,55099.13,0.01288,0.7198,0.8538,0.2076,0.0135,0,2026-06-15,0.22577615082263947,Low Risk,
CID01323,35,Active Trader,34,109,8,26,38776.31,771.73,59979.24,62223.12,-0.00247,0.4492,0.2484,0.0266,0.0154,0,2026-06-15,0.19665145874023438,Low Risk,
CID01324,32,Retail,0,10,1,14,1901.95,190.99,4561.24,4769.21,-0.02407,0.6075,0.0469,0.5204,0.1878,0,2026-06-15,0.07320660352706909,Low Risk,
CID01325,105,HNI,5,7,2,5,158789.07,13760.91,375777.51,378910.19,-0.01996,0.2,0.017,0.1322,0.2327,0,2026-06-15,0.28021493554115295,Low Risk,
CID01326,45,Retail,0,0,1,4,27874.51,11487.97,16158.78,18106.24,-0.02088,0.5115,0.2248,0.1274,0.0329,1,2026-06-15,0.432559072971344,Medium Risk,
CID01327,66,Retail,0,5,8,12,20881.34,3890.82,70340.38,54790.41,-0.04837,0.3437,0.0672,0.0617,0.0402,1,2026-06-15,0.5198362469673157,Medium Risk,
CID01328,102,Retail,0,0,3,9,1525.68,248.72,10096.13,9428.97,-0.00524,0.7138,0.0261,0.172,0.0502,1,2026-06-15,0.18712745606899261,Low Risk,
CID01329,29,Active Trader,19,180,7,67,30224.76,2021.68,127629.63,82854.32,-0.00993,0.1107,0.0621,0.0237,0.0295,0,2026-06-15,0.5180869102478027,Medium Risk,
CID01330,81,Retail,1,2,4,4,77353.4,23809.88,78690.16,69210.45,0.00195,0.7754,0.1114,0.719,0.54,0,2026-06-15,0.1479795128107071,Low Risk,
CID01331,26,Retail,5,9,8,21,1028.91,113.2,7415.83,5844.55,-0.01734,0.2928,0.4992,0.2723,0.0041,0,2026-06-15,0.3431214988231659,Low Risk,
CID01332,21,Retail,0,3,4,4,1807.22,40.35,61042.39,52528.97,0.02717,0.6507,0.1066,0.2115,0.2122,0,2026-06-15,0.17533211410045624,Low Risk,
CID01333,78,HNI,16,20,3,14,402520.56,62859.62,2860641.63,2924263.92,0.00094,0.6096,0.0615,0.161,0.0203,0,2026-06-15,0.13860344886779785,Low Risk,
CID01334,53,Retail,6,9,6,14,4737.07,301.66,3411.88,3907.23,-0.01891,0.5714,0.2313,0.1476,0.2874,0,2026-06-15,0.06728744506835938,Low Risk,
CID01335,39,Active Trader,40,144,11,68,100132.0,43828.82,132973.99,130425.9,-0.02012,0.4033,0.0845,0.35,0.107,0,2026-06-15,0.08402672410011292,Low Risk,
CID01336,32,Active Trader,48,187,13,39,80880.82,20807.64,290864.21,236180.51,-0.03063,0.3293,0.2563,0.3661,0.7284,0,2026-06-15,0.3786255419254303,Low Risk,
CID01337,26,Retail,5,5,3,28,6257.06,4762.76,16912.01,19571.77,-0.039,0.1591,0.2734,0.0825,0.0638,1,2026-06-15,0.2843603789806366,Low Risk,
CID01338,34,Active Trader,20,33,5,56,396947.77,95901.73,1326209.74,1032333.37,-0.04777,0.1672,0.068,0.3923,0.1376,0,2026-06-15,0.19618627429008484,Low Risk,
CID01339,32,Retail,0,2,1,7,1721.64,625.4,10575.45,11543.91,-0.00676,0.5925,0.3472,0.3026,0.5663,0,2026-06-15,0.2028568536043167,Low Risk,
CID01340,92,Active Trader,16,132,4,65,8651.96,898.69,14271.82,13377.43,-0.03255,0.3045,0.1462,0.7139,0.1582,0,2026-06-15,0.16528251767158508,Low Risk,
CID01341,63,Active Trader,60,200,6,52,12158.53,3758.31,441748.01,531126.44,-0.00845,0.4989,0.0366,0.423,0.4435,0,2026-06-15,0.09223483502864838,Low Risk,
CID01342,48,Retail,4,8,3,34,130954.86,148589.17,205467.89,229676.53,-0.02222,0.6451,0.0649,0.5635,0.1055,1,2026-06-15,0.05000317096710205,Low Risk,
CID01343,66,Active Trader,22,49,5,33,15759.83,1758.04,79128.41,71646.16,-0.0034,0.5604,0.3579,0.1736,0.0218,0,2026-06-15,0.09209603816270828,Low Risk,
CID01344,109,HNI,12,155,6,10,119806.33,51728.07,564797.59,561986.44,-0.03201,0.1368,0.2272,0.0254,0.0394,0,2026-06-15,0.23057951033115387,Low Risk,
CID01345,50,Retail,0,0,7,10,1581.18,755.88,3556.17,4056.36,-0.00113,0.3126,0.0879,0.4428,0.0556,0,2026-06-15,0.195182204246521,Low Risk,
CID01346,100,Retail,0,0,6,15,603.03,128.68,1093.18,1095.91,0.01589,0.6953,0.1926,0.4921,0.2974,0,2026-06-15,0.10457649827003479,Low Risk,
CID01347,48,Retail,18,21,3,23,3194.12,274.34,44599.05,33041.47,-0.02559,0.5509,0.106,0.3588,0.098,0,2026-06-15,0.14404143393039703,Low Risk,
CID01348,52,Retail,5,5,1,16,18123.59,5131.23,89981.87,60969.72,-0.03837,0.3082,0.274,0.4129,0.2686,0,2026-06-15,0.3190450668334961,Low Risk,
CID01349,62,HNI,1,4,8,28,51551.47,7685.45,263277.26,290652.64,-0.06194,0.3711,0.093,0.7,0.4313,0,2026-06-15,0.1514076143503189,Low Risk,
CID01350,31,Retail,3,4,10,42,1761.43,455.53,24400.36,23161.11,0.0131,0.281,0.1313,0.3191,0.2129,0,2026-06-15,0.2546450197696686,Low Risk,
CID01351,35,HNI,2,2,8,29,75982.74,20912.92,382661.89,355577.47,-0.00013,0.5519,0.071,0.5379,0.5173,0,2026-06-15,0.19286054372787476,Low Risk,
CID01352,30,Active Trader,29,107,21,72,34559.49,11310.35,321697.12,358698.05,-0.02916,0.309,0.3288,0.6333,0.4793,0,2026-06-15,0.28189143538475037,Low Risk,
CID01353,49,Active Trader,63,135,14,60,97255.54,17209.57,57799.15,55243.89,0.0231,0.4184,0.2059,0.1002,0.0964,0,2026-06-15,0.167667418718338,Low Risk,
CID01354,55,Retail,2,4,7,22,17432.36,4231.72,57312.18,50327.53,-0.01198,0.5004,0.1829,0.8297,0.4676,0,2026-06-15,0.15247198939323425,Low Risk,
CID01355,104,HNI,9,58,1,16,269085.17,55290.4,1416148.82,1599293.32,-0.00366,0.3974,0.0418,0.0642,0.0733,0,2026-06-15,0.227953240275383,Low Risk,
CID01356,55,Active Trader,30,60,3,32,39802.84,12463.59,46819.46,43000.07,-0.0028,0.4418,0.1359,0.2701,0.6808,0,2026-06-15,0.05183425918221474,Low Risk,
CID01357,22,Retail,1,2,1,25,364.56,46.36,3606.84,2887.32,0.01309,0.4867,0.0661,0.7275,0.8044,0,2026-06-15,0.053728554397821426,Low Risk,
CID01358,27,Retail,0,1,2,3,2478.61,1322.78,2526.03,3069.77,0.01091,0.5579,0.0486,0.0075,0.0843,1,2026-06-15,0.22266274690628052,Low Risk,
CID01359,108,Retail,3,27,3,26,8924.77,203.06,27824.98,23420.95,-0.03034,0.1012,0.0308,0.3463,0.4343,0,2026-06-15,0.30799543857574463,Low Risk,
CID01360,28,Retail,0,2,3,4,3669.35,2887.57,8655.45,7150.15,0.02107,0.754,0.2015,0.6312,0.1053,0,2026-06-15,0.20855312049388885,Low Risk,
CID01361,13,Retail,0,8,4,23,715.85,48.96,11836.95,12401.56,0.0011,0.4736,0.08,0.026,0.3049,1,2026-06-15,0.11723202466964722,Low Risk,
CID01362,92,Active Trader,39,119,13,59,35335.5,4797.07,79924.68,88355.74,-0.00461,0.4223,0.3039,0.1438,0.0565,0,2026-06-15,0.15259262919425964,Low Risk,
CID01363,14,Retail,0,4,5,32,1763.73,344.41,3934.64,4316.42,-0.02065,0.4823,0.2594,0.0687,0.0323,1,2026-06-15,0.25829315185546875,Low Risk,
CID01364,37,Active Trader,76,101,12,22,28507.77,6915.1,106156.33,97006.08,0.00028,0.2298,0.1329,0.1357,0.4116,0,2026-06-15,0.22930485010147095,Low Risk,
CID01365,59,Retail,4,7,2,30,814.52,265.36,6815.22,5759.1,0.04251,0.6786,0.1239,0.0783,0.2101,0,2026-06-15,0.09828783571720123,Low Risk,
CID01366,10,Retail,0,53,9,31,2911.14,70.34,5936.7,6897.84,0.01255,0.4587,0.025,0.0793,0.0544,0,2026-06-15,0.11435192078351974,Low Risk,
CID01367,40,Retail,0,0,2,8,6365.43,1409.65,22743.11,21296.78,-0.00244,0.7019,0.0464,0.7536,0.6351,1,2026-06-15,0.2040347456932068,Low Risk,
CID01368,36,Retail,0,1,12,32,5688.92,3030.18,10061.05,9134.75,-0.0091,0.5831,0.202,0.395,0.4548,0,2026-06-15,0.15491558611392975,Low Risk,
CID01369,84,Active Trader,31,184,18,28,74022.69,33323.72,130948.51,145824.57,-0.00853,0.3051,0.7916,0.6957,0.4147,0,2026-06-15,0.1318088322877884,Low Risk,
CID01370,79,HNI,0,8,10,16,509846.58,94934.51,1258235.53,1230891.2,0.00543,0.5318,0.0984,0.0638,0.0695,0,2026-06-15,0.1407293975353241,Low Risk,
CID01371,24,Active Trader,6,92,9,51,90899.36,14750.74,147469.48,105663.75,0.00538,0.384,0.131,0.2555,0.1438,0,2026-06-15,0.180405393242836,Low Risk,
CID01372,106,Active Trader,50,166,8,23,12579.49,3301.74,75561.29,75901.78,0.02304,0.8708,0.2412,0.1682,0.1974,0,2026-06-15,0.0934050902724266,Low Risk,
CID01373,27,Retail,0,3,4,23,9394.13,3482.43,16114.35,12277.47,-0.02007,0.1264,0.0673,0.218,0.3527,0,2026-06-15,0.4559595584869385,Medium Risk,
CID01374,46,Retail,3,3,1,7,9889.07,2026.0,165788.67,174443.43,0.00709,0.478,0.0436,0.2687,0.0964,0,2026-06-15,0.1567971557378769,Low Risk,
CID01375,68,HNI,3,13,5,19,415847.82,52259.36,626033.76,525466.86,0.03549,0.3372,0.0494,0.1925,0.6578,0,2026-06-15,0.05971776694059372,Low Risk,
CID01376,55,HNI,0,14,4,14,153289.26,18343.35,502201.27,580626.02,0.01625,0.758,0.3208,0.0563,0.1506,0,2026-06-15,0.246963232755661,Low Risk,
CID01377,37,Retail,1,13,4,25,4041.88,1222.56,59814.53,52535.3,0.01057,0.2672,0.066,0.3292,0.106,0,2026-06-15,0.2767135798931122,Low Risk,
CID01378,16,Active Trader,17,56,16,78,19242.84,5247.82,92607.65,109296.88,-0.00469,0.1765,0.1315,0.2473,0.1393,0,2026-06-15,0.23095674812793732,Low Risk,
CID01379,78,Retail,1,2,2,11,3572.09,198.3,63512.24,61254.61,0.01968,0.3357,0.0508,0.3519,0.1921,0,2026-06-15,0.2859494984149933,Low Risk,
CID01380,23,Retail,0,0,0,6,4251.16,895.23,34330.92,27492.77,-0.01674,0.3763,0.1651,0.0175,0.0942,1,2026-06-15,0.5621147155761719,Medium Risk,
CID01381,159,HNI,13,42,12,25,626359.01,45698.52,2481049.24,1968867.44,0.06117,0.6057,0.0937,0.7357,0.6417,0,2026-06-15,0.12051764130592346,Low Risk,
CID01382,24,Retail,5,5,0,9,15295.82,7901.82,6475.9,4317.23,-0.02866,0.0486,0.1179,0.222,0.0207,1,2026-06-15,0.3409382402896881,Low Risk,
CID01383,28,Retail,3,3,2,20,1325.02,240.75,11436.1,11914.59,0.02725,0.2441,0.2298,0.2218,0.5912,0,2026-06-15,0.1741286665201187,Low Risk,
CID01384,27,Retail,0,1,3,11,969.84,200.07,3536.3,2540.21,0.00277,0.7533,0.1496,0.1604,0.1234,0,2026-06-15,0.10540194809436798,Low Risk,
CID01385,70,Retail,1,21,4,6,9158.45,3686.57,31796.53,37182.62,-0.00149,0.1861,0.3022,0.0909,0.1856,0,2026-06-15,0.2731770873069763,Low Risk,
CID01386,41,Retail,1,3,10,30,7354.93,604.8,28185.99,30894.65,0.01679,0.9526,0.3344,0.6008,0.9094,0,2026-06-15,0.10791122913360596,Low Risk,
CID01387,24,Retail,0,0,1,22,1903.36,57.16,18701.37,20946.29,-0.01207,0.4424,0.1985,0.0405,0.0626,1,2026-06-15,0.4797409474849701,Medium Risk,
CID01388,28,Active Trader,44,140,7,30,22834.97,12534.73,51073.43,54079.15,0.01157,0.5478,0.0567,0.2857,0.3329,0,2026-06-15,0.09514343738555908,Low Risk,
CID01389,122,Active Trader,49,183,11,37,112654.63,31548.63,596815.0,677751.89,-0.02477,0.0876,0.3914,0.4866,0.4551,0,2026-06-15,0.19969059526920319,Low Risk,
CID01390,33,Retail,5,16,3,23,18888.68,4224.19,71802.6,52805.75,-0.00918,0.1892,0.0756,0.104,0.4035,0,2026-06-15,0.3640233874320984,Low Risk,
CID01391,113,HNI,1,1,3,23,25996.03,2236.39,445349.21,427286.52,-0.01127,0.6298,0.0967,0.1927,0.358,0,2026-06-15,0.1703319400548935,Low Risk,
CID01392,28,Retail,0,8,2,13,4655.51,1172.68,9636.75,7833.98,-0.0247,0.3224,0.2014,0.3051,0.0564,0,2026-06-15,0.3757523000240326,Low Risk,
CID01393,46,Retail,0,0,1,28,4978.81,730.66,16403.03,16633.21,-0.04,0.3499,0.102,0.5403,0.387,0,2026-06-15,0.19102442264556885,Low Risk,
CID01394,56,Retail,0,0,0,14,36380.44,9329.47,33114.53,31902.34,-0.02664,0.5107,0.0766,0.3971,0.1166,0,2026-06-15,0.2404295951128006,Low Risk,
CID01395,57,Retail,0,2,2,17,32511.42,21410.22,34309.83,31889.6,-0.00131,0.54,0.1387,0.0985,0.0283,0,2026-06-15,0.41075292229652405,Medium Risk,
CID01396,42,Retail,4,13,4,7,968.72,326.33,5769.61,5108.64,-0.02261,0.2611,0.0284,0.0204,0.1262,0,2026-06-15,0.44600164890289307,Medium Risk,
CID01397,34,Retail,2,3,8,20,501.66,175.86,4377.59,4703.55,-0.01033,0.1883,0.1791,0.516,0.4801,0,2026-06-15,0.23186001181602478,Low Risk,
CID01398,13,Retail,12,18,0,13,1252.57,689.75,500.0,1019.38,-0.02994,0.2474,0.1521,0.0689,0.0065,1,2026-06-15,0.196456640958786,Low Risk,
CID01399,104,Active Trader,13,154,1,20,18775.6,3562.5,198566.59,184491.24,-0.00322,0.5661,0.5745,0.1683,0.0435,0,2026-06-15,0.11056161671876907,Low Risk,
CID01400,68,Retail,0,23,0,7,17591.54,3980.69,80671.66,69897.62,0.00774,0.7144,0.0938,0.6386,0.3999,0,2026-06-15,0.08824405074119568,Low Risk,
CID01401,25,Active Trader,15,58,22,41,79342.55,68427.78,245168.44,279706.23,0.00834,0.5041,0.6096,0.5452,0.2182,0,2026-06-15,0.11609619855880737,Low Risk,
CID01402,91,Retail,3,9,2,17,1660.32,5.32,4827.94,2913.72,-0.0002,0.4396,0.1253,0.5032,0.7348,0,2026-06-15,0.06353966891765594,Low Risk,
CID01403,62,HNI,0,33,2,13,187519.21,101716.41,277898.86,259668.7,0.02688,0.3523,0.0655,0.0133,0.0132,0,2026-06-15,0.15175819396972656,Low Risk,
CID01404,11,Active Trader,68,125,8,49,6008.98,197.31,66828.75,60497.67,-0.01081,0.2463,0.2533,0.1485,0.4025,0,2026-06-15,0.19846144318580627,Low Risk,
CID01405,76,Retail,0,1,0,6,5420.59,1456.05,9933.48,11271.62,-1e-05,0.486,0.0642,0.2643,0.0003,1,2026-06-15,0.18538311123847961,Low Risk,
CID01406,32,Retail,0,1,2,3,30518.24,12346.18,172386.74,183289.59,-0.01926,0.0644,0.2079,0.8005,0.4981,1,2026-06-15,0.32185113430023193,Low Risk,
CID01407,51,Retail,3,8,3,27,50534.29,1397.72,184928.78,223104.34,0.01604,0.6569,0.0266,0.2271,0.0013,0,2026-06-15,0.09075207263231277,Low Risk,
CID01408,22,Retail,0,9,10,23,49540.89,19633.98,63843.47,71575.78,-0.0139,0.0738,0.1121,0.1524,0.0771,0,2026-06-15,0.2877112627029419,Low Risk,
CID01409,17,Retail,0,2,1,29,3916.43,168.34,15829.43,17237.03,0.0358,0.9553,0.0541,0.6365,0.3418,0,2026-06-15,0.06272900104522705,Low Risk,
CID01410,24,HNI,1,6,7,20,597600.49,83179.32,1060343.49,1024508.09,0.02606,0.8479,0.3639,0.4283,0.0459,0,2026-06-15,0.14676357805728912,Low Risk,
CID01411,20,Retail,0,0,2,32,12436.69,5665.0,120495.49,106401.74,-0.00135,0.2284,0.1008,0.0533,0.0308,0,2026-06-15,0.2727307677268982,Low Risk,
CID01412,90,HNI,4,10,18,45,378963.42,47121.6,3193226.67,3370223.96,0.00624,0.682,0.0718,0.5576,0.7174,0,2026-06-15,0.07151448726654053,Low Risk,
CID01413,83,Retail,0,0,0,1,13745.67,3997.49,160085.05,167016.78,-0.00272,0.3306,0.1055,0.3366,0.2274,1,2026-06-15,0.2611111104488373,Low Risk,
CID01414,54,Retail,6,15,4,16,1101991.2,153227.9,131818.06,118046.83,-0.06844,0.5465,0.0975,0.0171,0.0306,0,2026-06-15,0.1217469722032547,Low Risk,
CID01415,36,Active Trader,19,66,9,33,11100.33,2972.78,32965.74,30190.1,0.00634,0.9378,0.0625,0.0739,0.0362,0,2026-06-15,0.3326199948787689,Low Risk,
CID01416,61,HNI,12,17,4,13,3951905.83,1970576.66,1120453.78,802084.74,0.0025,0.7926,0.1956,0.7574,0.6782,0,2026-06-15,0.07581193000078201,Low Risk,
CID01417,48,Active Trader,57,105,20,73,51376.6,10283.45,51020.07,48494.82,0.00982,0.1484,0.0719,0.2654,0.1703,0,2026-06-15,0.19511505961418152,Low Risk,
CID01418,13,Retail,10,10,0,2,279.3,42.54,11834.6,11384.16,0.01722,0.5155,0.1091,0.3328,0.0407,0,2026-06-15,0.18169163167476654,Low Risk,
CID01419,104,HNI,4,20,5,31,51014.57,17505.33,127561.11,148950.28,-0.02502,0.3555,0.1313,0.0571,0.0437,0,2026-06-15,0.2360340803861618,Low Risk,
CID01420,5,Retail,1,1,6,25,726.75,206.27,2191.77,1887.55,0.00484,0.4567,0.0729,0.412,0.1085,0,2026-06-15,0.19586052000522614,Low Risk,
CID01421,82,Active Trader,38,121,16,64,57968.61,21906.06,226691.28,154332.42,0.00446,0.6267,0.07,0.1166,0.0627,0,2026-06-15,0.15941156446933746,Low Risk,
CID01422,102,Retail,1,1,0,14,8096.46,178.91,20767.31,22807.33,0.00539,0.078,0.0678,0.4159,0.2544,0,2026-06-15,0.2909325063228607,Low Risk,
CID01423,74,Retail,1,1,3,12,6314.37,592.96,12890.44,10749.52,0.00325,0.5591,0.0614,0.1849,0.2745,0,2026-06-15,0.15063317120075226,Low Risk,
CID01424,26,Retail,1,7,3,7,157480.65,64305.77,56914.19,48496.77,-0.03241,0.6061,0.0906,0.4519,0.5655,0,2026-06-15,0.09995824843645096,Low Risk,
CID01425,51,HNI,2,11,6,26,2298500.86,768226.26,2000660.99,1588318.32,-0.00832,0.4649,0.0446,0.0915,0.0052,0,2026-06-15,0.135197713971138,Low Risk,
CID01426,78,Active Trader,93,127,11,62,5013.4,790.24,47661.27,40170.34,-0.00027,0.4312,0.3265,0.3733,0.0672,0,2026-06-15,0.1264203041791916,Low Risk,
CID01427,89,HNI,4,4,5,38,1829774.34,87937.34,3069222.78,3345907.76,-0.02584,0.2856,0.0959,0.1058,0.131,0,2026-06-15,0.3592415750026703,Low Risk,
CID01428,45,Retail,0,1,4,9,218043.65,91465.49,183627.93,148798.24,0.02512,0.6612,0.1104,0.0939,0.0947,0,2026-06-15,0.11348656564950943,Low Risk,
CID01429,112,Retail,7,7,3,23,11248.01,2997.59,19046.8,17450.14,-0.006,0.4439,0.0587,0.018,0.0505,0,2026-06-15,0.23460271954536438,Low Risk,
CID01430,91,HNI,9,10,3,34,46001.82,19498.14,87632.1,70048.73,-0.00099,0.625,0.0479,0.0051,0.0497,0,2026-06-15,0.19134770333766937,Low Risk,
CID01431,25,Active Trader,33,44,8,29,474659.61,106364.65,311818.42,277927.8,-0.00369,0.3532,0.0495,0.4856,0.4443,0,2026-06-15,0.09906055778265,Low Risk,
CID01432,104,HNI,14,22,4,17,361850.38,88670.35,864288.0,781037.43,0.01866,0.6921,0.0634,0.4595,0.5965,0,2026-06-15,0.07826223969459534,Low Risk,
CID01433,6,Retail,0,9,0,25,929.41,276.56,14001.03,14561.73,0.04738,0.5612,0.1001,0.4181,0.1243,0,2026-06-15,0.13672827184200287,Low Risk,
CID01434,45,Retail,1,2,0,7,4914.58,562.06,16623.32,16374.62,-0.02005,0.2907,0.0594,0.3139,0.2169,1,2026-06-15,0.4092808961868286,Medium Risk,
CID01435,78,Active Trader,15,108,12,60,28900.88,209.05,85248.07,69477.8,0.00553,0.6938,0.0346,0.0996,0.0877,0,2026-06-15,0.06543691456317902,Low Risk,
CID01436,72,HNI,4,11,2,26,476618.19,136849.28,840816.38,993905.92,-0.02102,0.0892,0.0266,0.5917,0.1691,0,2026-06-15,0.12005846947431564,Low Risk,
CID01437,64,Retail,0,9,7,7,240.01,59.93,16872.94,12902.94,0.03354,0.6218,0.2306,0.0649,0.0193,0,2026-06-15,0.41985344886779785,Medium Risk,
CID01438,59,Retail,1,1,5,16,60790.46,18745.36,51774.64,61355.25,-0.02307,0.3453,0.1049,0.0905,0.1388,0,2026-06-15,0.36870092153549194,Low Risk,
CID01439,21,Retail,1,2,2,19,4732.14,1625.81,51613.55,37805.77,-0.01124,0.3144,0.1526,0.3917,0.2204,0,2026-06-15,0.50748610496521,Medium Risk,
CID01440,42,Active Trader,12,54,18,71,3226.91,983.98,15495.74,15518.8,0.00604,0.6537,0.4711,0.064,0.0415,0,2026-06-15,0.27702608704566956,Low Risk,
CID01441,79,Active Trader,35,131,11,63,78020.39,4358.47,162446.86,136839.94,-0.00889,0.7168,0.3537,0.0298,0.1309,0,2026-06-15,0.3249407112598419,Low Risk,
CID01442,105,Active Trader,39,110,12,39,31738.72,6589.47,125114.2,123700.75,0.00292,0.5487,0.2309,0.7199,0.7654,0,2026-06-15,0.0675051212310791,Low Risk,
CID01443,46,Retail,5,35,4,4,9047.37,853.89,20618.52,15060.43,-0.00572,0.6861,0.1339,0.1897,0.0346,0,2026-06-15,0.13734787702560425,Low Risk,
CID01444,57,Active Trader,81,180,17,34,6443.72,743.95,31494.47,34546.13,0.0053,0.5843,0.2038,0.222,0.2247,0,2026-06-15,0.06954527646303177,Low Risk,
CID01445,40,Retail,5,5,3,4,15476.3,3989.62,20158.31,18459.89,0.00741,0.9092,0.0622,0.3239,0.5369,0,2026-06-15,0.14522799849510193,Low Risk,
CID01446,30,Retail,10,10,0,20,39198.79,20070.88,35754.38,34383.54,-0.01108,0.29,0.0729,0.1414,0.1765,0,2026-06-15,0.1738627403974533,Low Risk,
CID01447,97,HNI,1,7,8,26,177551.71,84781.32,114399.16,133233.12,0.00827,0.0979,0.0349,0.3686,0.0689,0,2026-06-15,0.10571380704641342,Low Risk,
CID01448,48,Active Trader,40,70,7,31,155366.26,31090.76,295206.7,260233.81,-0.01836,0.5525,0.3914,0.034,0.0282,0,2026-06-15,0.30156204104423523,Low Risk,
CID01449,17,Retail,3,3,8,13,12111.41,7185.44,38263.6,42324.07,-0.00121,0.2969,0.1441,0.2299,0.2412,0,2026-06-15,0.12914542853832245,Low Risk,
CID01450,58,Active Trader,51,179,6,48,19446.3,6955.97,106076.89,100030.31,-0.01579,0.3553,0.0965,0.128,0.2078,0,2026-06-15,0.12913548946380615,Low Risk,
CID01451,42,Active Trader,46,95,12,31,20256.09,4761.48,76917.92,69233.64,0.00211,0.7144,0.0324,0.8629,0.5495,0,2026-06-15,0.07080526649951935,Low Risk,
CID01452,100,Retail,0,1,3,17,70051.25,11938.27,123135.17,99010.62,0.00332,0.5113,0.22,0.2293,0.0196,0,2026-06-15,0.27296745777130127,Low Risk,
CID01453,33,Retail,0,0,8,17,1547.77,6.23,5609.98,6738.51,-0.00304,0.4885,0.1273,0.1716,0.0593,0,2026-06-15,0.14815323054790497,Low Risk,
CID01454,42,Retail,0,27,0,19,2380.03,408.92,11178.42,7033.33,0.00792,0.6223,0.0817,0.7096,0.5809,0,2026-06-15,0.05306811258196831,Low Risk,
CID01455,27,Retail,0,0,1,10,1041.71,133.89,3617.31,3230.7,-0.02798,0.3929,0.0164,0.1795,0.0048,1,2026-06-15,0.19306740164756775,Low Risk,
CID01456,68,Active Trader,41,99,18,69,103927.58,3346.36,179818.25,217411.74,-0.05531,0.5524,0.2558,0.2046,0.0466,0,2026-06-15,0.0561821386218071,Low Risk,
CID01457,15,Retail,1,1,1,9,11881.48,81.57,19331.03,16572.48,0.00416,0.5355,0.5379,0.4191,0.1637,0,2026-06-15,0.22506152093410492,Low Risk,
CID01458,18,Retail,1,1,4,20,1252.59,350.81,500.0,297.11,-0.00764,0.4706,0.0467,0.3395,0.3137,0,2026-06-15,0.12625612318515778,Low Risk,
CID01459,100,Active Trader,28,106,6,29,47392.14,30592.78,313004.36,235160.91,0.01626,0.75,0.1424,0.2313,0.3219,0,2026-06-15,0.11422783136367798,Low Risk,
CID01460,39,Retail,0,0,1,19,5468.02,1053.06,17146.57,20738.78,0.00029,0.5307,0.1277,0.6365,0.19,0,2026-06-15,0.10587838292121887,Low Risk,
CID01461,50,Active Trader,14,49,14,61,2334.52,10.49,72533.73,70799.85,-0.02527,0.4389,0.2478,0.4969,0.36,0,2026-06-15,0.08718694746494293,Low Risk,
CID01462,32,Retail,2,2,3,8,9105.63,4328.72,33378.07,24584.99,-0.04234,0.7042,0.2912,0.2337,0.1779,0,2026-06-15,0.4901181757450104,Medium Risk,
CID01463,33,Active Trader,2,72,5,30,2000505.0,88542.87,2711216.53,2416803.1,-0.00982,0.3474,0.1461,0.4206,0.5842,0,2026-06-15,0.18785445392131805,Low Risk,
CID01464,129,Active Trader,28,195,12,30,5869.51,2709.87,43388.44,38672.22,-0.01221,0.3426,0.2883,0.4878,0.0575,0,2026-06-15,0.3864966034889221,Low Risk,
CID01465,100,HNI,4,9,4,19,864558.23,684489.01,3199225.13,3479904.37,-0.00987,0.5474,0.0321,0.0288,0.0326,0,2026-06-15,0.08144313842058182,Low Risk,
CID01466,28,Active Trader,58,92,11,26,1383.28,373.12,33637.85,30060.65,-0.05442,0.1466,0.1369,0.7669,0.376,0,2026-06-15,0.36211541295051575,Low Risk,
CID01467,21,Active Trader,45,69,9,28,259534.7,208762.45,142120.66,129629.88,-0.04274,0.3907,0.4266,0.0951,0.1382,0,2026-06-15,0.11023733764886856,Low Risk,
CID01468,37,HNI,7,29,2,28,135125.5,32922.34,525932.26,631858.89,0.00064,0.527,0.2131,0.4956,0.5951,0,2026-06-15,0.06272551417350769,Low Risk,
CID01469,30,HNI,0,3,9,13,474648.99,163131.85,182554.86,200344.54,-0.00681,0.3896,0.1496,0.2414,0.1774,0,2026-06-15,0.08281046897172928,Low Risk,
CID01470,93,HNI,0,24,11,17,1492710.49,1090157.35,625641.14,740321.29,0.02443,0.6184,0.0859,0.7162,0.211,0,2026-06-15,0.06227051839232445,Low Risk,
CID01471,31,Active Trader,18,118,18,42,56920.88,15236.87,52699.13,47780.88,0.01501,0.5466,0.3849,0.5341,0.0842,0,2026-06-15,0.24891923367977142,Low Risk,
CID01472,30,Retail,2,3,3,16,3708.37,202.37,8388.76,8667.01,0.02075,0.7165,0.1321,0.0387,0.0069,0,2026-06-15,0.21900536119937897,Low Risk,
CID01473,35,Retail,1,9,3,22,7443.16,185.76,69254.86,60801.35,-0.00351,0.6452,0.0621,0.4656,0.3326,0,2026-06-15,0.06594429910182953,Low Risk,
CID01474,93,Retail,0,2,8,36,6695.14,3988.27,98932.99,93518.93,-0.03265,0.6578,0.043,0.129,0.0306,0,2026-06-15,0.2664591670036316,Low Risk,
CID01475,70,Retail,0,0,3,18,562.0,20.3,1133.1,1601.21,-0.02248,0.1086,0.0942,0.1457,0.1141,1,2026-06-15,0.3225756883621216,Low Risk,
CID01476,20,Retail,0,0,4,17,12626.09,6290.36,64357.89,68803.88,-0.00632,0.2312,0.1551,0.4583,0.1035,0,2026-06-15,0.2898184359073639,Low Risk,
CID01477,79,Retail,8,11,2,12,1461.39,23.7,859.92,425.16,0.00781,0.7525,0.1039,0.2807,0.0394,0,2026-06-15,0.10859072208404541,Low Risk,
CID01478,77,Retail,1,6,4,11,9928.66,853.47,30029.87,25666.7,0.0178,0.4811,0.0452,0.352,0.1125,0,2026-06-15,0.1508130133152008,Low Risk,
CID01479,66,Active Trader,38,124,17,77,527940.11,103715.6,649094.75,733962.82,0.01104,0.5833,0.3191,0.0527,0.1172,0,2026-06-15,0.14849230647087097,Low Risk,
CID01480,41,Retail,2,4,4,18,12942.12,914.22,17631.04,19896.18,-0.04417,0.311,0.2115,0.0888,0.096,0,2026-06-15,0.39256078004837036,Low Risk,
CID01481,57,Active Trader,28,119,6,75,14267.94,779.91,24062.23,28342.85,-0.02149,0.5535,0.2249,0.0652,0.1489,0,2026-06-15,0.1359638273715973,Low Risk,
CID01482,41,HNI,3,36,14,24,20096.92,3589.74,640331.31,661861.11,-0.00341,0.498,0.1825,0.4471,0.5732,0,2026-06-15,0.0876096785068512,Low Risk,
CID01483,40,Retail,0,5,2,23,23222.56,6573.37,80320.06,81138.37,-0.01978,0.3337,0.1219,0.7632,0.1826,0,2026-06-15,0.14826367795467377,Low Risk,
CID01484,39,Retail,1,1,11,30,7979.41,862.11,15907.52,20269.44,-0.0104,0.0459,0.1678,0.041,0.0763,0,2026-06-15,0.4287473261356354,Medium Risk,
CID01485,35,Retail,1,1,2,11,32568.55,21903.69,315654.62,283269.09,0.02321,0.3808,0.1823,0.3251,0.3249,0,2026-06-15,0.19003456830978394,Low Risk,
CID01486,78,Retail,0,5,2,29,13757.77,1694.02,13672.81,14320.1,0.01877,0.3007,0.1009,0.5683,0.7328,0,2026-06-15,0.12278188765048981,Low Risk,
CID01487,52,HNI,2,5,2,21,189876.63,12306.89,978445.6,820340.72,0.01359,0.5428,0.0616,0.2739,0.3002,0,2026-06-15,0.10282818973064423,Low Risk,
CID01488,77,Retail,5,7,8,24,12301.38,10216.69,18712.32,18431.29,-0.00592,0.5206,0.0262,0.746,0.7943,0,2026-06-15,0.05307444930076599,Low Risk,
CID01489,61,Active Trader,65,231,13,32,218203.99,79108.12,778243.47,746662.6,-0.0062,0.4572,0.1186,0.3256,0.4892,0,2026-06-15,0.037204593420028687,Low Risk,
CID01490,138,HNI,0,13,4,6,656747.35,150686.32,4557309.45,4513045.98,-0.00823,0.4823,0.0697,0.3643,0.4234,0,2026-06-15,0.16667430102825165,Low Risk,
CID01491,84,Retail,1,12,9,27,13803.79,3431.28,75513.62,86238.25,-0.00637,0.6917,0.0536,0.1081,0.0322,0,2026-06-15,0.23719221353530884,Low Risk,
CID01492,34,Retail,0,0,3,6,332.32,134.8,4980.7,5400.51,0.00943,0.5638,0.3167,0.4926,0.0928,1,2026-06-15,0.20910903811454773,Low Risk,
CID01493,38,Active Trader,40,93,8,35,56165.91,1262.12,64593.76,60026.2,0.04845,0.6457,0.1292,0.4727,0.5222,0,2026-06-15,0.03338713198900223,Low Risk,
CID01494,46,Retail,0,0,0,13,8562.39,2297.89,50514.8,43628.47,0.03178,0.2214,0.2207,0.3767,0.4947,1,2026-06-15,0.14366893470287323,Low Risk,
CID01495,60,Retail,0,7,0,29,16444.34,190.89,55532.11,56426.51,-0.0007,0.5022,0.1028,0.1169,0.0457,1,2026-06-15,0.07808227092027664,Low Risk,
CID01496,71,Active Trader,38,66,19,73,46145.08,4019.35,48794.08,36053.83,0.00031,0.7388,0.1394,0.1169,0.0749,0,2026-06-15,0.07971473783254623,Low Risk,
CID01497,17,Retail,3,3,0,16,2805.07,536.24,16998.19,17125.64,0.00252,0.2319,0.1336,0.2596,0.0954,0,2026-06-15,0.1631411612033844,Low Risk,
CID01498,135,HNI,4,9,5,19,57331.56,4242.58,972558.96,1096268.42,0.00804,0.9475,0.0122,0.1399,0.0806,0,2026-06-15,0.13512344658374786,Low Risk,
CID01499,37,Active Trader,29,89,9,63,65115.26,19279.36,258818.84,218139.79,-0.02361,0.0977,0.0318,0.3771,0.3831,0,2026-06-15,0.49701881408691406,Medium Risk,
CID01500,60,Retail,8,10,0,10,152888.93,20773.27,303140.34,262619.73,-0.01264,0.3941,0.0566,0.5346,0.2959,0,2026-06-15,0.19059310853481293,Low Risk,
CID01501,34,Retail,1,5,4,14,1101.78,253.57,3497.94,3468.36,0.01197,0.799,0.2908,0.2717,0.2305,0,2026-06-15,0.09667441248893738,Low Risk,
CID01502,71,Retail,0,12,14,28,11475.22,6463.67,38838.92,43641.2,-0.02802,0.4402,0.076,0.5716,0.1394,0,2026-06-15,0.15156501531600952,Low Risk,
CID01503,124,Active Trader,66,244,20,77,14355.19,1142.59,45494.51,38917.85,-0.03871,0.308,0.1315,0.6465,0.8116,0,2026-06-15,0.2654651999473572,Low Risk,
CID01504,86,HNI,0,0,5,20,57751.74,17452.34,424448.38,378033.72,0.01493,0.1801,0.2425,0.5413,0.818,0,2026-06-15,0.21199165284633636,Low Risk,
CID01505,55,Retail,0,0,0,15,667.44,12.22,18981.62,20459.2,-0.01142,0.2554,0.1943,0.1679,0.1445,0,2026-06-15,0.4489317834377289,Medium Risk,
CID01506,103,Retail,1,2,0,21,360.9,208.81,8714.5,9331.64,0.01486,0.4021,0.2017,0.161,0.0669,1,2026-06-15,0.11556913703680038,Low Risk,
CID01507,16,Retail,0,7,5,25,3776.5,2249.55,49243.54,45271.3,-0.00739,0.3895,0.055,0.373,0.2695,0,2026-06-15,0.14844880998134613,Low Risk,
CID01508,89,HNI,6,95,10,15,76126.82,7385.01,144123.24,118406.23,0.02522,0.3004,0.202,0.1798,0.1507,0,2026-06-15,0.18365725874900818,Low Risk,
CID01509,74,Retail,0,0,12,26,26387.2,5126.87,42235.65,46281.66,0.02241,0.5284,0.1022,0.642,0.3605,0,2026-06-15,0.13207337260246277,Low Risk,
CID01510,92,Active Trader,46,107,9,35,6450.47,957.13,129843.33,154909.34,0.01662,0.5156,0.2092,0.0004,0.1459,0,2026-06-15,0.20604676008224487,Low Risk,
CID01511,21,Retail,0,0,9,28,2657.45,784.78,3698.7,3589.19,0.01607,0.3313,0.0975,0.5058,0.6068,0,2026-06-15,0.18359726667404175,Low Risk,
CID01512,77,Active Trader,42,83,5,51,51605.79,4924.11,69909.58,65884.23,0.0121,0.5226,0.1558,0.1335,0.1786,0,2026-06-15,0.052102234214544296,Low Risk,
CID01513,17,Active Trader,28,182,9,73,99926.18,7602.47,168987.88,120713.58,0.01546,0.697,0.4992,0.1484,0.0083,0,2026-06-15,0.31944331526756287,Low Risk,
CID01514,20,Active Trader,44,111,7,55,29072.44,6085.99,149490.83,168577.73,0.00714,0.4034,0.0552,0.35,0.4507,0,2026-06-15,0.10280923545360565,Low Risk,
CID01515,63,Active Trader,63,156,16,47,76834.39,234.29,190052.9,158750.25,-0.01261,0.9025,0.0344,0.4164,0.6156,0,2026-06-15,0.06824217736721039,Low Risk,
CID01516,36,Active Trader,56,112,12,50,6514.35,3787.03,20203.81,19558.77,-0.01311,0.2593,0.1401,0.3116,0.2123,0,2026-06-15,0.1788196712732315,Low Risk,
CID01517,32,Retail,0,4,5,21,20911.69,18418.46,55395.23,60116.47,-0.03208,0.6029,0.1019,0.2648,0.0777,1,2026-06-15,0.12481071799993515,Low Risk,
CID01518,41,HNI,8,27,2,5,1340421.52,261884.47,2877598.54,3380585.16,0.01083,0.2745,0.1011,0.0059,0.0781,0,2026-06-15,0.3603231906890869,Low Risk,
CID01519,54,Retail,0,0,1,8,59174.65,14228.32,46112.88,48625.86,0.02109,0.7355,0.0344,0.131,0.0413,0,2026-06-15,0.31508681178092957,Low Risk,
CID01520,60,Active Trader,20,36,5,52,45737.44,4771.42,54410.14,49968.07,0.019,0.5537,0.2408,0.4186,0.1912,0,2026-06-15,0.11418444663286209,Low Risk,
CID01521,22,Retail,1,5,2,5,6646.57,38.3,1823.08,1448.84,0.00026,0.5123,0.2336,0.0197,0.3986,0,2026-06-15,0.1495346873998642,Low Risk,
CID01522,64,Retail,0,0,3,17,11920.63,1010.51,27689.57,25857.17,0.0129,0.5267,0.0404,0.3878,0.5183,0,2026-06-15,0.07963711768388748,Low Risk,
CID01523,91,HNI,1,3,4,24,141037.0,40250.68,296750.03,216818.86,0.00071,0.3698,0.2335,0.5547,0.6082,0,2026-06-15,0.1301167607307434,Low Risk,
CID01524,12,Retail,1,1,2,6,12250.18,848.06,11838.1,9621.56,-0.00742,0.5493,0.0507,0.7627,0.8508,1,2026-06-15,0.215474471449852,Low Risk,
CID01525,18,Retail,0,20,0,18,4485.63,2389.53,10873.03,12721.25,0.02689,0.6975,0.0214,0.3791,0.7206,0,2026-06-15,0.04529917240142822,Low Risk,
CID01526,66,Retail,0,8,3,8,6353.81,1074.78,4730.36,4000.69,0.02645,0.5925,0.0667,0.8265,0.6719,0,2026-06-15,0.0847882479429245,Low Risk,
CID01527,34,Active Trader,28,214,9,52,7250.57,932.73,31994.25,27548.67,0.00397,0.371,0.0309,0.327,0.1269,0,2026-06-15,0.13963104784488678,Low Risk,
CID01528,129,HNI,6,11,8,36,396949.6,8203.01,2491021.55,2290589.12,0.00461,0.659,0.1885,0.3532,0.0244,0,2026-06-15,0.06948915868997574,Low Risk,
CID01529,114,Active Trader,32,258,23,74,212477.49,46447.18,248743.71,236943.41,0.00816,0.6124,0.0217,0.3069,0.21,0,2026-06-15,0.11136223375797272,Low Risk,
CID01530,74,Retail,0,2,7,10,6885.31,305.39,14506.66,15528.9,0.00019,0.8524,0.3038,0.4832,0.3242,0,2026-06-15,0.13762453198432922,Low Risk,
CID01531,55,Retail,0,12,1,22,2298.46,409.21,28020.11,32869.4,-0.0007,0.1641,0.201,0.1198,0.1648,0,2026-06-15,0.22392819821834564,Low Risk,
CID01532,76,Retail,0,4,3,14,1455.52,172.83,29523.85,31911.24,0.0451,0.5251,0.1041,0.0243,0.082,0,2026-06-15,0.2075708508491516,Low Risk,
CID01533,23,Retail,1,3,8,11,354.75,58.4,3025.64,3061.47,0.02169,0.8733,0.1883,0.0322,0.2408,0,2026-06-15,0.1508527398109436,Low Risk,
CID01534,60,Retail,4,10,1,18,2631.93,176.29,7902.29,6794.72,0.00549,0.6736,0.0604,0.301,0.0907,0,2026-06-15,0.07057102769613266,Low Risk,
CID01535,96,HNI,10,10,11,22,257992.85,54653.12,1626130.94,1435817.37,0.01308,0.6208,0.0888,0.141,0.1124,0,2026-06-15,0.0876813530921936,Low Risk,
CID01536,69,HNI,10,50,8,33,106488.86,37891.55,263403.5,246640.48,0.02968,0.5662,0.0274,0.6783,0.4426,0,2026-06-15,0.08781761676073074,Low Risk,
CID01537,102,HNI,6,22,5,17,484669.53,93755.6,3850410.65,3529006.57,0.00548,0.2274,0.0201,0.6996,0.1247,0,2026-06-15,0.18462811410427094,Low Risk,
CID01538,78,Retail,3,21,1,27,1010.43,218.42,6460.65,7248.7,0.01996,0.2774,0.1867,0.1265,0.531,0,2026-06-15,0.16492891311645508,Low Risk,
CID01539,30,Active Trader,30,107,17,65,461344.59,112674.56,692285.8,522888.29,-0.00896,0.5029,0.3895,0.6944,0.6234,0,2026-06-15,0.14263856410980225,Low Risk,
CID01540,49,Retail,7,7,9,23,3348.92,449.05,10690.44,8917.89,-0.00189,0.3153,0.0354,0.2971,0.0235,0,2026-06-15,0.1369369477033615,Low Risk,
CID01541,31,Retail,1,4,8,15,849.85,256.18,5337.13,5188.89,-0.01936,0.2361,0.0845,0.483,0.5902,0,2026-06-15,0.3126075565814972,Low Risk,
CID01542,81,Active Trader,29,89,14,63,2735.02,1313.42,15464.54,15519.54,0.0112,0.665,0.1748,0.7266,0.3767,0,2026-06-15,0.045390911400318146,Low Risk,
CID01543,116,HNI,5,8,9,21,32150.86,1473.43,129565.6,138963.45,-0.00437,0.5427,0.0546,0.1944,0.3206,0,2026-06-15,0.05410202965140343,Low Risk,
CID01544,37,Active Trader,29,115,19,36,32126.53,5953.9,56330.29,48592.02,-0.00736,0.2308,0.2063,0.5094,0.8739,0,2026-06-15,0.3863116204738617,Low Risk,
CID01545,47,Retail,6,6,6,32,3957.74,348.5,3675.4,2241.66,-0.01513,0.2858,0.0242,0.6219,0.8457,0,2026-06-15,0.13348005712032318,Low Risk,
CID01546,78,Active Trader,23,202,11,52,2653799.19,255103.74,2586169.35,2621437.35,0.02291,0.5188,0.0466,0.4992,0.8883,0,2026-06-15,0.10075826197862625,Low Risk,
CID01547,113,Retail,0,9,7,25,4554.65,4132.95,7455.91,8496.19,0.01319,0.3413,0.1278,0.2486,0.1208,0,2026-06-15,0.14243575930595398,Low Risk,
CID01548,103,Retail,4,9,11,11,570.92,31.83,8880.05,9356.02,-0.00593,0.6859,0.1884,0.1726,0.2058,0,2026-06-15,0.15230879187583923,Low Risk,
CID01549,5,Retail,19,19,3,21,958.69,343.75,5665.33,6528.86,0.00023,0.3145,0.0575,0.8075,0.5101,0,2026-06-15,0.2190113067626953,Low Risk,
CID01550,120,Active Trader,21,126,5,27,118743.36,1430.89,125370.18,123964.53,0.00767,0.5984,0.0163,0.417,0.3392,0,2026-06-15,0.051884084939956665,Low Risk,
CID01551,97,Active Trader,46,65,6,63,8424.41,1283.74,357683.04,352355.74,-0.0004,0.2908,0.2836,0.0515,0.0679,0,2026-06-15,0.2078997641801834,Low Risk,
CID01552,18,Retail,0,3,7,36,2519.38,1279.63,1040.16,817.45,-0.02364,0.4589,0.3152,0.4643,0.3009,0,2026-06-15,0.2549506723880768,Low Risk,
CID01553,20,Retail,1,4,7,7,1773.32,1818.48,13083.96,13067.66,-0.0232,0.4696,0.0114,0.5284,0.0747,0,2026-06-15,0.3965519070625305,Low Risk,
CID01554,55,Retail,0,4,4,20,33066.57,3807.75,39498.41,30483.11,-0.0087,0.4448,0.1962,0.2706,0.5998,0,2026-06-15,0.11830514669418335,Low Risk,
CID01555,105,Retail,2,3,5,31,362.23,137.14,1485.98,1651.46,0.00398,0.4964,0.2092,0.7527,0.4166,0,2026-06-15,0.043167002499103546,Low Risk,
CID01556,27,HNI,10,11,8,11,61841.49,22255.35,408058.64,449850.27,-0.00389,0.4992,0.1836,0.2634,0.1691,0,2026-06-15,0.10492540150880814,Low Risk,
CID01557,94,Active Trader,19,100,17,56,3358.26,732.14,21121.98,26825.32,0.00384,0.5826,0.0918,0.0698,0.0795,1,2026-06-15,0.18747088313102722,Low Risk,
CID01558,74,Retail,2,7,7,8,979.47,107.62,14373.29,12933.88,-0.00131,0.2112,0.2178,0.1852,0.1584,0,2026-06-15,0.19264420866966248,Low Risk,
CID01559,91,HNI,8,10,8,21,293468.97,49894.54,1238751.73,1185132.09,0.01588,0.75,0.0543,0.6211,0.6637,0,2026-06-15,0.0898265466094017,Low Risk,
CID01560,20,Retail,2,28,3,31,3584.7,161.3,14172.05,13063.81,-0.00337,0.4335,0.1626,0.0102,0.1069,0,2026-06-15,0.17985546588897705,Low Risk,
CID01561,52,Retail,0,33,7,13,1132.98,612.12,6184.33,4162.48,0.00711,0.4867,0.1207,0.602,0.4774,0,2026-06-15,0.16502875089645386,Low Risk,
CID01562,103,HNI,0,2,11,33,316951.14,66871.04,2322618.7,2339994.83,0.00519,0.5152,0.0686,0.3775,0.1321,0,2026-06-15,0.1202535554766655,Low Risk,
CID01563,92,Active Trader,26,111,6,40,30334.54,7333.71,38829.29,37581.49,-0.01696,0.2681,0.091,0.4899,0.2705,0,2026-06-15,0.2333277016878128,Low Risk,
CID01564,100,HNI,1,13,11,22,319499.68,20093.64,1021046.61,1130960.4,-0.00157,0.2442,0.0059,0.1705,0.0751,0,2026-06-15,0.286725789308548,Low Risk,
CID01565,55,Retail,0,2,2,13,39776.56,337.48,83098.37,77603.33,-0.01454,0.1026,0.0394,0.2862,0.2172,0,2026-06-15,0.3546105623245239,Low Risk,
CID01566,74,HNI,20,47,1,10,105345.49,6615.01,269220.87,249663.91,-0.03645,0.2815,0.0486,0.3671,0.1718,0,2026-06-15,0.3289361000061035,Low Risk,
CID01567,39,Active Trader,26,116,13,68,229642.92,17956.27,551496.33,476510.77,-0.01292,0.3286,0.1821,0.3168,0.1215,0,2026-06-15,0.2119077444076538,Low Risk,
CID01568,14,Retail,3,8,5,16,46810.96,19314.0,32294.77,28161.17,-0.00564,0.3824,0.1408,0.0242,0.0905,0,2026-06-15,0.16200831532478333,Low Risk,
CID01569,11,Retail,0,8,1,20,21103.27,18269.18,39678.59,38701.33,-0.01123,0.0632,0.4032,0.0132,0.0503,0,2026-06-15,0.30791816115379333,Low Risk,
CID01570,112,HNI,15,18,5,6,535542.09,68868.17,2496432.99,1989948.15,-0.02495,0.157,0.1277,0.4931,0.4315,0,2026-06-15,0.25070512294769287,Low Risk,
CID01571,28,Active Trader,11,218,16,32,26935.52,2528.17,135534.05,94439.42,-0.00025,0.165,0.3908,0.0403,0.0981,0,2026-06-15,0.3639938235282898,Low Risk,
CID01572,62,Retail,1,18,2,25,33693.95,5714.82,79517.3,90608.07,0.00061,0.442,0.1604,0.481,0.4811,0,2026-06-15,0.05907664820551872,Low Risk,
CID01573,60,Retail,3,9,1,9,457.24,166.99,15562.6,12264.22,0.00293,0.4022,0.1964,0.3726,0.1704,0,2026-06-15,0.18633563816547394,Low Risk,
CID01574,41,Retail,1,1,3,21,31734.19,6969.69,47415.28,36007.21,-0.01818,0.271,0.0834,0.1044,0.0713,0,2026-06-15,0.5721413493156433,Medium Risk,
CID01575,151,HNI,0,11,1,11,92436.58,42308.78,817721.7,668487.14,-0.03188,0.4808,0.0921,0.2738,0.0285,0,2026-06-15,0.20788505673408508,Low Risk,
CID01576,128,HNI,5,23,2,29,436810.66,62579.59,986916.51,1192718.48,-0.00837,0.7287,0.0644,0.1408,0.1276,0,2026-06-15,0.08901618421077728,Low Risk,
CID01577,19,Retail,6,9,0,26,20845.4,4090.7,33915.1,25094.87,-0.00664,0.5773,0.0712,0.0681,0.0056,1,2026-06-15,0.1211259514093399,Low Risk,
CID01578,115,HNI,18,47,6,28,719950.19,313729.9,3261400.72,3220467.39,0.03605,0.5563,0.0834,0.2066,0.1512,0,2026-06-15,0.060856133699417114,Low Risk,
CID01579,64,Retail,5,11,5,18,2043.5,402.46,8173.51,6645.01,-0.00467,0.7465,0.1277,0.5189,0.0568,0,2026-06-15,0.1443704515695572,Low Risk,
CID01580,27,Retail,0,0,1,8,733.37,334.12,1679.47,1993.56,0.03614,0.5343,0.0379,0.0489,0.0462,1,2026-06-15,0.2507590353488922,Low Risk,
CID01581,94,Retail,2,5,7,19,4128.24,400.34,69393.58,67339.25,-0.02852,0.121,0.0367,0.6332,0.2455,0,2026-06-15,0.21020548045635223,Low Risk,
CID01582,42,Retail,0,11,0,15,15340.92,2031.67,111192.11,110263.37,0.00811,0.8469,0.1723,0.0668,0.0388,0,2026-06-15,0.24046747386455536,Low Risk,
CID01583,53,HNI,7,26,12,26,670733.44,538006.78,2122996.6,2191426.57,-0.01824,0.2536,0.0617,0.2819,0.4987,0,2026-06-15,0.05916249752044678,Low Risk,
CID01584,43,Retail,0,0,0,19,133998.7,7844.9,291305.94,232210.73,0.01,0.6128,0.1644,0.3815,0.3735,0,2026-06-15,0.1389143466949463,Low Risk,
CID01585,74,Retail,4,4,5,15,20397.9,1374.68,58801.61,49828.54,0.02921,0.6041,0.1597,0.2335,0.1674,0,2026-06-15,0.11427143961191177,Low Risk,
CID01586,53,Active Trader,8,98,13,42,74025.24,84208.62,380971.78,328675.46,0.03433,0.165,0.8327,0.3559,0.2822,0,2026-06-15,0.14825838804244995,Low Risk,
CID01587,24,Active Trader,47,80,4,52,4117.48,937.28,52826.62,53254.5,-0.00877,0.2181,0.3024,0.182,0.0409,0,2026-06-15,0.11311943829059601,Low Risk,
CID01588,45,Active Trader,19,150,13,32,31830.02,11610.11,113041.18,88007.8,0.02651,0.7091,0.167,0.1072,0.0095,0,2026-06-15,0.3313578963279724,Low Risk,
CID01589,45,Active Trader,50,150,6,58,7668.94,1611.73,40616.0,42129.21,-0.0003,0.634,0.3287,0.2159,0.1001,0,2026-06-15,0.13877339661121368,Low Risk,
CID01590,87,Active Trader,24,68,13,41,5159.01,67.51,10829.2,11220.18,-0.01022,0.355,0.05,0.318,0.3531,0,2026-06-15,0.19443553686141968,Low Risk,
CID01591,85,Retail,0,0,11,18,5547.06,4231.28,2946.17,3560.76,0.0083,0.7919,0.2027,0.4223,0.1679,0,2026-06-15,0.1595763862133026,Low Risk,
CID01592,33,Retail,1,1,7,12,1485.4,684.67,7666.14,8089.81,-0.02421,0.7169,0.0108,0.5372,0.1619,0,2026-06-15,0.2451983094215393,Low Risk,
CID01593,50,Retail,0,4,5,25,7334.94,3249.46,11609.29,9803.4,-0.01584,0.5177,0.4366,0.7584,0.7135,0,2026-06-15,0.28259918093681335,Low Risk,
CID01594,9,Retail,2,4,7,15,10562.22,3079.0,16148.19,19809.65,-0.02425,0.2651,0.0328,0.1355,0.023,1,2026-06-15,0.3615085780620575,Low Risk,
CID01595,26,Retail,4,8,0,13,1282.19,80.87,12703.48,12364.97,0.01789,0.6843,0.0893,0.5188,0.437,0,2026-06-15,0.08069785684347153,Low Risk,
CID01596,25,Active Trader,38,77,10,30,39679.53,3354.64,39596.07,27813.28,0.02939,0.4569,0.3436,0.0037,0.1386,0,2026-06-15,0.2789023220539093,Low Risk,
CID01597,11,Active Trader,46,157,11,64,5235.27,269.08,36114.38,37838.76,-0.01874,0.6208,0.1766,0.0953,0.0093,0,2026-06-15,0.21322448551654816,Low Risk,
CID01598,75,HNI,0,2,9,36,27164.93,15163.65,889879.97,891957.51,-0.00866,0.5024,0.2185,0.7531,0.6497,0,2026-06-15,0.11649642884731293,Low Risk,
CID01599,52,Retail,1,1,2,18,22206.1,12981.04,94985.19,100651.25,0.00552,0.6164,0.108,0.3561,0.0576,0,2026-06-15,0.11832603812217712,Low Risk,
CID01600,37,Active Trader,39,86,13,48,244.06,49.32,10140.74,6783.28,0.01147,0.1001,0.1058,0.7725,0.7792,0,2026-06-15,0.38312435150146484,Low Risk,
CID01601,7,Retail,0,11,3,4,1316.64,34.21,2273.18,2618.02,0.0218,0.58,0.1818,0.2567,0.0433,1,2026-06-15,0.18582743406295776,Low Risk,
CID01602,46,HNI,2,2,1,13,314860.12,48709.29,751335.51,794322.72,-0.00626,0.3669,0.1802,0.0357,0.0363,0,2026-06-15,0.3164348304271698,Low Risk,
CID01603,72,HNI,0,20,2,26,1486927.0,291562.68,2067120.09,1600182.44,0.02418,0.4501,0.1042,0.6531,0.7008,0,2026-06-15,0.04136091098189354,Low Risk,
CID01604,140,HNI,5,9,2,20,5344911.87,1717001.21,5732790.82,6504704.93,0.01793,0.6081,0.2362,0.4822,0.2544,0,2026-06-15,0.06966274231672287,Low Risk,
CID01605,34,Active Trader,3,55,21,72,1266.34,547.03,6583.29,6566.11,-0.0352,0.6207,0.5185,0.5999,0.4211,0,2026-06-15,0.15104591846466064,Low Risk,
CID01606,29,Retail,0,0,2,24,1933.63,48.42,9692.51,10604.01,-0.02137,0.3488,0.0965,0.0141,0.1766,0,2026-06-15,0.529604971408844,Medium Risk,
CID01607,108,HNI,2,18,6,16,1381930.76,170544.23,869646.61,850189.39,-0.03768,0.2372,0.0954,0.165,0.2197,0,2026-06-15,0.24078243970870972,Low Risk,
CID01608,74,HNI,2,39,1,21,264087.03,11035.24,406281.69,425594.1,0.02061,0.6459,0.2475,0.1219,0.028,0,2026-06-15,0.1689070761203766,Low Risk,
CID01609,36,Active Trader,13,55,15,42,25078.81,284.09,133507.3,113827.62,0.016,0.6423,0.0698,0.5922,0.4318,0,2026-06-15,0.058984581381082535,Low Risk,
CID01610,26,Retail,2,9,2,22,9481.96,1832.14,185345.57,188084.65,-0.02369,0.2938,0.4422,0.6733,0.486,0,2026-06-15,0.1953737735748291,Low Risk,
CID01611,24,HNI,1,10,9,26,22006320.69,5302426.5,15798110.21,12284044.52,-0.06298,0.48,0.1339,0.0634,0.1846,0,2026-06-15,0.1079590693116188,Low Risk,
CID01612,39,Retail,1,1,9,31,2391.69,872.79,4455.67,4054.57,-0.00878,0.3918,0.2323,0.7024,0.6193,1,2026-06-15,0.1064126193523407,Low Risk,
CID01613,67,HNI,0,2,9,35,234475.92,94016.5,1568975.52,1167078.42,0.05967,0.7246,0.098,0.7454,0.612,0,2026-06-15,0.061596475541591644,Low Risk,
CID01614,109,Active Trader,38,247,13,63,184783.8,22078.82,283938.63,232745.31,-0.02087,0.7412,0.1575,0.1063,0.1672,0,2026-06-15,0.12090232968330383,Low Risk,
CID01615,104,HNI,4,33,5,20,449625.67,208613.83,881557.9,928437.5,-0.02021,0.5496,0.0938,0.3594,0.4376,0,2026-06-15,0.05041039362549782,Low Risk,
CID01616,20,Retail,1,5,10,13,11738.92,5416.24,13635.43,10757.28,0.01092,0.5285,0.1625,0.7248,0.4246,0,2026-06-15,0.1477910280227661,Low Risk,
CID01617,63,Retail,5,27,4,11,2766.09,222.62,32532.76,28866.78,-0.04455,0.0379,0.2501,0.0892,0.0264,0,2026-06-15,0.417170912027359,Medium Risk,
CID01618,11,Retail,2,2,1,15,74689.13,28038.5,300138.78,280782.45,-0.01152,0.5892,0.1673,0.2685,0.1236,0,2026-06-15,0.18332503736019135,Low Risk,
CID01619,29,Retail,0,4,7,29,7828.78,582.24,6734.19,4116.73,0.01201,0.5936,0.1423,0.3295,0.5204,0,2026-06-15,0.060182806104421616,Low Risk,
CID01620,37,Retail,0,2,4,16,113125.36,3865.57,62519.2,64750.26,-0.01419,0.2992,0.0543,0.509,0.1262,0,2026-06-15,0.44202420115470886,Medium Risk,
CID01621,131,HNI,4,18,3,15,165425.24,33342.09,1786715.26,1200940.32,-0.01668,0.281,0.349,0.3179,0.1088,0,2026-06-15,0.23743917047977448,Low Risk,
CID01622,85,Retail,8,31,1,14,8836.84,2428.12,16373.62,13250.86,-0.00883,0.4603,0.1745,0.5726,0.456,0,2026-06-15,0.09936845302581787,Low Risk,
CID01623,74,Retail,3,3,2,27,4301.68,412.46,21680.48,24079.88,0.01576,0.7049,0.1835,0.6066,0.543,0,2026-06-15,0.048743121325969696,Low Risk,
CID01624,37,Retail,3,35,0,8,55401.84,12926.93,65551.33,68667.86,0.01621,0.7331,0.244,0.1385,0.2514,0,2026-06-15,0.08975036442279816,Low Risk,
CID01625,17,Retail,0,0,2,11,1075.15,227.04,19192.44,19845.86,-0.01424,0.467,0.1206,0.1204,0.0065,0,2026-06-15,0.39264968037605286,Low Risk,
CID01626,26,Retail,3,3,5,12,8021.22,6126.51,47813.64,49864.27,0.01303,0.5932,0.4106,0.1254,0.1684,0,2026-06-15,0.14341957867145538,Low Risk,
CID01627,97,Retail,1,1,4,33,1023.58,75.37,6532.0,7648.04,0.04828,0.8405,0.2092,0.2017,0.0576,0,2026-06-15,0.17330263555049896,Low Risk,
CID01628,13,Active Trader,27,81,14,66,122644.42,41499.97,189772.89,213701.2,-0.01527,0.448,0.5371,0.4362,0.1421,0,2026-06-15,0.21586962044239044,Low Risk,
CID01629,31,Retail,0,0,10,28,5507.57,1984.35,74461.41,85984.4,-0.02872,0.4038,0.0804,0.23,0.173,0,2026-06-15,0.2902473211288452,Low Risk,
CID01630,93,Active Trader,27,38,5,62,7356.16,620.55,47593.35,40537.74,-0.03643,0.2879,0.0604,0.2432,0.0863,0,2026-06-15,0.29530030488967896,Low Risk,
CID01631,71,Retail,0,2,5,20,1571.55,875.92,3959.08,4178.74,-0.0092,0.4804,0.2892,0.6635,0.7581,0,2026-06-15,0.09207139909267426,Low Risk,
CID01632,43,HNI,6,46,2,4,376753.25,200164.86,1575741.28,1442029.92,-0.00941,0.2139,0.0496,0.0094,0.1205,0,2026-06-15,0.10662004351615906,Low Risk,
CID01633,132,HNI,6,14,7,15,84416.15,9283.37,1284104.63,1204990.81,-0.00686,0.3593,0.0989,0.1134,0.4834,0,2026-06-15,0.14690282940864563,Low Risk,
CID01634,53,Active Trader,48,233,6,32,24914.59,5842.89,71306.82,54616.67,0.016,0.4201,0.0862,0.5115,0.2995,0,2026-06-15,0.18951795995235443,Low Risk,
CID01635,40,Active Trader,43,102,15,39,7264.5,1016.74,12797.63,13386.69,-0.00459,0.5039,0.0824,0.0692,0.3554,0,2026-06-15,0.11503350734710693,Low Risk,
CID01636,52,Active Trader,76,124,6,44,660.52,69.74,18790.29,18410.25,0.0035,0.4827,0.0702,0.4122,0.1243,0,2026-06-15,0.07953201234340668,Low Risk,
CID01637,50,Retail,1,6,1,27,4662.45,416.14,15594.73,14564.86,-0.00594,0.198,0.115,0.698,0.8058,0,2026-06-15,0.11937340348958969,Low Risk,
CID01638,35,Retail,0,9,4,12,639.45,54.75,4519.48,4170.01,-0.01936,0.6126,0.1199,0.3681,0.4423,1,2026-06-15,0.10042174160480499,Low Risk,
CID01639,57,Retail,1,39,4,33,666.62,74.23,5523.54,5865.58,-0.00687,0.6596,0.1241,0.1522,0.0407,0,2026-06-15,0.05084073543548584,Low Risk,
CID01640,86,Retail,0,9,0,25,3018.63,1521.21,51934.83,57788.12,0.0324,0.5896,0.25,0.199,0.0941,0,2026-06-15,0.05888060852885246,Low Risk,
CID01641,140,HNI,9,16,7,20,40042.3,288.03,197620.12,197703.93,-0.00874,0.3184,0.1595,0.0109,0.1935,0,2026-06-15,0.14935456216335297,Low Risk,
CID01642,43,Retail,1,19,7,25,4794.92,617.76,13366.08,11945.01,-0.00944,0.6077,0.1801,0.1331,0.0732,0,2026-06-15,0.0769648551940918,Low Risk,
CID01643,34,Retail,5,10,4,5,3528.19,565.2,8112.59,6754.87,-0.01002,0.0389,0.1079,0.1628,0.04,0,2026-06-15,0.26888784766197205,Low Risk,
CID01644,71,Retail,0,1,5,19,1204.19,130.92,5661.22,5470.92,-0.00639,0.6082,0.0827,0.3987,0.1786,0,2026-06-15,0.1649385243654251,Low Risk,
CID01645,122,HNI,13,29,12,19,157193.34,43001.59,674804.2,631425.23,-0.0123,0.4303,0.1755,0.6314,0.2436,0,2026-06-15,0.09729403257369995,Low Risk,
CID01646,114,Active Trader,22,85,10,76,15219.75,3171.53,69210.39,56624.09,0.01308,0.3889,0.3024,0.6169,0.1312,0,2026-06-15,0.19344225525856018,Low Risk,
CID01647,77,HNI,4,10,10,21,33235.71,6889.13,111166.26,109921.83,0.03609,0.8683,0.0462,0.7162,0.4874,0,2026-06-15,0.06134413182735443,Low Risk,
CID01648,93,Retail,0,14,4,15,7558.15,1615.95,13760.84,14194.33,0.02141,0.2753,0.078,0.2777,0.3099,0,2026-06-15,0.2724863588809967,Low Risk,
CID01649,21,Retail,3,7,3,17,468.61,22.12,1376.3,1964.24,-0.011,0.4547,0.0051,0.1736,0.0729,0,2026-06-15,0.06881197541952133,Low Risk,
CID01650,11,Retail,3,6,1,12,515.35,310.31,4215.51,4717.6,0.01912,0.5433,0.3512,0.4741,0.4119,0,2026-06-15,0.0835302546620369,Low Risk,
CID01651,15,Retail,1,1,7,11,1814.75,456.25,3756.08,4509.23,-0.0167,0.1694,0.2182,0.6988,0.3274,0,2026-06-15,0.26641133427619934,Low Risk,
CID01652,36,Active Trader,54,188,9,41,46234.97,5953.27,72232.6,61370.77,-0.00549,0.5424,0.1706,0.6533,0.1989,0,2026-06-15,0.09694021940231323,Low Risk,
CID01653,24,Retail,9,11,8,23,997.37,79.02,4680.1,4122.66,0.0347,0.6389,0.3815,0.2136,0.0394,0,2026-06-15,0.12006161361932755,Low Risk,
CID01654,40,Retail,3,16,2,9,2238.3,84.6,16748.79,17805.13,0.0079,0.6523,0.3307,0.2223,0.2433,0,2026-06-15,0.20823858678340912,Low Risk,
CID01655,66,Active Trader,89,112,4,35,156101.08,29503.22,629358.91,617036.73,0.00853,0.6336,0.2322,0.4593,0.2012,0,2026-06-15,0.08926507085561752,Low Risk,
CID01656,46,Retail,0,0,3,7,7326.71,1761.07,32291.92,36411.46,-0.03568,0.4483,0.2134,0.5124,0.5078,1,2026-06-15,0.2567678689956665,Low Risk,
CID01657,64,Active Trader,31,158,16,55,245445.69,39518.91,454970.19,441775.21,-0.01353,0.5544,0.0979,0.1809,0.0326,0,2026-06-15,0.1049451231956482,Low Risk,
CID01658,19,Retail,0,0,3,13,3460.37,1554.3,12738.4,14536.76,0.00668,0.5091,0.044,0.249,0.0378,0,2026-06-15,0.16062094271183014,Low Risk,
CID01659,49,Retail,0,7,9,27,17383.56,8652.22,19756.31,20495.21,0.00044,0.5446,0.2025,0.555,0.2496,0,2026-06-15,0.0980084016919136,Low Risk,
CID01660,172,HNI,6,14,12,34,275141.33,36126.0,338102.91,429309.19,-0.01262,0.4033,0.0683,0.1022,0.3646,0,2026-06-15,0.1333697885274887,Low Risk,
CID01661,36,Retail,1,1,7,7,8942.37,3223.71,22794.35,23730.34,-0.01555,0.7572,0.17,0.0444,0.0588,1,2026-06-15,0.45004981756210327,Medium Risk,
CID01662,46,Retail,0,0,2,9,1089.75,148.64,10971.44,9661.78,0.00015,0.5947,0.0325,0.0254,0.0973,0,2026-06-15,0.27061131596565247,Low Risk,
CID01663,34,Active Trader,48,112,24,38,31341.25,9002.29,121851.11,85633.81,0.01197,0.7925,0.161,0.3039,0.1604,0,2026-06-15,0.21324947476387024,Low Risk,
CID01664,73,Retail,3,5,2,15,2327.93,420.49,21145.55,20215.31,-0.01078,0.2593,0.0585,0.3282,0.3498,0,2026-06-15,0.34298640489578247,Low Risk,
CID01665,53,Retail,1,5,9,29,22384.79,12293.37,50002.1,42261.7,-0.03311,0.1583,0.1002,0.2738,0.0423,1,2026-06-15,0.3756839632987976,Low Risk,
CID01666,117,Active Trader,34,125,11,70,18390.9,7573.7,29437.67,34752.87,-0.02655,0.2627,0.1572,0.5229,0.0723,0,2026-06-15,0.2745753526687622,Low Risk,
CID01667,72,Active Trader,18,124,20,57,15496.38,5520.66,29814.63,36998.22,-0.04119,0.2078,0.1864,0.6856,0.5728,0,2026-06-15,0.24221192300319672,Low Risk,
CID01668,131,Active Trader,9,264,3,41,39345.28,1889.14,136198.41,132570.6,-0.02649,0.3301,0.271,0.0754,0.0751,0,2026-06-15,0.27168455719947815,Low Risk,
CID01669,53,Retail,12,12,4,27,9806.17,1140.08,58039.22,57257.91,0.01305,0.5983,0.0477,0.2029,0.2537,0,2026-06-15,0.04793788492679596,Low Risk,
CID01670,45,HNI,9,14,5,19,4968506.91,1578028.67,2345430.55,2508033.56,0.00812,0.7197,0.101,0.6906,0.6637,0,2026-06-15,0.04516567662358284,Low Risk,
CID01671,29,Active Trader,38,153,5,43,321615.44,27905.72,403054.64,328875.46,-0.0349,0.1473,0.004,0.0335,0.2025,0,2026-06-15,0.3793449401855469,Low Risk,
CID01672,48,Retail,7,7,10,26,3269.3,753.16,21268.62,18553.47,-0.0055,0.6177,0.0326,0.2924,0.4923,0,2026-06-15,0.08202429860830307,Low Risk,
CID01673,34,Retail,2,4,1,13,3451.33,838.03,15520.76,11485.32,-0.00909,0.5203,0.0593,0.2513,0.4909,0,2026-06-15,0.15444764494895935,Low Risk,
CID01674,91,Retail,0,16,0,21,32940.91,13597.5,54459.56,56259.7,-0.03412,0.1397,0.0459,0.0348,0.024,1,2026-06-15,0.4558473229408264,Medium Risk,
CID01675,44,Retail,6,6,4,4,52933.67,25577.49,195734.68,198025.03,-0.03073,0.3587,0.0389,0.2454,0.2347,1,2026-06-15,0.14649276435375214,Low Risk,
CID01676,28,Active Trader,30,122,7,32,121138.9,49724.92,374462.51,348733.9,0.0226,0.8122,0.2936,0.7337,0.6713,0,2026-06-15,0.1145649179816246,Low Risk,
CID01677,23,Retail,1,3,7,15,615.59,168.65,3069.89,3639.68,0.03034,0.8402,0.0484,0.6615,0.4902,0,2026-06-15,0.06802388280630112,Low Risk,
CID01678,84,Retail,0,0,2,14,7041.03,4186.13,30365.68,27343.38,-0.02936,0.1923,0.2177,0.1498,0.3135,1,2026-06-15,0.28688716888427734,Low Risk,
CID01679,21,Active Trader,14,150,12,30,12986.46,3403.58,53510.02,64886.03,0.02122,0.6731,0.1649,0.777,0.7778,0,2026-06-15,0.08423539251089096,Low Risk,
CID01680,32,Retail,0,5,1,1,17966.07,1600.33,33813.98,34389.97,-0.02987,0.5364,0.0908,0.5717,0.5667,1,2026-06-15,0.1430007368326187,Low Risk,
CID01681,36,Retail,19,19,3,9,13424.5,1609.65,72958.06,79964.25,-0.02769,0.2321,0.0313,0.013,0.0835,0,2026-06-15,0.35427209734916687,Low Risk,
CID01682,148,HNI,6,20,1,17,111403.95,43824.03,1131424.91,1265335.97,-0.04607,0.2138,0.1527,0.0255,0.1431,0,2026-06-15,0.2423049509525299,Low Risk,
CID01683,21,Active Trader,13,228,9,26,920661.35,653960.48,939472.67,826017.87,-0.0266,0.2884,0.4965,0.1279,0.1252,0,2026-06-15,0.1110815703868866,Low Risk,
CID01684,31,Active Trader,38,74,8,61,68015.29,12408.56,63103.16,63927.34,0.00011,0.7152,0.3168,0.7071,0.7729,0,2026-06-15,0.0883125364780426,Low Risk,
CID01685,9,Retail,1,31,7,25,3195.98,644.41,4663.23,4668.86,0.00564,0.3447,0.0302,0.0699,0.0183,0,2026-06-15,0.2283671796321869,Low Risk,
CID01686,64,HNI,3,3,4,21,147384.62,95512.84,1505540.28,1680410.41,0.05235,0.5162,0.132,0.7166,0.4768,0,2026-06-15,0.05042313411831856,Low Risk,
CID01687,26,Retail,2,5,6,9,13023.44,339.0,16099.08,17766.25,-0.02893,0.86,0.1053,0.7084,0.413,0,2026-06-15,0.09955962747335434,Low Risk,
CID01688,30,Retail,5,23,4,19,2197.25,1232.78,9110.8,9529.39,0.01836,0.7992,0.0588,0.3085,0.6055,0,2026-06-15,0.057902488857507706,Low Risk,
CID01689,12,Retail,1,21,5,28,11823.93,2329.06,28918.43,30948.7,-0.0305,0.1897,0.0959,0.4872,0.3228,0,2026-06-15,0.33563485741615295,Low Risk,
CID01690,16,Retail,0,1,6,25,22267.55,2578.83,44070.34,38577.34,-0.00536,0.4074,0.0629,0.4823,0.4547,0,2026-06-15,0.0938277468085289,Low Risk,
CID01691,14,Retail,0,4,5,9,93974.57,1718.44,122682.16,141751.1,0.00522,0.5895,0.0385,0.0446,0.0567,1,2026-06-15,0.13677333295345306,Low Risk,
CID01692,65,Active Trader,10,109,6,34,1739.47,365.75,42870.63,40258.85,0.00319,0.5533,0.1364,0.2519,0.1054,0,2026-06-15,0.09972460567951202,Low Risk,
CID01693,25,Retail,1,2,8,10,310446.49,57563.21,90298.93,111661.21,-0.00705,0.2393,0.0594,0.0435,0.0666,0,2026-06-15,0.4594264626502991,Medium Risk,
CID01694,20,Active Trader,29,201,6,59,111765.52,40196.49,122840.42,110358.49,-0.02309,0.4837,0.1211,0.7903,0.4522,0,2026-06-15,0.12650346755981445,Low Risk,
CID01695,35,Active Trader,43,127,4,19,359242.93,66744.59,485880.02,490569.99,0.00218,0.4568,0.1179,0.2994,0.022,0,2026-06-15,0.088339664041996,Low Risk,
CID01696,37,Retail,9,13,3,21,840.34,39.69,611.63,948.58,0.02037,0.5454,0.0112,0.1133,0.1476,0,2026-06-15,0.07566245645284653,Low Risk,
CID01697,117,Retail,7,10,5,8,57677.14,6898.96,60074.65,50338.62,-0.04445,0.4561,0.3811,0.1385,0.0546,0,2026-06-15,0.27649423480033875,Low Risk,
CID01698,83,Retail,0,1,2,25,58188.96,5346.04,17376.9,13516.09,-0.02612,0.1935,0.168,0.5331,0.132,0,2026-06-15,0.41324400901794434,Medium Risk,
CID01699,104,Retail,13,23,6,6,2202.39,43.55,28609.81,31334.38,0.0167,0.0466,0.032,0.5755,0.4352,0,2026-06-15,0.2747427523136139,Low Risk,
CID01700,47,Retail,5,11,6,18,3097.47,125.1,5134.01,5366.23,0.02591,0.7079,0.0747,0.1101,0.0477,0,2026-06-15,0.08535736054182053,Low Risk,
CID01701,73,Retail,0,0,1,19,2374.27,707.14,6148.12,4973.17,-0.02412,0.3445,0.0553,0.4044,0.0057,0,2026-06-15,0.3451020419597626,Low Risk,
CID01702,110,HNI,4,59,1,13,1682986.22,843213.99,1594183.06,1624441.72,0.00807,0.4039,0.2238,0.629,0.5191,0,2026-06-15,0.07583875954151154,Low Risk,
CID01703,70,Retail,0,1,2,13,26220.5,4008.86,43937.36,39658.75,-0.02357,0.4467,0.0645,0.6572,0.5007,0,2026-06-15,0.18552371859550476,Low Risk,
CID01704,19,Active Trader,62,121,8,44,110879.54,14054.86,102059.69,114816.25,-0.02424,0.2804,0.3281,0.2424,0.1135,0,2026-06-15,0.2135677933692932,Low Risk,
CID01705,28,Retail,1,4,5,7,3631.83,2326.03,16475.22,14516.27,0.01669,0.3459,0.1186,0.4124,0.1088,0,2026-06-15,0.3136841356754303,Low Risk,
CID01706,52,Retail,1,7,3,29,545.7,63.2,21724.33,26525.76,0.00044,0.3592,0.0772,0.1213,0.1688,1,2026-06-15,0.12185842543840408,Low Risk,
CID01707,110,Active Trader,9,73,9,39,2701.27,1622.63,43627.25,46983.61,0.02208,0.5856,0.1528,0.107,0.2451,0,2026-06-15,0.08463559299707413,Low Risk,
CID01708,85,Active Trader,10,50,9,58,200966.22,53006.57,515249.48,487288.79,0.02915,0.2228,0.1999,0.2414,0.3488,0,2026-06-15,0.08483097702264786,Low Risk,
CID01709,83,Active Trader,59,197,9,25,29522.75,25239.59,27240.65,27563.8,-0.02225,0.1867,0.0772,0.4115,0.3351,0,2026-06-15,0.18358160555362701,Low Risk,
CID01710,104,Active Trader,14,30,17,60,19335.85,5218.0,219450.59,263436.89,-0.00329,0.5595,0.0384,0.344,0.3475,0,2026-06-15,0.1200857162475586,Low Risk,
CID01711,24,Retail,0,3,6,6,438.47,169.15,3718.64,3116.01,-0.02361,0.2633,0.0867,0.4632,0.3046,0,2026-06-15,0.5257176756858826,Medium Risk,
CID01712,88,Retail,2,2,4,27,755.04,149.31,5617.8,5836.86,-0.00691,0.5491,0.1693,0.0786,0.0022,0,2026-06-15,0.29724645614624023,Low Risk,
CID01713,44,Active Trader,29,160,11,35,30251.93,2568.09,88551.45,66344.07,0.011,0.7154,0.4162,0.2635,0.0517,0,2026-06-15,0.1404433399438858,Low Risk,
CID01714,41,Retail,0,14,0,10,2892.13,206.45,3586.03,3091.52,-0.012,0.6702,0.9,0.7899,0.5476,1,2026-06-15,0.1170884519815445,Low Risk,
CID01715,25,Active Trader,42,124,4,26,199547.77,81934.06,178875.87,174839.84,-0.01184,0.5371,0.0741,0.1785,0.358,0,2026-06-15,0.0319705493748188,Low Risk,
CID01716,55,Retail,0,2,3,13,2902.61,949.56,13404.93,15576.94,0.02121,0.6817,0.3072,0.4697,0.0907,0,2026-06-15,0.26995545625686646,Low Risk,
CID01717,46,Retail,3,3,5,21,654.81,23.96,19201.23,17612.64,0.007,0.3447,0.2988,0.7461,0.2881,0,2026-06-15,0.14592406153678894,Low Risk,
CID01718,47,Active Trader,22,154,8,27,201386.2,78085.21,201740.46,169219.98,0.00022,0.6639,0.1261,0.205,0.2208,0,2026-06-15,0.060225531458854675,Low Risk,
CID01719,34,Retail,1,13,3,10,1578.41,419.93,4741.86,4253.77,0.05331,0.6289,0.1351,0.0688,0.4717,0,2026-06-15,0.13604600727558136,Low Risk,
CID01720,26,Retail,2,2,11,30,35866.43,3175.27,63924.34,66258.83,-0.00621,0.4065,0.1576,0.3541,0.3184,0,2026-06-15,0.16579021513462067,Low Risk,
CID01721,50,Retail,0,8,0,24,2643.8,299.1,7174.69,6796.88,-0.01011,0.294,0.0526,0.4045,0.4551,1,2026-06-15,0.22357439994812012,Low Risk,
CID01722,86,Active Trader,21,231,13,73,12868.15,3717.28,90577.25,99803.75,-0.00458,0.3935,0.1696,0.03,0.1057,0,2026-06-15,0.24776007235050201,Low Risk,
CID01723,88,Active Trader,92,233,15,36,666589.43,76973.11,333585.49,347580.83,0.00418,0.7963,0.0701,0.2106,0.0324,0,2026-06-15,0.15300670266151428,Low Risk,
CID01724,64,Retail,0,29,5,17,71594.75,951.67,291103.54,288534.55,0.0257,0.2841,0.259,0.5626,0.5686,0,2026-06-15,0.11497121304273605,Low Risk,
CID01725,69,Retail,2,2,7,10,5430.71,1320.06,4061.98,2853.57,-0.00317,0.6741,0.2345,0.1635,0.0538,0,2026-06-15,0.1858328878879547,Low Risk,
CID01726,136,Active Trader,65,180,17,47,40295.76,18267.03,706561.99,743153.67,0.03179,0.7046,0.1955,0.1939,0.0001,0,2026-06-15,0.11475031822919846,Low Risk,
CID01727,56,Active Trader,42,130,6,33,42225.53,17573.29,344224.14,300659.54,0.01772,0.4477,0.4689,0.6204,0.1829,0,2026-06-15,0.14597029983997345,Low Risk,
CID01728,60,Retail,0,0,4,5,794.47,62.13,8412.43,8308.02,0.01293,0.4096,0.3219,0.3471,0.117,1,2026-06-15,0.20529185235500336,Low Risk,
CID01729,29,Active Trader,27,88,15,35,12335.75,1511.82,194488.1,187207.83,-0.02398,0.3926,0.453,0.7263,0.4907,0,2026-06-15,0.1933891922235489,Low Risk,
CID01730,76,Retail,1,1,2,4,481.51,124.19,3350.87,2773.98,0.01359,0.4248,0.1169,0.6978,0.2286,0,2026-06-15,0.11478152126073837,Low Risk,
CID01731,53,Retail,0,2,10,21,29075.36,1525.68,21791.26,20747.1,0.01537,0.5865,0.229,0.0586,0.0449,0,2026-06-15,0.26231178641319275,Low Risk,
CID01732,70,Retail,1,18,3,10,1038.76,294.74,2720.66,2971.3,0.01225,0.5593,0.0505,0.6059,0.7977,0,2026-06-15,0.07667583227157593,Low Risk,
CID01733,42,Retail,8,15,3,5,12185.62,993.59,26169.49,24009.79,0.00853,0.6434,0.0774,0.1262,0.033,0,2026-06-15,0.19156622886657715,Low Risk,
CID01734,50,HNI,8,8,2,17,825135.42,185690.02,2806413.32,2643303.67,0.00792,0.5335,0.0949,0.5089,0.2413,0,2026-06-15,0.0621742308139801,Low Risk,
CID01735,93,Active Trader,46,66,8,70,99824.98,22767.65,505365.31,454928.59,0.00355,0.2934,0.2027,0.3038,0.1354,0,2026-06-15,0.161020889878273,Low Risk,
CID01736,21,Active Trader,47,76,16,62,390003.9,119077.75,1493148.24,963384.22,-0.00842,0.7251,0.0239,0.0442,0.1134,0,2026-06-15,0.09603525698184967,Low Risk,
CID01737,50,Active Trader,46,143,10,24,2112.65,113.48,41094.91,33726.49,-0.01952,0.4009,0.2305,0.6141,0.1861,0,2026-06-15,0.2569347023963928,Low Risk,
CID01738,103,Retail,1,3,1,5,16986.01,3954.74,52858.69,62658.51,-0.0081,0.6452,0.3167,0.6087,0.2887,0,2026-06-15,0.1489110291004181,Low Risk,
CID01739,84,Retail,5,5,5,16,3483.28,495.66,7834.83,7293.55,0.02416,0.3505,0.0312,0.6735,0.2957,0,2026-06-15,0.07757767289876938,Low Risk,
CID01740,27,Active Trader,26,56,8,55,22978.12,4098.96,115882.29,117846.24,0.00394,0.1986,0.2177,0.1049,0.0179,0,2026-06-15,0.34316566586494446,Low Risk,
CID01741,88,HNI,4,4,3,28,738684.97,245015.02,1486196.02,1291115.88,-0.01436,0.1454,0.0168,0.4463,0.1048,0,2026-06-15,0.09708834439516068,Low Risk,
CID01742,34,Active Trader,34,197,15,32,190679.35,83992.61,841963.91,976350.37,0.00965,0.5196,0.1479,0.1811,0.0484,0,2026-06-15,0.03319137543439865,Low Risk,
CID01743,62,HNI,21,29,6,30,2836770.17,504070.45,1628915.03,1516599.75,0.01914,0.56,0.0607,0.0796,0.0386,0,2026-06-15,0.13429123163223267,Low Risk,
CID01744,22,Active Trader,49,112,21,73,21608.84,6007.03,113915.57,113264.28,0.00352,0.6895,0.0953,0.1534,0.1357,0,2026-06-15,0.1092664822936058,Low Risk,
CID01745,83,Retail,0,0,1,20,5770.43,1930.4,10909.86,10768.2,0.00595,0.3678,0.0815,0.3925,0.5103,0,2026-06-15,0.12313414365053177,Low Risk,
CID01746,65,Active Trader,65,88,9,58,7289.05,64.89,51605.57,46554.03,0.0167,0.8596,0.2863,0.6255,0.6677,0,2026-06-15,0.06834008544683456,Low Risk,
CID01747,31,Retail,11,13,3,5,7138.8,801.18,30406.55,28505.21,0.00777,0.402,0.1593,0.3127,0.0288,0,2026-06-15,0.15572965145111084,Low Risk,
CID01748,50,Retail,0,19,1,5,1949.99,24.34,5281.02,4500.48,-0.00972,0.514,0.0795,0.7346,0.7768,1,2026-06-15,0.12975679337978363,Low Risk,
CID01749,17,Retail,0,8,4,34,1380.85,623.96,12726.08,11266.98,0.01293,0.6549,0.0671,0.2344,0.1159,0,2026-06-15,0.06903716176748276,Low Risk,
CID01750,54,Active Trader,6,48,7,57,12380.52,4176.16,127893.76,116331.32,0.01528,0.8849,0.2646,0.0059,0.2005,0,2026-06-15,0.1847507506608963,Low Risk,
CID01751,55,Retail,0,2,4,26,10208.23,2953.14,18568.59,19538.71,0.01076,0.6059,0.0534,0.4313,0.1524,0,2026-06-15,0.1322973668575287,Low Risk,
CID01752,38,Active Trader,40,84,4,35,466411.79,185451.57,193649.43,188708.48,-0.01065,0.7054,0.3699,0.3429,0.4965,0,2026-06-15,0.03094830922782421,Low Risk,
CID01753,20,Retail,0,1,1,21,213.63,171.08,6239.03,7264.61,-0.01771,0.5291,0.1111,0.2069,0.0744,0,2026-06-15,0.18251505494117737,Low Risk,
CID01754,52,HNI,2,2,2,15,173000.71,14185.53,910821.12,1014341.08,0.01387,0.8212,0.0724,0.674,0.7084,0,2026-06-15,0.19490975141525269,Low Risk,
CID01755,75,Retail,0,0,1,22,3180.38,613.35,18038.76,18366.71,0.02015,0.3871,0.088,0.2222,0.1539,0,2026-06-15,0.16558697819709778,Low Risk,
CID01756,36,Active Trader,52,93,7,50,43867.54,10823.7,58318.69,46411.79,0.02162,0.563,0.074,0.0012,0.0064,0,2026-06-15,0.2980811297893524,Low Risk,
CID01757,25,Retail,1,5,9,11,1421.03,305.9,16806.33,17916.0,0.00646,0.5343,0.0439,0.1815,0.0451,0,2026-06-15,0.12073158472776413,Low Risk,
CID01758,84,Retail,0,19,5,20,3600.71,1686.45,7507.11,7803.51,0.0359,0.2917,0.1536,0.4098,0.1226,0,2026-06-15,0.14066098630428314,Low Risk,
CID01759,33,Retail,9,11,6,12,7870.99,692.17,3780.36,2721.12,0.00298,0.4918,0.0643,0.4692,0.3032,0,2026-06-15,0.11729154735803604,Low Risk,
CID01760,83,Retail,5,33,5,6,2811.17,497.59,2009.84,2342.47,0.01231,0.353,0.0684,0.3336,0.111,0,2026-06-15,0.15386205911636353,Low Risk,
CID01761,24,Retail,0,0,4,18,4346.78,656.22,10722.1,9544.04,0.02224,0.7762,0.1511,0.5891,0.654,0,2026-06-15,0.09602195024490356,Low Risk,
CID01762,63,HNI,3,16,2,7,1890.41,591.35,112698.89,97389.72,-0.00892,0.4583,0.1125,0.7746,0.3214,0,2026-06-15,0.17610181868076324,Low Risk,
CID01763,21,Retail,2,2,4,27,6273.25,1657.25,18891.12,20115.91,0.0115,0.4372,0.0176,0.3931,0.1114,0,2026-06-15,0.20219792425632477,Low Risk,
CID01764,16,Retail,1,26,0,5,756.24,87.63,3347.4,2715.03,0.04997,0.6875,0.1594,0.1813,0.2169,0,2026-06-15,0.07198943197727203,Low Risk,
CID01765,24,Retail,1,7,4,16,6045.1,3570.88,26140.32,24734.77,0.03432,0.6602,0.5639,0.0458,0.2645,0,2026-06-15,0.21262286603450775,Low Risk,
CID01766,16,Active Trader,49,162,12,31,1627.38,988.94,18916.89,17082.77,-0.00347,0.3666,0.1033,0.343,0.2729,0,2026-06-15,0.13755053281784058,Low Risk,
CID01767,129,HNI,0,18,11,12,291163.51,55638.25,540325.47,517059.24,-0.03603,0.1162,0.2466,0.3632,0.073,0,2026-06-15,0.2891680896282196,Low Risk,
CID01768,29,Active Trader,45,107,18,42,20212.98,1800.93,34954.69,22977.44,0.00571,0.6091,0.1329,0.2924,0.0183,0,2026-06-15,0.1466827392578125,Low Risk,
CID01769,112,Retail,7,7,2,18,18412.36,8405.94,34567.19,29287.42,0.01621,0.629,0.0831,0.6052,0.3855,0,2026-06-15,0.076580710709095,Low Risk,
CID01770,83,Retail,0,0,8,8,9091.52,409.37,15074.72,15284.43,-0.00178,0.6615,0.2478,0.3819,0.3015,1,2026-06-15,0.1547902673482895,Low Risk,
CID01771,65,HNI,1,28,4,26,69192.16,68679.99,519101.48,445377.12,-0.07222,0.5135,0.1792,0.6333,0.6962,0,2026-06-15,0.07339200377464294,Low Risk,
CID01772,24,HNI,2,71,14,36,47421.11,9835.04,289221.25,309079.99,-0.02251,0.4482,0.2316,0.2973,0.2758,0,2026-06-15,0.11233788728713989,Low Risk,
CID01773,31,HNI,1,22,4,32,333761.75,80683.83,1685104.91,1946522.99,0.01919,0.6811,0.0593,0.3931,0.1005,0,2026-06-15,0.057926807552576065,Low Risk,
CID01774,81,HNI,6,7,3,28,500091.06,304954.29,1012426.62,1097818.11,0.00259,0.211,0.2073,0.0256,0.0744,0,2026-06-15,0.062446773052215576,Low Risk,
CID01775,42,Retail,9,16,14,18,1062.39,462.62,1947.13,1927.62,0.00593,0.3364,0.0509,0.0244,0.1121,0,2026-06-15,0.10527864843606949,Low Risk,
CID01776,51,Retail,3,11,0,0,6115.71,958.75,41336.87,33421.29,0.01002,0.2822,0.0791,0.0136,0.0072,0,2026-06-15,0.5062506794929504,Medium Risk,
CID01777,106,Active Trader,26,168,12,40,80421.35,1641.41,128019.44,132870.41,-0.02712,0.0771,0.0578,0.8113,0.5097,0,2026-06-15,0.2733919024467468,Low Risk,
CID01778,28,Active Trader,19,122,8,55,57932.07,19365.47,39468.0,31111.82,0.00222,0.0766,0.0446,0.3386,0.1518,0,2026-06-15,0.29051607847213745,Low Risk,
CID01779,40,Active Trader,39,75,6,42,5425.14,518.22,44481.5,39452.44,0.02527,0.4955,0.4423,0.1446,0.0786,0,2026-06-15,0.08913906663656235,Low Risk,
CID01780,17,Active Trader,6,44,7,57,1692.99,183.86,9155.3,8667.46,0.00427,0.6214,0.3123,0.2669,0.1213,0,2026-06-15,0.1363254189491272,Low Risk,
CID01781,81,Retail,0,1,5,24,6881.34,3693.92,17210.18,17792.32,-0.004,0.403,0.3749,0.5841,0.8506,0,2026-06-15,0.13718688488006592,Low Risk,
CID01782,84,Active Trader,18,46,7,37,19035.33,1861.65,57228.61,51459.13,-0.02963,0.1613,0.5206,0.5738,0.466,0,2026-06-15,0.20750738680362701,Low Risk,
CID01783,59,HNI,15,39,9,9,37910.57,3690.4,231656.79,276322.36,0.00213,0.5311,0.097,0.2679,0.2902,0,2026-06-15,0.11402753740549088,Low Risk,
CID01784,61,Active Trader,33,99,6,19,33271.77,16826.97,59852.67,47829.62,0.00028,0.4672,0.149,0.3019,0.231,0,2026-06-15,0.1581951528787613,Low Risk,
CID01785,32,Retail,0,6,9,34,10131.9,1816.58,9439.89,9018.58,-0.002,0.5094,0.0253,0.6799,0.3866,0,2026-06-15,0.09122393280267715,Low Risk,
CID01786,16,Retail,1,3,1,6,8019.99,3166.22,64286.21,58430.8,-0.03025,0.5422,0.178,0.3606,0.219,0,2026-06-15,0.19415882229804993,Low Risk,
CID01787,25,Active Trader,16,67,11,33,10927.31,3444.81,115967.43,101847.19,0.07231,0.7944,0.512,0.0489,0.1536,0,2026-06-15,0.35334569215774536,Low Risk,
CID01788,66,Retail,7,7,2,26,22245.7,5151.55,31208.15,34199.83,-0.0085,0.2745,0.2119,0.411,0.4425,0,2026-06-15,0.12223570048809052,Low Risk,
CID01789,42,Retail,0,1,4,10,1474.27,200.55,881.04,648.69,0.01226,0.7085,0.0852,0.5328,0.6344,0,2026-06-15,0.068658247590065,Low Risk,
CID01790,15,Retail,3,3,2,13,4718.71,574.64,13427.9,11489.4,0.04711,0.4644,0.0864,0.352,0.3713,0,2026-06-15,0.07912496477365494,Low Risk,
CID01791,41,Retail,1,2,6,18,3001.15,906.6,62261.84,54004.72,-5e-05,0.5749,0.0765,0.083,0.1196,0,2026-06-15,0.16128157079219818,Low Risk,
CID01792,28,Active Trader,34,267,13,30,178093.44,22973.84,1135164.9,963535.51,0.00955,0.6831,0.0665,0.4701,0.0755,0,2026-06-15,0.11456229537725449,Low Risk,
CID01793,51,Retail,1,11,6,20,1797.8,1414.51,16891.68,19356.73,-0.00147,0.08,0.0951,0.209,0.3659,0,2026-06-15,0.16871124505996704,Low Risk,
CID01794,39,Active Trader,36,113,9,51,25368.8,2047.11,224178.23,200837.99,-0.01832,0.1032,0.0504,0.2196,0.06,0,2026-06-15,0.32418107986450195,Low Risk,
CID01795,111,Active Trader,95,175,17,59,7063.88,903.76,17818.34,17861.74,0.01397,0.8012,0.4567,0.1995,0.0804,0,2026-06-15,0.15874671936035156,Low Risk,
CID01796,35,Active Trader,23,64,12,57,84466.26,32989.28,129117.95,115578.57,0.01511,0.5873,0.073,0.3341,0.1043,0,2026-06-15,0.18082934617996216,Low Risk,
CID01797,34,Active Trader,82,261,4,19,31202.74,9219.09,83716.1,75630.26,-0.01273,0.1102,0.101,0.807,0.8098,0,2026-06-15,0.3515726923942566,Low Risk,
CID01798,70,Retail,2,5,8,14,3663.98,212.12,19046.75,14977.88,0.01347,0.3574,0.0887,0.4984,0.3802,0,2026-06-15,0.12209721654653549,Low Risk,
CID01799,20,Retail,4,5,8,19,182.78,35.31,2958.7,3070.11,-0.00637,0.2698,0.1713,0.6079,0.7535,0,2026-06-15,0.14488369226455688,Low Risk,
CID01800,71,HNI,3,8,5,19,2762959.66,441710.52,2718422.09,2649823.27,-0.03802,0.5656,0.0809,0.6354,0.4868,0,2026-06-15,0.05267893522977829,Low Risk,
CID01801,103,Active Trader,16,131,8,58,662.86,17.37,9323.01,6959.24,-0.0178,0.2408,0.0315,0.5046,0.7232,0,2026-06-15,0.362339586019516,Low Risk,
CID01802,71,Retail,7,11,6,21,14709.35,1408.89,44460.48,36591.46,0.02497,0.8924,0.1455,0.2115,0.1189,0,2026-06-15,0.08019750565290451,Low Risk,
CID01803,59,Retail,0,19,0,20,5973.02,143.05,10074.66,9163.96,0.01106,0.4151,0.3431,0.3092,0.0245,0,2026-06-15,0.14877314865589142,Low Risk,
CID01804,71,Retail,1,1,0,6,1176.41,138.17,1825.88,1687.22,0.00682,0.6032,0.2058,0.2734,0.1407,0,2026-06-15,0.06994403153657913,Low Risk,
CID01805,51,Retail,0,13,4,12,14682.55,2424.62,18027.54,17387.37,0.03028,0.801,0.5364,0.1727,0.1156,0,2026-06-15,0.13993988931179047,Low Risk,
CID01806,22,Retail,5,5,5,28,5412.33,251.18,13285.02,10073.64,-0.0386,0.1319,0.0339,0.356,0.4719,0,2026-06-15,0.32467350363731384,Low Risk,
CID01807,70,Active Trader,53,138,14,50,15466.92,3791.17,99975.51,88252.97,-0.01194,0.6235,0.0358,0.1203,0.0322,0,2026-06-15,0.24278324842453003,Low Risk,
CID01808,118,Active Trader,27,220,11,57,56913.02,28443.26,171095.8,142807.47,0.00931,0.7498,0.6443,0.1251,0.0983,0,2026-06-15,0.23292651772499084,Low Risk,
CID01809,10,Retail,5,8,1,21,989.32,10.5,8764.48,8686.52,-0.00355,0.3489,0.1471,0.1951,0.0645,0,2026-06-15,0.07874976098537445,Low Risk,
CID01810,12,Retail,2,2,7,14,7857.46,349.23,18152.61,12645.37,-0.0032,0.35,0.0605,0.2268,0.2106,0,2026-06-15,0.23019808530807495,Low Risk,
CID01811,109,Retail,0,5,14,36,1085.33,49.1,1332.93,1642.2,-0.00429,0.8005,0.0243,0.1543,0.1317,0,2026-06-15,0.0739770457148552,Low Risk,
CID01812,104,Retail,0,1,3,11,4252.65,735.45,7350.23,5568.34,-0.01041,0.4589,0.066,0.3835,0.2889,0,2026-06-15,0.2683095932006836,Low Risk,
CID01813,39,Retail,2,2,9,23,1923.41,98.25,1563.6,1421.31,-0.0028,0.3226,0.0501,0.5235,0.6851,0,2026-06-15,0.1252027153968811,Low Risk,
CID01814,43,Retail,0,0,1,32,16756.13,614.47,11132.35,10515.46,0.01994,0.6881,0.0417,0.1741,0.0253,0,2026-06-15,0.09932294487953186,Low Risk,
CID01815,22,Retail,6,6,6,7,7775.7,1041.67,70626.28,68304.8,0.00674,0.594,0.0774,0.0205,0.1379,0,2026-06-15,0.17359723150730133,Low Risk,
CID01816,36,Retail,4,45,10,18,3218.88,941.34,44833.03,35052.61,0.0503,0.5914,0.0429,0.3776,0.1112,0,2026-06-15,0.1718757003545761,Low Risk,
CID01817,31,Retail,1,13,9,25,192.35,78.3,2208.85,2741.0,-0.02069,0.4046,0.0962,0.0184,0.1254,0,2026-06-15,0.19126833975315094,Low Risk,
CID01818,32,Retail,1,1,2,5,1000.04,563.72,2465.63,1681.22,-0.03536,0.1007,0.0487,0.0113,0.2868,1,2026-06-15,0.3991800844669342,Low Risk,
CID01819,14,Retail,0,0,0,11,687.7,259.38,3968.34,3843.36,0.01413,0.7613,0.2386,0.7434,0.0933,0,2026-06-15,0.05446276068687439,Low Risk,
CID01820,149,HNI,8,11,1,18,76263.25,507.68,1029784.03,941705.26,-0.01446,0.2613,0.1106,0.5588,0.4249,0,2026-06-15,0.22759507596492767,Low Risk,
CID01821,45,HNI,3,13,7,16,19944.48,5066.52,241884.96,180865.54,0.0327,0.6816,0.0506,0.0116,0.0199,0,2026-06-15,0.3457695543766022,Low Risk,
CID01822,55,Retail,0,10,4,31,1142.04,85.51,11220.32,8365.13,-0.0002,0.5844,0.1265,0.6053,0.4185,0,2026-06-15,0.06267569214105606,Low Risk,
CID01823,49,Retail,1,1,1,19,1336.02,71.09,9212.49,9476.95,-0.00475,0.3638,0.1445,0.7111,0.7068,0,2026-06-15,0.12819811701774597,Low Risk,
CID01824,13,Retail,4,6,0,25,1089.86,101.82,8553.88,6895.15,0.01909,0.6333,0.2241,0.3521,0.1563,0,2026-06-15,0.06524989753961563,Low Risk,
CID01825,143,HNI,6,56,6,31,6515298.42,3268650.23,8350871.61,7328921.08,-0.03377,0.5597,0.1383,0.292,0.6111,0,2026-06-15,0.06176677346229553,Low Risk,
CID01826,30,Active Trader,17,57,15,43,56505.82,23705.2,42512.26,34040.4,0.03307,0.2631,0.1922,0.5943,0.4049,0,2026-06-15,0.3514748513698578,Low Risk,
CID01827,39,Active Trader,35,132,9,36,2461.97,244.48,92314.06,95917.62,-0.00298,0.4054,0.1208,0.299,0.3958,0,2026-06-15,0.09856104850769043,Low Risk,
CID01828,26,Retail,3,3,3,9,17675.78,4559.62,48612.44,46494.01,0.01572,0.6959,0.1051,0.395,0.165,0,2026-06-15,0.2241472750902176,Low Risk,
CID01829,41,Retail,0,0,5,26,4147.38,1917.01,21679.63,20120.98,-0.00059,0.6071,0.0701,0.3859,0.6628,0,2026-06-15,0.1178063303232193,Low Risk,
CID01830,105,Active Trader,19,102,8,57,14425.29,5824.54,62220.72,66095.38,0.01066,0.8319,0.0621,0.4019,0.6135,0,2026-06-15,0.08608030527830124,Low Risk,
CID01831,43,Retail,2,2,4,26,2996.85,2267.22,5386.55,4482.71,-0.00316,0.3647,0.0698,0.2705,0.1148,0,2026-06-15,0.1636013239622116,Low Risk,
CID01832,90,HNI,0,12,8,11,175124.63,95826.13,2802802.2,2503740.71,-0.00716,0.6268,0.1405,0.1252,0.2357,0,2026-06-15,0.06831523776054382,Low Risk,
CID01833,54,HNI,9,92,6,29,1313131.37,67210.53,3707432.08,3515145.7,0.00208,0.4147,0.1754,0.2295,0.0876,0,2026-06-15,0.11180101335048676,Low Risk,
CID01834,38,Active Trader,30,85,7,31,16192.86,1675.11,25720.02,25780.4,-0.02099,0.2052,0.5071,0.3251,0.4503,0,2026-06-15,0.2259850651025772,Low Risk,
CID01835,19,Retail,7,9,3,7,1392.37,50.57,2848.39,2936.55,-0.00404,0.4334,0.1105,0.2811,0.0088,1,2026-06-15,0.10153407603502274,Low Risk,
CID01836,57,Active Trader,20,69,12,35,24627.29,11056.59,110394.26,127019.73,-0.0125,0.1682,0.4634,0.6459,0.3188,0,2026-06-15,0.18964773416519165,Low Risk,
CID01837,36,Retail,11,15,6,24,8637.38,177.36,60533.64,44071.47,-0.01093,0.1358,0.0813,0.4584,0.7196,0,2026-06-15,0.31399255990982056,Low Risk,
CID01838,132,HNI,1,25,13,29,237844.81,80286.44,715943.72,623792.66,0.01621,0.7396,0.0875,0.3141,0.1594,0,2026-06-15,0.08937305957078934,Low Risk,
CID01839,100,Active Trader,60,138,25,50,29604.16,2340.2,94120.9,62156.51,-0.01549,0.1701,0.028,0.5989,0.2887,0,2026-06-15,0.3858255445957184,Low Risk,
CID01840,89,HNI,15,19,7,23,84361.66,1301.14,666440.5,500147.97,0.00343,0.4202,0.0653,0.5393,0.6042,0,2026-06-15,0.07280132919549942,Low Risk,
CID01841,25,Active Trader,22,58,8,36,110524.68,14955.18,63353.18,61411.8,0.00283,0.7259,0.1454,0.1002,0.0565,0,2026-06-15,0.14163027703762054,Low Risk,
CID01842,82,Active Trader,43,206,12,41,61544.56,38697.58,61427.09,55289.64,-0.01325,0.3863,0.3522,0.4856,0.3783,0,2026-06-15,0.15823951363563538,Low Risk,
CID01843,54,Retail,5,10,10,27,1829.71,150.78,7419.8,5633.51,0.01379,0.4955,0.1767,0.0203,0.0404,0,2026-06-15,0.15693961083889008,Low Risk,
CID01844,32,Active Trader,39,150,13,41,13394.39,698.26,45442.08,44077.8,0.01403,0.8195,0.4021,0.7183,0.5389,0,2026-06-15,0.1470087170600891,Low Risk,
CID01845,27,Retail,1,2,3,3,30890.18,5280.37,154819.1,164081.94,-0.00909,0.2908,0.1608,0.0418,0.1112,0,2026-06-15,0.4665898382663727,Medium Risk,
CID01846,154,HNI,0,49,8,13,369274.8,77753.52,827226.18,674458.89,-0.03354,0.0232,0.125,0.0961,0.1206,0,2026-06-15,0.36449819803237915,Low Risk,
CID01847,41,Active Trader,63,114,18,38,38504.19,3689.25,171729.11,193804.08,-0.03321,0.2147,0.1028,0.1849,0.0446,0,2026-06-15,0.2243630737066269,Low Risk,
CID01848,50,Retail,0,1,13,16,14903.42,995.3,28670.34,27591.45,0.01683,0.5608,0.1285,0.2879,0.0677,0,2026-06-15,0.1841263473033905,Low Risk,
CID01849,50,Retail,0,0,2,18,2570.65,595.97,12407.27,12258.45,-0.0224,0.8214,0.4368,0.654,0.5716,0,2026-06-15,0.19804632663726807,Low Risk,
CID01850,113,HNI,3,16,6,42,258328.2,83644.45,224863.29,177280.3,-0.07438,0.3486,0.0669,0.144,0.0038,0,2026-06-15,0.17106394469738007,Low Risk,
CID01851,35,Active Trader,52,139,21,53,13012.59,41.79,33810.61,37536.95,-0.05695,0.0258,0.1076,0.4943,0.0898,0,2026-06-15,0.49913567304611206,Medium Risk,
CID01852,94,Retail,0,20,0,1,56307.11,19614.9,105843.59,107514.35,-0.00778,0.3315,0.3343,0.1279,0.063,1,2026-06-15,0.20996801555156708,Low Risk,
CID01853,63,Retail,0,1,5,14,508.63,200.71,10933.67,9479.53,0.01147,0.8523,0.0155,0.3204,0.2525,0,2026-06-15,0.1890578269958496,Low Risk,
CID01854,30,Active Trader,5,65,8,53,8662.22,3254.23,321476.11,250724.79,0.07665,0.7158,0.0618,0.4459,0.2594,0,2026-06-15,0.14712537825107574,Low Risk,
CID01855,90,Retail,1,4,2,21,626.28,378.7,4144.1,4448.41,0.00202,0.6153,0.3824,0.4126,0.017,0,2026-06-15,0.11820617318153381,Low Risk,
CID01856,19,Retail,0,2,4,14,3134.5,1549.4,46437.63,50273.81,0.01213,0.4455,0.1755,0.6767,0.819,0,2026-06-15,0.0904683843255043,Low Risk,
CID01857,17,Retail,0,0,7,10,437.23,103.47,1931.24,2249.85,-0.02715,0.0138,0.0747,0.2029,0.0195,1,2026-06-15,0.3518451154232025,Low Risk,
CID01858,10,Active Trader,13,84,14,63,95075.45,673.24,246026.19,256439.84,-0.0107,0.2877,0.1817,0.1379,0.0996,0,2026-06-15,0.1876140683889389,Low Risk,
CID01859,77,Active Trader,22,181,8,23,722347.86,473755.48,491429.78,475263.59,0.00766,0.7187,0.5246,0.43,0.3525,0,2026-06-15,0.05878043174743652,Low Risk,
CID01860,46,Active Trader,8,262,12,31,9115.56,1499.37,37182.99,34560.46,-0.00914,0.3555,0.1879,0.5931,0.1632,0,2026-06-15,0.18429312109947205,Low Risk,
CID01861,13,Retail,7,11,4,16,7422.51,1542.45,34220.76,29472.88,0.00596,0.4061,0.1709,0.4279,0.4757,0,2026-06-15,0.08114953339099884,Low Risk,
CID01862,26,Active Trader,48,114,21,42,26358.29,3380.24,79089.78,90864.74,-0.0005,0.7173,0.3169,0.4282,0.5667,0,2026-06-15,0.09354104846715927,Low Risk,
CID01863,132,Active Trader,59,87,8,50,58358.34,12088.73,252335.91,249459.45,0.01429,0.7683,0.2474,0.1192,0.3425,0,2026-06-15,0.09961476176977158,Low Risk,
CID01864,101,Active Trader,23,135,4,22,5798.66,600.07,55593.05,61743.94,0.01598,0.6934,0.2511,0.0272,0.0084,0,2026-06-15,0.32371947169303894,Low Risk,
CID01865,6,Retail,0,0,0,15,3171.76,1847.34,11104.69,8098.27,-0.05159,0.2629,0.1082,0.0581,0.1545,1,2026-06-15,0.3362998366355896,Low Risk,
CID01866,71,HNI,5,26,4,27,975242.85,374520.11,642240.98,628809.41,0.00852,0.7619,0.077,0.783,0.5977,0,2026-06-15,0.03847115486860275,Low Risk,
CID01867,14,Active Trader,46,88,11,59,77356.05,4814.81,355038.22,301668.53,0.01449,0.4276,0.0878,0.3835,0.0137,0,2026-06-15,0.2216385155916214,Low Risk,
CID01868,90,Retail,1,1,0,25,4712.07,1554.68,51726.3,63411.03,-0.0174,0.8485,0.0137,0.1064,0.0257,0,2026-06-15,0.2546195983886719,Low Risk,
CID01869,19,Retail,1,1,2,17,919.66,45.36,1483.16,922.67,-0.00612,0.7324,0.2788,0.1177,0.1904,0,2026-06-15,0.17066387832164764,Low Risk,
CID01870,19,Retail,0,2,0,12,13189.18,3618.52,29055.41,25052.88,0.00503,0.6331,0.0724,0.055,0.0869,1,2026-06-15,0.19837315380573273,Low Risk,
CID01871,32,Retail,3,9,7,8,924.53,263.79,2195.72,2172.55,0.04383,0.5163,0.1273,0.2501,0.0177,0,2026-06-15,0.1647520512342453,Low Risk,
CID01872,36,Active Trader,46,85,8,36,5022.5,2613.93,134194.59,111713.63,0.02128,0.7708,0.3848,0.4127,0.2904,0,2026-06-15,0.21779780089855194,Low Risk,
CID01873,79,Active Trader,21,68,6,33,660.62,223.39,12968.54,13634.76,-0.00869,0.2895,0.0323,0.647,0.7945,0,2026-06-15,0.23625651001930237,Low Risk,
CID01874,119,Active Trader,21,54,13,52,88816.16,32573.72,382311.82,362387.54,0.02014,0.0547,0.5037,0.6629,0.5335,0,2026-06-15,0.24649251997470856,Low Risk,
CID01875,85,Retail,8,9,2,19,8104.19,835.38,57825.84,48272.42,0.01836,0.8231,0.0442,0.1596,0.0875,0,2026-06-15,0.12148059159517288,Low Risk,
CID01876,55,HNI,5,16,0,15,209932.79,52897.86,417257.0,343403.76,-0.00395,0.5982,0.0438,0.6873,0.4316,0,2026-06-15,0.03273031488060951,Low Risk,
CID01877,116,HNI,8,17,2,9,78240.25,9956.92,5610289.24,4405392.68,0.01089,0.5611,0.2504,0.3005,0.0754,0,2026-06-15,0.09875527769327164,Low Risk,
CID01878,72,Retail,4,8,1,20,106591.73,20582.71,67277.79,63851.56,-0.0091,0.5925,0.3163,0.2734,0.1083,0,2026-06-15,0.08334343135356903,Low Risk,
CID01879,30,Active Trader,18,111,4,36,14856.74,6371.76,283746.83,316449.22,0.00347,0.2565,0.1563,0.0416,0.325,0,2026-06-15,0.20663554966449738,Low Risk,
CID01880,81,Retail,0,9,5,28,30590.16,2082.32,165792.21,149428.32,-0.01216,0.6359,0.0923,0.5455,0.6513,0,2026-06-15,0.08867614716291428,Low Risk,
CID01881,106,Active Trader,29,130,23,77,41361.78,33320.64,25055.7,18405.51,0.0285,0.5915,0.1954,0.7091,0.481,0,2026-06-15,0.09078171849250793,Low Risk,
CID01882,100,Active Trader,6,229,12,42,20793.92,1219.62,142703.39,157116.68,-0.01271,0.2548,0.141,0.162,0.014,0,2026-06-15,0.4591049551963806,Medium Risk,
CID01883,134,Active Trader,28,75,3,42,12268.38,3389.13,35491.17,29090.04,0.02687,0.1887,0.3104,0.0158,0.1289,0,2026-06-15,0.37027105689048767,Low Risk,
CID01884,56,HNI,2,6,4,8,135900.5,25964.58,1550800.31,1193895.69,-0.00273,0.1998,0.025,0.4254,0.4137,0,2026-06-15,0.3331984877586365,Low Risk,
CID01885,52,Retail,1,6,3,15,5398.54,234.33,22797.16,19727.92,0.06078,0.2697,0.0533,0.2939,0.3196,0,2026-06-15,0.1954295039176941,Low Risk,
CID01886,38,Active Trader,10,100,9,33,68309.17,7344.19,56045.78,55359.03,-0.01752,0.0393,0.0991,0.3431,0.2301,0,2026-06-15,0.27356618642807007,Low Risk,
CID01887,50,HNI,3,8,6,8,435176.85,105880.46,1192137.65,1103722.79,0.02821,0.6584,0.1207,0.4121,0.4637,0,2026-06-15,0.05373094230890274,Low Risk,
CID01888,35,Retail,13,14,1,19,18281.11,2267.05,39091.69,40207.78,-0.01763,0.1059,0.5286,0.2531,0.0734,0,2026-06-15,0.19617529213428497,Low Risk,
CID01889,29,Retail,2,4,3,19,950.14,100.58,3836.44,3310.46,-0.0084,0.652,0.0644,0.6935,0.5041,0,2026-06-15,0.05153868719935417,Low Risk,
CID01890,40,Retail,0,2,5,7,3104.54,115.78,6082.48,6589.67,-0.00473,0.7383,0.0932,0.1926,0.4462,0,2026-06-15,0.15802766382694244,Low Risk,
CID01891,61,Retail,6,8,4,34,2179.21,233.12,8359.08,7796.28,0.00436,0.3082,0.1054,0.767,0.6618,0,2026-06-15,0.0833316370844841,Low Risk,
CID01892,67,Retail,0,9,3,7,1390.86,86.63,9678.42,9234.02,0.04683,0.8055,0.0216,0.403,0.5903,0,2026-06-15,0.11263347417116165,Low Risk,
CID01893,3,Retail,0,0,4,12,36043.65,3500.93,165946.21,161325.18,-0.00922,0.3118,0.3351,0.3881,0.5698,1,2026-06-15,0.2864745259284973,Low Risk,
CID01894,101,Active Trader,28,114,19,40,79197.92,33653.46,54718.93,50030.81,0.01006,0.4812,0.1223,0.5638,0.1354,0,2026-06-15,0.15325063467025757,Low Risk,
CID01895,74,Retail,0,1,1,16,1674.13,137.95,19382.62,14593.58,0.00823,0.7579,0.5124,0.1567,0.0916,0,2026-06-15,0.2165253609418869,Low Risk,
CID01896,19,Retail,0,1,0,6,11580.52,2175.95,64739.27,57747.33,-0.0011,0.2903,0.0333,0.2208,0.303,1,2026-06-15,0.34005048871040344,Low Risk,
CID01897,86,Active Trader,22,136,17,22,1867.64,1258.04,36320.74,37832.55,-0.0306,0.2541,0.1235,0.3949,0.155,0,2026-06-15,0.36267414689064026,Low Risk,
CID01898,98,Retail,0,0,4,13,103797.51,5964.88,67253.62,77516.59,0.00015,0.7312,0.054,0.0083,0.0031,0,2026-06-15,0.4947250783443451,Medium Risk,
CID01899,67,Retail,0,5,1,28,11833.26,607.61,36299.67,38465.53,0.00542,0.6314,0.1505,0.0069,0.0243,0,2026-06-15,0.2008211314678192,Low Risk,
CID01900,46,Active Trader,37,77,19,47,83319.32,18279.99,129866.65,128160.25,0.01068,0.4848,0.1972,0.0764,0.1012,0,2026-06-15,0.13681815564632416,Low Risk,
CID01901,48,Active Trader,25,48,17,52,121969.34,12307.78,342806.33,383863.12,0.00908,0.6428,0.4782,0.1938,0.2639,0,2026-06-15,0.11579685658216476,Low Risk,
CID01902,106,Active Trader,28,143,14,48,6514.55,1016.35,60957.38,44915.83,-0.00589,0.4132,0.0375,0.4053,0.4085,0,2026-06-15,0.15230032801628113,Low Risk,
CID01903,11,Retail,1,5,10,19,5740.53,354.36,20267.52,21784.92,-0.04796,0.1403,0.2266,0.4071,0.0832,0,2026-06-15,0.4334229528903961,Medium Risk,
CID01904,58,Retail,0,0,2,14,30278.35,6751.58,43543.06,44124.91,-0.01275,0.2592,0.2167,0.0893,0.3994,0,2026-06-15,0.5180100202560425,Medium Risk,
CID01905,72,Active Trader,15,40,16,33,30184.28,204.06,75779.53,70602.56,-0.0049,0.7841,0.1879,0.5412,0.4894,0,2026-06-15,0.038446445018053055,Low Risk,
CID01906,33,Active Trader,73,153,14,52,18394.29,18916.49,48881.6,36609.6,-0.00367,0.6604,0.4007,0.5032,0.2133,0,2026-06-15,0.26897722482681274,Low Risk,
CID01907,52,Retail,0,3,7,13,13628.11,3819.34,27929.44,22844.83,-0.01796,0.2995,0.0589,0.6754,0.7429,1,2026-06-15,0.41008180379867554,Medium Risk,
CID01908,18,Retail,1,2,3,7,1805.97,261.21,11691.49,14305.38,0.00171,0.3699,0.289,0.2904,0.3071,0,2026-06-15,0.21659161150455475,Low Risk,
CID01909,39,Retail,2,2,3,3,2546.15,617.05,2553.84,2662.19,-0.00483,0.4177,0.063,0.6819,0.2415,0,2026-06-15,0.10946673154830933,Low Risk,
CID01910,134,Active Trader,11,94,24,81,307580.48,62405.6,364108.56,329251.33,-0.01062,0.3707,0.0716,0.822,0.5924,0,2026-06-15,0.17985451221466064,Low Risk,
CID01911,88,HNI,0,4,5,14,141409.68,2076.94,870004.7,743046.9,-0.00713,0.5248,0.0531,0.206,0.0421,1,2026-06-15,0.11243950575590134,Low Risk,
CID01912,16,Retail,2,40,5,10,140249.04,93772.31,72774.97,54057.62,-0.02143,0.5137,0.4622,0.397,0.0822,0,2026-06-15,0.22081729769706726,Low Risk,
CID01913,8,Active Trader,11,45,6,43,15458.43,9240.99,100675.92,102112.33,0.01081,0.4858,0.1381,0.443,0.1796,0,2026-06-15,0.07617343962192535,Low Risk,
CID01914,12,Retail,5,5,0,3,4453.6,237.81,8888.91,8805.84,0.02179,0.824,0.1381,0.1085,0.0833,1,2026-06-15,0.19398412108421326,Low Risk,
CID01915,33,Active Trader,50,90,8,44,126962.83,84833.71,575227.86,519251.66,0.02964,0.6203,0.2551,0.0578,0.0042,0,2026-06-15,0.1370256394147873,Low Risk,
CID01916,72,HNI,4,4,3,18,904404.41,431521.49,3884267.6,3471807.71,-0.00737,0.449,0.0503,0.1137,0.1143,0,2026-06-15,0.06500191986560822,Low Risk,
CID01917,42,Active Trader,52,132,11,29,89240.18,64894.79,338931.57,314019.81,0.00147,0.4715,0.0612,0.3836,0.1434,0,2026-06-15,0.08688317239284515,Low Risk,
CID01918,24,Retail,0,19,5,10,2345.56,606.04,7588.84,6803.35,-0.00732,0.5371,0.3986,0.2505,0.2788,1,2026-06-15,0.21415860950946808,Low Risk,
CID01919,15,Retail,2,2,0,13,27180.02,11966.96,13391.35,11532.98,-0.01504,0.4715,0.1947,0.6417,0.5754,0,2026-06-15,0.23059462010860443,Low Risk,
CID01920,30,Active Trader,5,133,14,40,9218.15,537.72,125043.72,125288.05,-0.01589,0.4818,0.4542,0.1842,0.0474,0,2026-06-15,0.11651719361543655,Low Risk,
CID01921,21,Active Trader,11,52,3,23,6445.65,673.51,41961.35,26174.24,0.03089,0.8114,0.0519,0.3616,0.2109,0,2026-06-15,0.09583428502082825,Low Risk,
CID01922,40,Retail,0,5,3,11,247.22,57.2,1126.07,1184.5,-0.00781,0.6854,0.3858,0.334,0.437,0,2026-06-15,0.08676140010356903,Low Risk,
CID01923,73,Retail,0,12,1,23,14350.99,3679.75,53902.4,43791.22,-0.03557,0.3842,0.1885,0.2333,0.1106,0,2026-06-15,0.1778513789176941,Low Risk,
CID01924,75,HNI,1,67,4,18,310647.78,4048.04,623770.02,582875.86,-0.00184,0.5457,0.0959,0.5512,0.0199,0,2026-06-15,0.11426342278718948,Low Risk,
CID01925,114,Active Trader,45,91,15,55,19494.36,9942.41,83496.34,54621.72,-0.00343,0.2194,0.4071,0.0368,0.0478,0,2026-06-15,0.3046126365661621,Low Risk,
CID01926,53,Active Trader,5,127,17,48,18064.87,5170.32,97893.11,105382.02,0.03459,0.8202,0.6393,0.281,0.0271,0,2026-06-15,0.2754150927066803,Low Risk,
CID01927,24,Active Trader,12,47,14,42,2567.37,1111.91,3947.84,4302.7,0.02005,0.8955,0.1105,0.6079,0.4543,0,2026-06-15,0.06299813091754913,Low Risk,
CID01928,12,Retail,0,15,3,4,908.81,100.14,3470.59,3854.5,-0.01894,0.0947,0.0675,0.416,0.1303,1,2026-06-15,0.4605717062950134,Medium Risk,
CID01929,30,Retail,10,10,2,8,3696.85,577.85,9417.75,11662.7,-0.02384,0.7627,0.0733,0.5784,0.1812,0,2026-06-15,0.13479015231132507,Low Risk,
CID01930,29,Retail,2,2,2,12,1711.71,246.27,12572.9,13424.43,-0.01883,0.2564,0.0427,0.0514,0.0445,1,2026-06-15,0.7329963445663452,High Risk,
CID01931,67,HNI,4,25,0,11,78077.72,27617.61,213222.59,181487.41,0.01896,0.8165,0.0932,0.2908,0.2379,0,2026-06-15,0.09745385497808456,Low Risk,
CID01932,34,Retail,0,22,4,20,3516.74,282.71,67649.5,54383.26,-0.02478,0.569,0.0644,0.0947,0.0285,0,2026-06-15,0.2638387978076935,Low Risk,
CID01933,49,Retail,0,15,2,8,5067.26,697.79,16694.53,16781.48,-0.04313,0.0745,0.0676,0.178,0.0322,0,2026-06-15,0.3867154121398926,Low Risk,
CID01934,77,HNI,5,6,2,11,303333.65,78949.38,4992950.28,5484330.69,-0.0097,0.4861,0.0397,0.1615,0.0075,0,2026-06-15,0.0734800472855568,Low Risk,
CID01935,55,Active Trader,49,193,14,52,39632.75,10123.04,211581.76,212752.53,-0.00233,0.3206,0.1042,0.7675,0.3622,0,2026-06-15,0.14121823012828827,Low Risk,
CID01936,104,Retail,10,12,4,14,1724.6,1105.81,7999.89,7135.89,-0.0278,0.0928,0.2736,0.0933,0.4204,0,2026-06-15,0.23463524878025055,Low Risk,
CID01937,45,Retail,9,9,5,19,45232.54,19535.22,102009.58,118083.85,0.01747,0.9159,0.1003,0.1875,0.2422,0,2026-06-15,0.11008697003126144,Low Risk,
CID01938,73,Active Trader,29,95,15,45,24741.72,4484.45,199817.53,163801.7,0.02592,0.7899,0.0877,0.3599,0.0599,0,2026-06-15,0.14135457575321198,Low Risk,
CID01939,54,Retail,3,3,0,17,1085.31,121.83,6130.53,6072.16,-0.0159,0.1205,0.2089,0.1674,0.5886,1,2026-06-15,0.13720637559890747,Low Risk,
CID01940,116,Retail,0,2,9,24,32243.2,7964.22,60101.21,54806.89,0.01625,0.9619,0.2167,0.1808,0.3247,0,2026-06-15,0.16171741485595703,Low Risk,
CID01941,37,Active Trader,12,44,25,39,12982.99,47.76,56427.26,44906.33,-0.00378,0.9015,0.0531,0.345,0.1288,0,2026-06-15,0.1235366091132164,Low Risk,
CID01942,46,Retail,0,0,6,25,1869.62,460.16,2240.75,2070.83,0.01153,0.6569,0.0945,0.5287,0.5306,1,2026-06-15,0.05902399495244026,Low Risk,
CID01943,37,Active Trader,62,115,31,70,10238.11,636.04,107425.86,127472.48,-0.00769,0.3119,0.3985,0.0814,0.1067,0,2026-06-15,0.35904714465141296,Low Risk,
CID01944,30,Retail,8,17,4,19,3902.61,1692.14,5070.43,5658.79,0.00894,0.733,0.3915,0.5771,0.7102,0,2026-06-15,0.07511782646179199,Low Risk,
CID01945,93,HNI,0,129,12,26,727808.14,563528.81,2600450.95,2521666.19,-0.01632,0.4052,0.0427,0.1234,0.5114,0,2026-06-15,0.08458320051431656,Low Risk,
CID01946,26,Retail,3,33,3,23,869.7,42.46,9724.05,8434.2,0.01561,0.5207,0.0566,0.4537,0.6899,0,2026-06-15,0.10608501732349396,Low Risk,
CID01947,18,Retail,0,20,1,14,35720.29,6109.12,84469.06,82002.06,0.00196,0.4813,0.111,0.45,0.0127,0,2026-06-15,0.16459672152996063,Low Risk,
CID01948,83,Retail,1,3,7,21,6796.99,3163.3,3621.6,3312.42,-0.04053,0.4523,0.352,0.0089,0.0959,0,2026-06-15,0.23931366205215454,Low Risk,
CID01949,43,Retail,0,24,0,3,1203.81,77.58,2816.33,3099.97,0.00156,0.5444,0.0216,0.6434,0.2395,1,2026-06-15,0.07217419147491455,Low Risk,
CID01950,61,HNI,27,36,10,41,4938947.83,992238.1,2300501.38,1971033.65,-0.06228,0.326,0.0722,0.1903,0.0544,0,2026-06-15,0.07546180486679077,Low Risk,
CID01951,55,Active Trader,38,128,9,29,172792.05,96829.12,45420.2,38876.02,-0.03463,0.2755,0.0383,0.6563,0.3898,0,2026-06-15,0.10449574887752533,Low Risk,
CID01952,23,Retail,0,11,0,5,2312.84,812.88,9701.5,10929.42,0.00374,0.37,0.4152,0.0366,0.0133,1,2026-06-15,0.4750358760356903,Medium Risk,
CID01953,57,Active Trader,8,108,14,32,4279.95,1542.05,9079.4,9189.69,-0.01746,0.1402,0.4817,0.2911,0.394,0,2026-06-15,0.24231648445129395,Low Risk,
CID01954,48,Retail,2,2,1,2,4560.08,396.44,7637.1,5859.63,0.01692,0.5367,0.1273,0.2014,0.4715,0,2026-06-15,0.20672211050987244,Low Risk,
CID01955,63,Retail,0,1,7,15,4194.64,325.6,16733.66,14386.4,0.03029,0.6328,0.5124,0.2895,0.4199,0,2026-06-15,0.12262268364429474,Low Risk,
CID01956,125,HNI,2,6,8,35,269482.65,101933.66,366792.95,432242.25,-0.04259,0.0699,0.14,0.4765,0.1703,0,2026-06-15,0.18377283215522766,Low Risk,
CID01957,65,Retail,0,0,10,12,33002.29,21758.08,78428.03,76076.29,-0.02328,0.7582,0.2202,0.4937,0.4285,0,2026-06-15,0.1688082218170166,Low Risk,
CID01958,49,Active Trader,15,35,20,73,10071.74,5359.08,64017.59,58752.88,-0.01214,0.4538,0.0921,0.4485,0.5003,0,2026-06-15,0.13857099413871765,Low Risk,
CID01959,52,Retail,0,23,0,21,12213.31,41.68,13661.85,15073.45,-0.01503,0.5168,0.1072,0.0992,0.3593,0,2026-06-15,0.14436009526252747,Low Risk,
CID01960,107,Active Trader,34,152,17,88,201804.2,55214.29,309911.61,320266.53,-0.01318,0.7369,0.2717,0.1156,0.0138,0,2026-06-15,0.13182426989078522,Low Risk,
CID01961,73,Retail,0,16,0,26,22962.74,5223.78,10047.42,9359.3,-0.00099,0.7069,0.1041,0.5654,0.1461,0,2026-06-15,0.06374093145132065,Low Risk,
CID01962,15,Retail,1,15,6,32,40386.25,3607.23,89890.42,69185.41,0.03,0.5437,0.252,0.6522,0.6945,0,2026-06-15,0.10031061619520187,Low Risk,
CID01963,123,HNI,10,17,4,26,3675156.5,203355.5,5514931.94,6125938.76,-0.00144,0.4546,0.0942,0.656,0.1532,0,2026-06-15,0.13362577557563782,Low Risk,
CID01964,47,Active Trader,41,205,5,60,20260.9,720.99,74379.37,82468.12,-0.03854,0.8067,0.1206,0.4774,0.7293,0,2026-06-15,0.06582752615213394,Low Risk,
CID01965,5,Retail,1,10,2,4,1730.32,270.17,6697.08,7359.46,0.00243,0.6283,0.1127,0.3231,0.2359,0,2026-06-15,0.24602361023426056,Low Risk,
CID01966,28,Retail,0,0,3,17,1660.35,147.68,6510.44,6003.88,-0.00927,0.3806,0.1846,0.0509,0.0239,1,2026-06-15,0.4408904016017914,Medium Risk,
CID01967,110,HNI,12,41,9,22,1098463.27,81753.99,2919562.81,2600306.06,-0.00116,0.7016,0.0775,0.217,0.1756,0,2026-06-15,0.13871365785598755,Low Risk,
CID01968,21,Retail,0,0,5,7,1583.26,48.44,28686.2,29077.63,-0.03842,0.3425,0.4387,0.3093,0.0648,1,2026-06-15,0.47889289259910583,Medium Risk,
CID01969,44,Active Trader,2,69,9,58,2526.77,699.21,7536.23,9130.28,0.02117,0.5663,0.0635,0.1417,0.1852,0,2026-06-15,0.12248548865318298,Low Risk,
CID01970,54,Active Trader,7,53,5,40,95652.84,18096.49,212545.39,193409.69,0.01503,0.5911,0.4595,0.4326,0.5427,0,2026-06-15,0.1251898854970932,Low Risk,
CID01971,26,Retail,7,10,7,17,2854.11,330.69,23452.55,20530.11,0.0447,0.6911,0.0896,0.1082,0.1139,0,2026-06-15,0.09508384764194489,Low Risk,
CID01972,94,HNI,26,29,5,21,27222.68,4851.63,303253.88,298266.65,-0.02589,0.198,0.1028,0.2785,0.2543,0,2026-06-15,0.2746952176094055,Low Risk,
CID01973,22,Retail,0,12,6,24,832.18,173.9,16640.16,13562.46,-0.01255,0.1705,0.0493,0.0372,0.1112,0,2026-06-15,0.6721231937408447,Medium Risk,
CID01974,22,Retail,5,7,2,26,21667.12,13219.32,17031.17,18136.92,-0.01765,0.5826,0.0741,0.2264,0.19,0,2026-06-15,0.08261197805404663,Low Risk,
CID01975,30,Retail,6,6,3,16,5232.2,3198.0,14854.62,13414.77,-0.04392,0.2924,0.2573,0.2508,0.0235,0,2026-06-15,0.2371852546930313,Low Risk,
CID01976,28,Active Trader,30,212,14,47,22383.14,5394.04,148388.99,116811.27,0.00598,0.6947,0.1212,0.2376,0.1321,0,2026-06-15,0.1632218360900879,Low Risk,
CID01977,84,HNI,18,35,4,12,90325.54,35621.81,734888.87,768450.85,0.00833,0.6026,0.0439,0.2424,0.0069,0,2026-06-15,0.1567874252796173,Low Risk,
CID01978,10,Active Trader,14,180,7,44,33002.63,12093.45,121177.96,112237.35,0.01144,0.6754,0.2198,0.005,0.0521,0,2026-06-15,0.2209155261516571,Low Risk,
CID01979,49,Retail,1,28,4,22,8268.38,2158.55,14702.07,16630.5,0.03222,0.5954,0.0306,0.3188,0.064,0,2026-06-15,0.07829803228378296,Low Risk,
CID01980,73,Retail,0,4,6,17,5500.41,1865.3,16475.18,14244.43,0.01038,0.2505,0.0746,0.574,0.8782,0,2026-06-15,0.20070871710777283,Low Risk,
CID01981,57,HNI,14,35,3,34,242614.42,78258.18,1010116.26,996074.62,-0.00759,0.1455,0.4413,0.5075,0.5567,0,2026-06-15,0.07077266275882721,Low Risk,
CID01982,31,Retail,0,23,1,10,3976.18,415.06,25642.03,18526.82,-0.01019,0.314,0.1815,0.4474,0.2371,0,2026-06-15,0.45018428564071655,Medium Risk,
CID01983,26,Active Trader,36,72,8,40,14102.34,8542.81,42289.27,50668.77,-0.01578,0.7681,0.2415,0.183,0.1716,0,2026-06-15,0.06103041395545006,Low Risk,
CID01984,39,Active Trader,23,155,9,50,2261.46,1545.15,22509.52,21888.19,-0.00815,0.3793,0.0887,0.0241,0.1293,0,2026-06-15,0.1617269665002823,Low Risk,
CID01985,81,Retail,3,27,5,22,8731.91,2633.73,112364.74,141904.83,0.02194,0.5954,0.1671,0.0295,0.0299,0,2026-06-15,0.2131749838590622,Low Risk,
CID01986,116,Retail,3,16,2,8,10637.67,2026.08,19928.1,17853.01,-0.02145,0.3088,0.035,0.6107,0.6102,0,2026-06-15,0.2756195664405823,Low Risk,
CID01987,65,Retail,7,7,10,23,46672.83,1970.14,42035.28,32618.94,-0.00876,0.5714,0.0155,0.3585,0.1365,0,2026-06-15,0.07393547147512436,Low Risk,
CID01988,10,Active Trader,21,214,21,81,184564.57,16217.52,154955.22,180660.7,0.00786,0.3671,0.0136,0.0108,0.0141,0,2026-06-15,0.3570546507835388,Low Risk,
CID01989,26,Active Trader,16,65,10,72,30780.54,11933.85,43730.76,40680.27,-0.00398,0.1892,0.8364,0.67,0.4851,0,2026-06-15,0.1909652203321457,Low Risk,
CID01990,38,Active Trader,47,119,29,54,48110.61,7752.56,382087.55,346969.2,-0.01057,0.5814,0.1696,0.5778,0.436,0,2026-06-15,0.15478399395942688,Low Risk,
CID01991,126,HNI,1,36,3,32,251983.1,58999.26,583665.88,560090.53,0.03219,0.6906,0.0778,0.0185,0.0921,0,2026-06-15,0.11683956533670425,Low Risk,
CID01992,69,HNI,4,29,17,36,429055.21,22295.64,620936.82,711413.66,0.03209,0.5664,0.1093,0.5423,0.4494,0,2026-06-15,0.06671176105737686,Low Risk,
CID01993,98,HNI,6,12,3,31,1091252.48,347623.65,3943857.35,4189527.81,-0.01801,0.1562,0.045,0.0627,0.1257,0,2026-06-15,0.18918943405151367,Low Risk,
CID01994,60,HNI,0,5,3,7,274220.99,74605.23,961888.14,785795.72,0.00932,0.7592,0.1414,0.0653,0.0176,0,2026-06-15,0.18931229412555695,Low Risk,
CID01995,79,HNI,5,5,4,28,1275207.39,495406.15,3297814.68,3214370.22,0.00955,0.564,0.1449,0.2674,0.2326,0,2026-06-15,0.04930773004889488,Low Risk,
CID01996,109,Retail,1,1,4,7,2330.28,1065.33,4807.59,6058.35,0.00916,0.4525,0.0176,0.0344,0.0328,0,2026-06-15,0.25554829835891724,Low Risk,
CID01997,61,Active Trader,36,89,12,42,12733.39,10206.45,77854.83,93063.56,0.0084,0.7849,0.463,0.5137,0.3359,0,2026-06-15,0.11642643064260483,Low Risk,
CID01998,103,Retail,2,2,6,9,652.84,73.53,3569.87,3586.99,0.00627,0.7462,0.1027,0.1045,0.1995,0,2026-06-15,0.13849155604839325,Low Risk,
CID01999,92,Active Trader,28,95,13,47,21920.13,4514.74,58794.36,40242.67,-0.00659,0.3798,0.5106,0.6346,0.6806,0,2026-06-15,0.24871990084648132,Low Risk,
CID02000,52,Active Trader,52,107,19,46,165749.53,6433.53,365626.25,277955.75,-0.00947,0.4403,0.0204,0.381,0.346,0,2026-06-15,0.09299220144748688,Low Risk,
